const picosystem::color_t spritesheet_data[75264] = {
0xeff7, 0xeff7, 0xeff7, 0xeff7, 0xeff7, 0xeff7, 0xeff7, 0xeff7, 
0xeff7, 0xeff7, 0xeff7, 0xeff7, 0xeff7, 0xeff7, 0xeff7, 0xeff7, 
0xeff7, 0xeff7, 0xeff7, 0xeff7, 0xeff7, 0xeff7, 0xeff7, 0xeff7, 
0xeff7, 0xeff7, 0xeff7, 0xeff7, 0xeff7, 0xeff7, 0xeff7, 0xeff7, 
0xeff7, 0xeff7, 0xeff7, 0xeff7, 0xeff7, 0xeff7, 0xeff7, 0xeff7, 
0xeff7, 0xeff7, 0xeff7, 0xeff7, 0xeff7, 0xeff7, 0xeff7, 0xeff7, 
0xeff7, 0xeff7, 0xeff7, 0xeff7, 0xeff7, 0xeff7, 0xeff7, 0xeff7, 
0xfaf8, 0xfaf8, 0xfaf8, 0xfaf8, 0xfaf8, 0xfaf8, 0xfaf8, 0xfaf8, 
0xfaf8, 0xfaf8, 0xfaf8, 0xfaf8, 0xfaf8, 0xfaf8, 0xfaf8, 0xfaf8, 
0xfaf8, 0xfaf8, 0xfaf8, 0xfaf8, 0xfaf8, 0xfaf8, 0xfaf8, 0xfaf8, 
0xfaf8, 0xfaf8, 0xfaf8, 0xfaf8, 0xfaf8, 0xfaf8, 0xfaf8, 0xfaf8, 
0xfaf8, 0xfaf8, 0xfaf8, 0xfaf8, 0xfaf8, 0xfaf8, 0xfaf8, 0xfaf8, 
0xfaf8, 0xfaf8, 0xfaf8, 0xfaf8, 0xfaf8, 0xfaf8, 0xfaf8, 0xfaf8, 
0xfaf8, 0xfaf8, 0xfaf8, 0xfaf8, 0xfaf8, 0xfaf8, 0xfaf8, 0xfaf8, 
0xf5f8, 0xf5f8, 0xf5f8, 0xf5f8, 0xf5f8, 0xf5f8, 0xf5f8, 0xf5f8, 
0xf5f8, 0xf5f8, 0xf5f8, 0xf5f8, 0xf5f8, 0xf5f8, 0xf5f8, 0xf5f8, 
0xf5f8, 0xf5f8, 0xf5f8, 0xf5f8, 0xf5f8, 0xf5f8, 0xf5f8, 0xf5f8, 
0xf5f8, 0xf5f8, 0xf5f8, 0xf5f8, 0xf5f8, 0xf5f8, 0xf5f8, 0xf5f8, 
0xf5f8, 0xf5f8, 0xf5f8, 0xf5f8, 0xf5f8, 0xf5f8, 0xf5f8, 0xf5f8, 
0xf5f8, 0xf5f8, 0xf5f8, 0xf5f8, 0xf5f8, 0xf5f8, 0xf5f8, 0xf5f8, 
0xf5f8, 0xf5f8, 0xf5f8, 0xf5f8, 0xf5f8, 0xf5f8, 0xf5f8, 0xf5f8, 
0xf0fa, 0xf0fa, 0xf0fa, 0xf0fa, 0xf0fa, 0xf0fa, 0xf0fa, 0xf0fa, 
0xf0fa, 0xf0fa, 0xf0fa, 0xf0fa, 0xf0fa, 0xf0fa, 0xf0fa, 0xf0fa, 
0xf0fa, 0xf0fa, 0xf0fa, 0xf0fa, 0xf0fa, 0xf0fa, 0xf0fa, 0xf0fa, 
0xf0fa, 0xf0fa, 0xf0fa, 0xf0fa, 0xf0fa, 0xf0fa, 0xf0fa, 0xf0fa, 
0xf0fa, 0xf0fa, 0xf0fa, 0xf0fa, 0xf0fa, 0xf0fa, 0xf0fa, 0xf0fa, 
0xf0fa, 0xf0fa, 0xf0fa, 0xf0fa, 0xf0fa, 0xf0fa, 0xf0fa, 0xf0fa, 
0xf0fa, 0xf0fa, 0xf0fa, 0xf0fa, 0xf0fa, 0xf0fa, 0xf0fa, 0xf0fa, 
0xeff7, 0xeff7, 0xeff7, 0xeff7, 0xeff7, 0xeff7, 0xeff7, 0xeff7, 
0xeff7, 0xeff7, 0xeff7, 0xeff7, 0xeff7, 0xeff7, 0xeff7, 0xeff7, 
0xeff7, 0xeff7, 0xeff7, 0xeff7, 0xeff7, 0xeff7, 0xeff7, 0xeff7, 
0xeff7, 0xeff7, 0xeff7, 0xeff7, 0xeff7, 0xeff7, 0xeff7, 0xeff7, 
0xeff7, 0xeff7, 0xeff7, 0xeff7, 0xeff7, 0xeff7, 0xeff7, 0xeff7, 
0xeff7, 0xeff7, 0xeff7, 0xeff7, 0xeff7, 0xeff7, 0xeff7, 0xeff7, 
0xeff7, 0xeff7, 0xeff7, 0xeff7, 0xeff7, 0xeff7, 0xeff7, 0xeff7, 
0xfaf8, 0xfaf8, 0xfaf8, 0xfaf8, 0xfaf8, 0xfaf8, 0xfaf8, 0xfaf8, 
0xfaf8, 0xfaf8, 0xfaf8, 0xfaf8, 0xfaf8, 0xfaf8, 0xfaf8, 0xfaf8, 
0xfaf8, 0xfaf8, 0xfaf8, 0xfaf8, 0xfaf8, 0xfaf8, 0xfaf8, 0xfaf8, 
0xfaf8, 0xfaf8, 0xfaf8, 0xfaf8, 0xfaf8, 0xfaf8, 0xfaf8, 0xfaf8, 
0xfaf8, 0xfaf8, 0xfaf8, 0xfaf8, 0xfaf8, 0xfaf8, 0xfaf8, 0xfaf8, 
0xfaf8, 0xfaf8, 0xfaf8, 0xfaf8, 0xfaf8, 0xfaf8, 0xfaf8, 0xfaf8, 
0xfaf8, 0xfaf8, 0xfaf8, 0xfaf8, 0xfaf8, 0xfaf8, 0xfaf8, 0xfaf8, 
0xf5f8, 0xf5f8, 0xf5f8, 0xf5f8, 0xf5f8, 0xf5f8, 0xf5f8, 0xf5f8, 
0xf5f8, 0xf5f8, 0xf5f8, 0xf5f8, 0xf5f8, 0xf5f8, 0xf5f8, 0xf5f8, 
0xf5f8, 0xf5f8, 0xf5f8, 0xf5f8, 0xf5f8, 0xf5f8, 0xf5f8, 0xf5f8, 
0xf5f8, 0xf5f8, 0xf5f8, 0xf5f8, 0xf5f8, 0xf5f8, 0xf5f8, 0xf5f8, 
0xf5f8, 0xf5f8, 0xf5f8, 0xf5f8, 0xf5f8, 0xf5f8, 0xf5f8, 0xf5f8, 
0xf5f8, 0xf5f8, 0xf5f8, 0xf5f8, 0xf5f8, 0xf5f8, 0xf5f8, 0xf5f8, 
0xf5f8, 0xf5f8, 0xf5f8, 0xf5f8, 0xf5f8, 0xf5f8, 0xf5f8, 0xf5f8, 
0xf0fa, 0xf0fa, 0xf0fa, 0xf0fa, 0xf0fa, 0xf0fa, 0xf0fa, 0xf0fa, 
0xf0fa, 0xf0fa, 0xf0fa, 0xf0fa, 0xf0fa, 0xf0fa, 0xf0fa, 0xf0fa, 
0xf0fa, 0xf0fa, 0xf0fa, 0xf0fa, 0xf0fa, 0xf0fa, 0xf0fa, 0xf0fa, 
0xf0fa, 0xf0fa, 0xf0fa, 0xf0fa, 0xf0fa, 0xf0fa, 0xf0fa, 0xf0fa, 
0xf0fa, 0xf0fa, 0xf0fa, 0xf0fa, 0xf0fa, 0xf0fa, 0xf0fa, 0xf0fa, 
0xf0fa, 0xf0fa, 0xf0fa, 0xf0fa, 0xf0fa, 0xf0fa, 0xf0fa, 0xf0fa, 
0xf0fa, 0xf0fa, 0xf0fa, 0xf0fa, 0xf0fa, 0xf0fa, 0xf0fa, 0xf0fa, 
0xeff7, 0xeff7, 0xeff7, 0xeff7, 0xeff7, 0xeff7, 0xeff7, 0xeff7, 
0xeff7, 0xeff7, 0xeff7, 0xeff7, 0xeff7, 0xeff7, 0xeff7, 0xeff7, 
0xeff7, 0xeff7, 0xeff7, 0xeff7, 0xeff7, 0xeff7, 0xeff7, 0xeff7, 
0xeff7, 0xeff7, 0xeff7, 0xeff7, 0xeff7, 0xeff7, 0xeff7, 0xeff7, 
0xeff7, 0xeff7, 0xeff7, 0xeff7, 0xeff7, 0xeff7, 0xeff7, 0xeff7, 
0xeff7, 0xeff7, 0xeff7, 0xeff7, 0xeff7, 0xeff7, 0xeff7, 0xeff7, 
0xeff7, 0xeff7, 0xeff7, 0xeff7, 0xeff7, 0xeff7, 0xeff7, 0xeff7, 
0xfaf8, 0xfaf8, 0xfaf8, 0xfaf8, 0xfaf8, 0xfaf8, 0xfaf8, 0xfaf8, 
0xfaf8, 0xfaf8, 0xfaf8, 0xfaf8, 0xfaf8, 0xfaf8, 0xfaf8, 0xfaf8, 
0xfaf8, 0xfaf8, 0xfaf8, 0xfaf8, 0xfaf8, 0xfaf8, 0xfaf8, 0xfaf8, 
0xfaf8, 0xfaf8, 0xfaf8, 0xfaf8, 0xfaf8, 0xfaf8, 0xfaf8, 0xfaf8, 
0xfaf8, 0xfaf8, 0xfaf8, 0xfaf8, 0xfaf8, 0xfaf8, 0xfaf8, 0xfaf8, 
0xfaf8, 0xfaf8, 0xfaf8, 0xfaf8, 0xfaf8, 0xfaf8, 0xfaf8, 0xfaf8, 
0xfaf8, 0xfaf8, 0xfaf8, 0xfaf8, 0xfaf8, 0xfaf8, 0xfaf8, 0xfaf8, 
0xf5f8, 0xf5f8, 0xf5f8, 0xf5f8, 0xf5f8, 0xf5f8, 0xf5f8, 0xf5f8, 
0xf5f8, 0xf5f8, 0xf5f8, 0xf5f8, 0xf5f8, 0xf5f8, 0xf5f8, 0xf5f8, 
0xf5f8, 0xf5f8, 0xf5f8, 0xf5f8, 0xf5f8, 0xf5f8, 0xf5f8, 0xf5f8, 
0xf5f8, 0xf5f8, 0xf5f8, 0xf5f8, 0xf5f8, 0xf5f8, 0xf5f8, 0xf5f8, 
0xf5f8, 0xf5f8, 0xf5f8, 0xf5f8, 0xf5f8, 0xf5f8, 0xf5f8, 0xf5f8, 
0xf5f8, 0xf5f8, 0xf5f8, 0xf5f8, 0xf5f8, 0xf5f8, 0xf5f8, 0xf5f8, 
0xf5f8, 0xf5f8, 0xf5f8, 0xf5f8, 0xf5f8, 0xf5f8, 0xf5f8, 0xf5f8, 
0xf0fa, 0xf0fa, 0xf0fa, 0xf0fa, 0xf0fa, 0xf0fa, 0xf0fa, 0xf0fa, 
0xf0fa, 0xf0fa, 0xf0fa, 0xf0fa, 0xf0fa, 0xf0fa, 0xf0fa, 0xf0fa, 
0xf0fa, 0xf0fa, 0xf0fa, 0xf0fa, 0xf0fa, 0xf0fa, 0xf0fa, 0xf0fa, 
0xf0fa, 0xf0fa, 0xf0fa, 0xf0fa, 0xf0fa, 0xf0fa, 0xf0fa, 0xf0fa, 
0xf0fa, 0xf0fa, 0xf0fa, 0xf0fa, 0xf0fa, 0xf0fa, 0xf0fa, 0xf0fa, 
0xf0fa, 0xf0fa, 0xf0fa, 0xf0fa, 0xf0fa, 0xf0fa, 0xf0fa, 0xf0fa, 
0xf0fa, 0xf0fa, 0xf0fa, 0xf0fa, 0xf0fa, 0xf0fa, 0xf0fa, 0xf0fa, 
0xeff7, 0xeff7, 0xeff7, 0xeff7, 0xeff7, 0xeff7, 0xeff7, 0xeff7, 
0xeff7, 0xeff7, 0xeff7, 0xeff7, 0xeff7, 0xeff7, 0xeff7, 0xeff7, 
0xeff7, 0xeff7, 0xeff7, 0xeff7, 0xeff7, 0xeff7, 0xeff7, 0xeff7, 
0xeff7, 0xeff7, 0xeff7, 0xeff7, 0xeff7, 0xeff7, 0xeff7, 0xeff7, 
0xeff7, 0xeff7, 0xeff7, 0xeff7, 0xeff7, 0xeff7, 0xeff7, 0xeff7, 
0xeff7, 0xeff7, 0xeff7, 0xeff7, 0xeff7, 0xeff7, 0xeff7, 0xeff7, 
0xeff7, 0xeff7, 0xeff7, 0xeff7, 0xeff7, 0xeff7, 0xeff7, 0xeff7, 
0xfaf8, 0xfaf8, 0xfaf8, 0xfaf8, 0xfaf8, 0xfaf8, 0xfaf8, 0xfaf8, 
0xfaf8, 0xfaf8, 0xfaf8, 0xfaf8, 0xfaf8, 0xfaf8, 0xfaf8, 0xfaf8, 
0xfaf8, 0xfaf8, 0xfaf8, 0xfaf8, 0xfaf8, 0xfaf8, 0xfaf8, 0xfaf8, 
0xfaf8, 0xfaf8, 0xfaf8, 0xfaf8, 0xfaf8, 0xfaf8, 0xfaf8, 0xfaf8, 
0xfaf8, 0xfaf8, 0xfaf8, 0xfaf8, 0xfaf8, 0xfaf8, 0xfaf8, 0xfaf8, 
0xfaf8, 0xfaf8, 0xfaf8, 0xfaf8, 0xfaf8, 0xfaf8, 0xfaf8, 0xfaf8, 
0xfaf8, 0xfaf8, 0xfaf8, 0xfaf8, 0xfaf8, 0xfaf8, 0xfaf8, 0xfaf8, 
0xf5f8, 0xf5f8, 0xf5f8, 0xf5f8, 0xf5f8, 0xf5f8, 0xf5f8, 0xf5f8, 
0xf5f8, 0xf5f8, 0xf5f8, 0xf5f8, 0xf5f8, 0xf5f8, 0xf5f8, 0xf5f8, 
0xf5f8, 0xf5f8, 0xf5f8, 0xf5f8, 0xf5f8, 0xf5f8, 0xf5f8, 0xf5f8, 
0xf5f8, 0xf5f8, 0xf5f8, 0xf5f8, 0xf5f8, 0xf5f8, 0xf5f8, 0xf5f8, 
0xf5f8, 0xf5f8, 0xf5f8, 0xf5f8, 0xf5f8, 0xf5f8, 0xf5f8, 0xf5f8, 
0xf5f8, 0xf5f8, 0xf5f8, 0xf5f8, 0xf5f8, 0xf5f8, 0xf5f8, 0xf5f8, 
0xf5f8, 0xf5f8, 0xf5f8, 0xf5f8, 0xf5f8, 0xf5f8, 0xf5f8, 0xf5f8, 
0xf0fa, 0xf0fa, 0xf0fa, 0xf0fa, 0xf0fa, 0xf0fa, 0xf0fa, 0xf0fa, 
0xf0fa, 0xf0fa, 0xf0fa, 0xf0fa, 0xf0fa, 0xf0fa, 0xf0fa, 0xf0fa, 
0xf0fa, 0xf0fa, 0xf0fa, 0xf0fa, 0xf0fa, 0xf0fa, 0xf0fa, 0xf0fa, 
0xf0fa, 0xf0fa, 0xf0fa, 0xf0fa, 0xf0fa, 0xf0fa, 0xf0fa, 0xf0fa, 
0xf0fa, 0xf0fa, 0xf0fa, 0xf0fa, 0xf0fa, 0xf0fa, 0xf0fa, 0xf0fa, 
0xf0fa, 0xf0fa, 0xf0fa, 0xf0fa, 0xf0fa, 0xf0fa, 0xf0fa, 0xf0fa, 
0xf0fa, 0xf0fa, 0xf0fa, 0xf0fa, 0xf0fa, 0xf0fa, 0xf0fa, 0xf0fa, 
0xeff7, 0xeff7, 0xeff7, 0xeff7, 0xeff7, 0xeff7, 0xeff7, 0xeff7, 
0xeff7, 0xeff7, 0xeff7, 0xeff7, 0xeff7, 0xeff7, 0xeff7, 0xeff7, 
0xeff7, 0xeff7, 0xeff7, 0xeff7, 0xeff7, 0xeff7, 0xeff7, 0xeff7, 
0xeff7, 0xeff7, 0xeff7, 0xeff7, 0xeff7, 0xeff7, 0xeff7, 0xeff7, 
0xeff7, 0xeff7, 0xeff7, 0xeff7, 0xeff7, 0xeff7, 0xeff7, 0xeff7, 
0xeff7, 0xeff7, 0xeff7, 0xeff7, 0xeff7, 0xeff7, 0xeff7, 0xeff7, 
0xeff7, 0xeff7, 0xeff7, 0xeff7, 0xeff7, 0xeff7, 0xeff7, 0xeff7, 
0xfaf8, 0xfaf8, 0xfaf8, 0xfaf8, 0xfaf8, 0xfaf8, 0xfaf8, 0xfaf8, 
0xfaf8, 0xfaf8, 0xfaf8, 0xfaf8, 0xfaf8, 0xfaf8, 0xfaf8, 0xfaf8, 
0xfaf8, 0xfaf8, 0xfaf8, 0xfaf8, 0xfaf8, 0xfaf8, 0xfaf8, 0xfaf8, 
0xfaf8, 0xfaf8, 0xfaf8, 0xfaf8, 0xfaf8, 0xfaf8, 0xfaf8, 0xfaf8, 
0xfaf8, 0xfaf8, 0xfaf8, 0xfaf8, 0xfaf8, 0xfaf8, 0xfaf8, 0xfaf8, 
0xfaf8, 0xfaf8, 0xfaf8, 0xfaf8, 0xfaf8, 0xfaf8, 0xfaf8, 0xfaf8, 
0xfaf8, 0xfaf8, 0xfaf8, 0xfaf8, 0xfaf8, 0xfaf8, 0xfaf8, 0xfaf8, 
0xf5f8, 0xf5f8, 0xf5f8, 0xf5f8, 0xf5f8, 0xf5f8, 0xf5f8, 0xf5f8, 
0xf5f8, 0xf5f8, 0xf5f8, 0xf5f8, 0xf5f8, 0xf5f8, 0xf5f8, 0xf5f8, 
0xf5f8, 0xf5f8, 0xf5f8, 0xf5f8, 0xf5f8, 0xf5f8, 0xf5f8, 0xf5f8, 
0xf5f8, 0xf5f8, 0xf5f8, 0xf5f8, 0xf5f8, 0xf5f8, 0xf5f8, 0xf5f8, 
0xf5f8, 0xf5f8, 0xf5f8, 0xf5f8, 0xf5f8, 0xf5f8, 0xf5f8, 0xf5f8, 
0xf5f8, 0xf5f8, 0xf5f8, 0xf5f8, 0xf5f8, 0xf5f8, 0xf5f8, 0xf5f8, 
0xf5f8, 0xf5f8, 0xf5f8, 0xf5f8, 0xf5f8, 0xf5f8, 0xf5f8, 0xf5f8, 
0xf0fa, 0xf0fa, 0xf0fa, 0xf0fa, 0xf0fa, 0xf0fa, 0xf0fa, 0xf0fa, 
0xf0fa, 0xf0fa, 0xf0fa, 0xf0fa, 0xf0fa, 0xf0fa, 0xf0fa, 0xf0fa, 
0xf0fa, 0xf0fa, 0xf0fa, 0xf0fa, 0xf0fa, 0xf0fa, 0xf0fa, 0xf0fa, 
0xf0fa, 0xf0fa, 0xf0fa, 0xf0fa, 0xf0fa, 0xf0fa, 0xf0fa, 0xf0fa, 
0xf0fa, 0xf0fa, 0xf0fa, 0xf0fa, 0xf0fa, 0xf0fa, 0xf0fa, 0xf0fa, 
0xf0fa, 0xf0fa, 0xf0fa, 0xf0fa, 0xf0fa, 0xf0fa, 0xf0fa, 0xf0fa, 
0xf0fa, 0xf0fa, 0xf0fa, 0xf0fa, 0xf0fa, 0xf0fa, 0xf0fa, 0xf0fa, 
0xeff7, 0xeff7, 0xeff7, 0xeff7, 0xeff7, 0xeff7, 0xeff7, 0xeff7, 
0xeff7, 0xeff7, 0xeff7, 0xeff7, 0xeff7, 0xeff7, 0xeff7, 0xeff7, 
0xeff7, 0xeff7, 0xeff7, 0xeff7, 0xeff7, 0xeff7, 0xeff7, 0xeff7, 
0xeff7, 0xeff7, 0xeff7, 0xeff7, 0xeff7, 0xeff7, 0xeff7, 0xeff7, 
0xeff7, 0xeff7, 0xeff7, 0xeff7, 0xeff7, 0xeff7, 0xeff7, 0xeff7, 
0xeff7, 0xeff7, 0xeff7, 0xeff7, 0xeff7, 0xeff7, 0xeff7, 0xeff7, 
0xeff7, 0xeff7, 0xeff7, 0xeff7, 0xeff7, 0xeff7, 0xeff7, 0xeff7, 
0xfaf8, 0xfaf8, 0xfaf8, 0xfaf8, 0xfaf8, 0xfaf8, 0xfaf8, 0xfaf8, 
0xfaf8, 0xfaf8, 0xfaf8, 0xfaf8, 0xfaf8, 0xfaf8, 0xfaf8, 0xfaf8, 
0xfaf8, 0xfaf8, 0xfaf8, 0xfaf8, 0xfaf8, 0xfaf8, 0xfaf8, 0xfaf8, 
0xfaf8, 0xfaf8, 0xfaf8, 0xfaf8, 0xfaf8, 0xfaf8, 0xfaf8, 0xfaf8, 
0xfaf8, 0xfaf8, 0xfaf8, 0xfaf8, 0xfaf8, 0xfaf8, 0xfaf8, 0xfaf8, 
0xfaf8, 0xfaf8, 0xfaf8, 0xfaf8, 0xfaf8, 0xfaf8, 0xfaf8, 0xfaf8, 
0xfaf8, 0xfaf8, 0xfaf8, 0xfaf8, 0xfaf8, 0xfaf8, 0xfaf8, 0xfaf8, 
0xf5f8, 0xf5f8, 0xf5f8, 0xf5f8, 0xf5f8, 0xf5f8, 0xf5f8, 0xf5f8, 
0xf5f8, 0xf5f8, 0xf5f8, 0xf5f8, 0xf5f8, 0xf5f8, 0xf5f8, 0xf5f8, 
0xf5f8, 0xf5f8, 0xf5f8, 0xf5f8, 0xf5f8, 0xf5f8, 0xf5f8, 0xf5f8, 
0xf5f8, 0xf5f8, 0xf5f8, 0xf5f8, 0xf5f8, 0xf5f8, 0xf5f8, 0xf5f8, 
0xf5f8, 0xf5f8, 0xf5f8, 0xf5f8, 0xf5f8, 0xf5f8, 0xf5f8, 0xf5f8, 
0xf5f8, 0xf5f8, 0xf5f8, 0xf5f8, 0xf5f8, 0xf5f8, 0xf5f8, 0xf5f8, 
0xf5f8, 0xf5f8, 0xf5f8, 0xf5f8, 0xf5f8, 0xf5f8, 0xf5f8, 0xf5f8, 
0xf0fa, 0xf0fa, 0xf0fa, 0xf0fa, 0xf0fa, 0xf0fa, 0xf0fa, 0xf0fa, 
0xf0fa, 0xf0fa, 0xf0fa, 0xf0fa, 0xf0fa, 0xf0fa, 0xf0fa, 0xf0fa, 
0xf0fa, 0xf0fa, 0xf0fa, 0xf0fa, 0xf0fa, 0xf0fa, 0xf0fa, 0xf0fa, 
0xf0fa, 0xf0fa, 0xf0fa, 0xf0fa, 0xf0fa, 0xf0fa, 0xf0fa, 0xf0fa, 
0xf0fa, 0xf0fa, 0xf0fa, 0xf0fa, 0xf0fa, 0xf0fa, 0xf0fa, 0xf0fa, 
0xf0fa, 0xf0fa, 0xf0fa, 0xf0fa, 0xf0fa, 0xf0fa, 0xf0fa, 0xf0fa, 
0xf0fa, 0xf0fa, 0xf0fa, 0xf0fa, 0xf0fa, 0xf0fa, 0xf0fa, 0xf0fa, 
0xeff7, 0xeff7, 0xeff7, 0xeff7, 0xeff7, 0xeff7, 0xeff7, 0xeff7, 
0xeff7, 0xeff7, 0xeff7, 0xeff7, 0xeff7, 0xeff7, 0xeff7, 0xeff7, 
0xeff7, 0xeff7, 0xeff7, 0xeff7, 0xeff7, 0xeff7, 0xeff7, 0xeff7, 
0xeff7, 0xeff7, 0xeff7, 0xeff7, 0xeff7, 0xeff7, 0xeff7, 0xeff7, 
0xeff7, 0xeff7, 0xeff7, 0xeff7, 0xeff7, 0xeff7, 0xeff7, 0xeff7, 
0xeff7, 0xeff7, 0xeff7, 0xeff7, 0xeff7, 0xeff7, 0xeff7, 0xeff7, 
0xeff7, 0xeff7, 0xeff7, 0xeff7, 0xeff7, 0xeff7, 0xeff7, 0xeff7, 
0xfaf8, 0xfaf8, 0xfaf8, 0xfaf8, 0xfaf8, 0xfaf8, 0xfaf8, 0xfaf8, 
0xfaf8, 0xfaf8, 0xfaf8, 0xfaf8, 0xfaf8, 0xfaf8, 0xfaf8, 0xfaf8, 
0xfaf8, 0xfaf8, 0xfaf8, 0xfaf8, 0xfaf8, 0xfaf8, 0xfaf8, 0xfaf8, 
0xfaf8, 0xfaf8, 0xfaf8, 0xfaf8, 0xfaf8, 0xfaf8, 0xfaf8, 0xfaf8, 
0xfaf8, 0xfaf8, 0xfaf8, 0xfaf8, 0xfaf8, 0xfaf8, 0xfaf8, 0xfaf8, 
0xfaf8, 0xfaf8, 0xfaf8, 0xfaf8, 0xfaf8, 0xfaf8, 0xfaf8, 0xfaf8, 
0xfaf8, 0xfaf8, 0xfaf8, 0xfaf8, 0xfaf8, 0xfaf8, 0xfaf8, 0xfaf8, 
0xf5f8, 0xf5f8, 0xf5f8, 0xf5f8, 0xf5f8, 0xf5f8, 0xf5f8, 0xf5f8, 
0xf5f8, 0xf5f8, 0xf5f8, 0xf5f8, 0xf5f8, 0xf5f8, 0xf5f8, 0xf5f8, 
0xf5f8, 0xf5f8, 0xf5f8, 0xf5f8, 0xf5f8, 0xf5f8, 0xf5f8, 0xf5f8, 
0xf5f8, 0xf5f8, 0xf5f8, 0xf5f8, 0xf5f8, 0xf5f8, 0xf5f8, 0xf5f8, 
0xf5f8, 0xf5f8, 0xf5f8, 0xf5f8, 0xf5f8, 0xf5f8, 0xf5f8, 0xf5f8, 
0xf5f8, 0xf5f8, 0xf5f8, 0xf5f8, 0xf5f8, 0xf5f8, 0xf5f8, 0xf5f8, 
0xf5f8, 0xf5f8, 0xf5f8, 0xf5f8, 0xf5f8, 0xf5f8, 0xf5f8, 0xf5f8, 
0xf0fa, 0xf0fa, 0xf0fa, 0xf0fa, 0xf0fa, 0xf0fa, 0xf0fa, 0xf0fa, 
0xf0fa, 0xf0fa, 0xf0fa, 0xf0fa, 0xf0fa, 0xf0fa, 0xf0fa, 0xf0fa, 
0xf0fa, 0xf0fa, 0xf0fa, 0xf0fa, 0xf0fa, 0xf0fa, 0xf0fa, 0xf0fa, 
0xf0fa, 0xf0fa, 0xf0fa, 0xf0fa, 0xf0fa, 0xf0fa, 0xf0fa, 0xf0fa, 
0xf0fa, 0xf0fa, 0xf0fa, 0xf0fa, 0xf0fa, 0xf0fa, 0xf0fa, 0xf0fa, 
0xf0fa, 0xf0fa, 0xf0fa, 0xf0fa, 0xf0fa, 0xf0fa, 0xf0fa, 0xf0fa, 
0xf0fa, 0xf0fa, 0xf0fa, 0xf0fa, 0xf0fa, 0xf0fa, 0xf0fa, 0xf0fa, 
0xeff7, 0xeff7, 0xeff7, 0xeff7, 0xeff7, 0xeff7, 0xeff7, 0xeff7, 
0xeff7, 0xeff7, 0xeff7, 0xeff7, 0xeff7, 0xeff7, 0xeff7, 0xeff7, 
0xeff7, 0xeff7, 0xeff7, 0xeff7, 0xeff7, 0xeff7, 0xbbf6, 0x77f4, 
0x55f3, 0x33f3, 0x22f2, 0x22f2, 0x22f2, 0x22f2, 0x33f3, 0x55f3, 
0x77f4, 0xabf5, 0xdef7, 0xeff7, 0xeff7, 0xeff7, 0xeff7, 0xeff7, 
0xeff7, 0xeff7, 0xeff7, 0xeff7, 0xeff7, 0xeff7, 0xeff7, 0xeff7, 
0xeff7, 0xeff7, 0xeff7, 0xeff7, 0xeff7, 0xeff7, 0xeff7, 0xeff7, 
0xfaf8, 0xfaf8, 0xfaf8, 0xfaf8, 0xfaf8, 0xfaf8, 0xfaf8, 0xfaf8, 
0xfaf8, 0xfaf8, 0xfaf8, 0xfaf8, 0xfaf8, 0xfaf8, 0xfaf8, 0xfaf8, 
0xfaf8, 0xfaf8, 0xfaf8, 0xfaf8, 0xfaf8, 0xfaf8, 0xfaf8, 0xfaf8, 
0xfaf8, 0xfaf8, 0xfaf8, 0xfaf8, 0xd9f7, 0x64f4, 0x32f3, 0x22f2, 
0x22f2, 0x22f2, 0x22f2, 0x22f2, 0x32f3, 0x75f5, 0xeaf8, 0xfaf8, 
0xfaf8, 0xfaf8, 0xfaf8, 0xfaf8, 0xfaf8, 0xfaf8, 0xfaf8, 0xfaf8, 
0xfaf8, 0xfaf8, 0xfaf8, 0xfaf8, 0xfaf8, 0xfaf8, 0xfaf8, 0xfaf8, 
0xf5f8, 0xf5f8, 0xf5f8, 0xf5f8, 0xf5f8, 0xf5f8, 0xf5f8, 0xf5f8, 
0xf5f8, 0xf5f8, 0xf5f8, 0xf5f8, 0xf5f8, 0xf5f8, 0xf5f8, 0xf5f8, 
0xf5f8, 0xf5f8, 0xf5f8, 0xf5f8, 0xf5f8, 0xd4f7, 0x94f5, 0x63f4, 
0x42f3, 0x22f2, 0x22f2, 0x22f2, 0x22f2, 0x22f2, 0x42f3, 0x63f4, 
0x94f5, 0xd4f7, 0xf5f8, 0xf5f8, 0xf5f8, 0xf5f8, 0xf5f8, 0xf5f8, 
0xf5f8, 0xf5f8, 0xf5f8, 0xf5f8, 0xf5f8, 0xf5f8, 0xf5f8, 0xf5f8, 
0xf5f8, 0xf5f8, 0xf5f8, 0xf5f8, 0xf5f8, 0xf5f8, 0xf5f8, 0xf5f8, 
0xf0fa, 0xf0fa, 0xf0fa, 0xf0fa, 0xf0fa, 0xf0fa, 0xf0fa, 0xf0fa, 
0xf0fa, 0xf0fa, 0xf0fa, 0xf0fa, 0xf0fa, 0xf0fa, 0xf0fa, 0xf0fa, 
0xf0fa, 0xf0fa, 0xf0fa, 0xf0fa, 0xf0fa, 0xf0fa, 0xf0fa, 0xf0fa, 
0xf0fa, 0xf0fa, 0xf0fa, 0xf0fa, 0xf0fa, 0xf0fa, 0xf0fa, 0xf0fa, 
0xf0fa, 0xf0fa, 0xf0fa, 0xf0fa, 0xf0fa, 0xf0fa, 0xf0fa, 0xf0fa, 
0xf0fa, 0xf0fa, 0xf0fa, 0xf0fa, 0xf0fa, 0xf0fa, 0xf0fa, 0xf0fa, 
0xf0fa, 0xf0fa, 0xf0fa, 0xf0fa, 0xf0fa, 0xf0fa, 0xf0fa, 0xf0fa, 
0xeff7, 0xeff7, 0xeff7, 0xeff7, 0xeff7, 0xeff7, 0xeff7, 0xeff7, 
0xeff7, 0xeff7, 0xeff7, 0xeff7, 0xeff7, 0xeff7, 0xeff7, 0xeff7, 
0xeff7, 0xeff7, 0xeff7, 0xdef7, 0x99f5, 0x45f3, 0x22f2, 0x22f2, 
0x22f2, 0x22f2, 0x22f2, 0x22f2, 0x22f2, 0x22f2, 0x22f2, 0x22f2, 
0x22f2, 0x22f2, 0x44f3, 0x88f4, 0xddf6, 0xeff7, 0xeff7, 0xeff7, 
0xeff7, 0xeff7, 0xeff7, 0xeff7, 0xeff7, 0xeff7, 0xeff7, 0xeff7, 
0xeff7, 0xeff7, 0xeff7, 0xeff7, 0xeff7, 0xeff7, 0xeff7, 0xeff7, 
0xfaf8, 0xfaf8, 0xfaf8, 0xfaf8, 0xfaf8, 0xfaf8, 0xfaf8, 0xfaf8, 
0xfaf8, 0xfaf8, 0xfaf8, 0xfaf8, 0xfaf8, 0xfaf8, 0xfaf8, 0xfaf8, 
0xfaf8, 0xfaf8, 0xfaf8, 0xfaf8, 0xfaf8, 0xfaf8, 0xfaf8, 0xfaf8, 
0xfaf8, 0xfaf8, 0xfaf8, 0xd9f7, 0x43f3, 0x22f2, 0x22f2, 0x22f2, 
0x22f2, 0x22f2, 0x22f2, 0x22f2, 0x22f2, 0x22f2, 0x96f5, 0xfaf8, 
0xfaf8, 0xfaf8, 0xfaf8, 0xfaf8, 0xfaf8, 0xfaf8, 0xfaf8, 0xfaf8, 
0xfaf8, 0xfaf8, 0xfaf8, 0xfaf8, 0xfaf8, 0xfaf8, 0xfaf8, 0xfaf8, 
0xf5f8, 0xf5f8, 0xf5f8, 0xf5f8, 0xf5f8, 0xf5f8, 0xf5f8, 0xf5f8, 
0xf5f8, 0xf5f8, 0xf5f8, 0xf5f8, 0xf5f8, 0xf5f8, 0xf5f8, 0xf5f8, 
0xf5f8, 0xf5f8, 0xf5f8, 0xc4f7, 0x63f4, 0x32f3, 0x22f2, 0x22f2, 
0x22f2, 0x22f2, 0x22f2, 0x22f2, 0x22f2, 0x22f2, 0x22f2, 0x22f2, 
0x22f2, 0x32f3, 0x63f4, 0xc4f7, 0xf5f8, 0xf5f8, 0xf5f8, 0xf5f8, 
0xf5f8, 0xf5f8, 0xf5f8, 0xf5f8, 0xf5f8, 0xf5f8, 0xf5f8, 0xf5f8, 
0xf5f8, 0xf5f8, 0xf5f8, 0xf5f8, 0xf5f8, 0xf5f8, 0xf5f8, 0xf5f8, 
0xf0fa, 0xf0fa, 0xf0fa, 0xf0fa, 0xf0fa, 0xf0fa, 0xf0fa, 0xf0fa, 
0xf0fa, 0xf0fa, 0xf0fa, 0xf0fa, 0xf0fa, 0xf0fa, 0xf0fa, 0xf0fa, 
0xf0fa, 0xf0fa, 0xf0fa, 0xf0fa, 0xf0fa, 0xf0fa, 0xf0fa, 0xf0fa, 
0xf0fa, 0xf0fa, 0xf0fa, 0xf0fa, 0xf0fa, 0xf0fa, 0xf0fa, 0xf0fa, 
0xf0fa, 0xf0fa, 0xf0fa, 0xf0fa, 0xf0fa, 0xf0fa, 0xf0fa, 0xf0fa, 
0xf0fa, 0xf0fa, 0xf0fa, 0xf0fa, 0xf0fa, 0xf0fa, 0xf0fa, 0xf0fa, 
0xf0fa, 0xf0fa, 0xf0fa, 0xf0fa, 0xf0fa, 0xf0fa, 0xf0fa, 0xf0fa, 
0xeff7, 0xeff7, 0xeff7, 0xeff7, 0xeff7, 0xeff7, 0xeff7, 0xeff7, 
0xeff7, 0xeff7, 0xeff7, 0xeff7, 0xeff7, 0xeff7, 0xeff7, 0xeff7, 
0xeff7, 0xeff7, 0xbbf6, 0x44f3, 0x22f2, 0x22f2, 0x22f2, 0x22f2, 
0x22f2, 0x22f2, 0x22f2, 0x22f2, 0x22f2, 0x22f2, 0x22f2, 0x22f2, 
0x22f2, 0x22f2, 0x22f2, 0x22f2, 0x33f3, 0x9af5, 0xeff7, 0xeff7, 
0xeff7, 0xeff7, 0xeff7, 0xeff7, 0xeff7, 0xeff7, 0xeff7, 0xeff7, 
0xeff7, 0xeff7, 0xeff7, 0xeff7, 0xeff7, 0xeff7, 0xeff7, 0xeff7, 
0xfaf8, 0xfaf8, 0xfaf8, 0xfaf8, 0xfaf8, 0xfaf8, 0xfaf8, 0xfaf8, 
0xfaf8, 0xfaf8, 0xfaf8, 0xfaf8, 0xfaf8, 0xfaf8, 0xfaf8, 0xfaf8, 
0xfaf8, 0xfaf8, 0xfaf8, 0xfaf8, 0xfaf8, 0xfaf8, 0xfaf8, 0xfaf8, 
0xfaf8, 0xfaf8, 0xfaf8, 0x53f3, 0x22f2, 0x22f2, 0x22f2, 0x22f2, 
0x22f2, 0x22f2, 0x22f2, 0x22f2, 0x22f2, 0x22f2, 0x54f3, 0xfaf8, 
0xfaf8, 0xfaf8, 0xfaf8, 0xfaf8, 0xfaf8, 0xfaf8, 0xfaf8, 0xfaf8, 
0xfaf8, 0xfaf8, 0xfaf8, 0xfaf8, 0xfaf8, 0xfaf8, 0xfaf8, 0xfaf8, 
0xf5f8, 0xf5f8, 0xf5f8, 0xf5f8, 0xf5f8, 0xf5f8, 0xf5f8, 0xf5f8, 
0xf5f8, 0xf5f8, 0xf5f8, 0xf5f8, 0xf5f8, 0xf5f8, 0xf5f8, 0xf5f8, 
0xf5f8, 0xf5f8, 0x73f5, 0x22f2, 0x22f2, 0x22f2, 0x22f2, 0x22f2, 
0x22f2, 0x22f2, 0x22f2, 0x22f2, 0x22f2, 0x22f2, 0x22f2, 0x22f2, 
0x22f2, 0x22f2, 0x22f2, 0x22f2, 0x73f5, 0xf5f8, 0xf5f8, 0xf5f8, 
0xf5f8, 0xf5f8, 0xf5f8, 0xf5f8, 0xf5f8, 0xf5f8, 0xf5f8, 0xf5f8, 
0xf5f8, 0xf5f8, 0xf5f8, 0xf5f8, 0xf5f8, 0xf5f8, 0xf5f8, 0xf5f8, 
0xf0fa, 0xf0fa, 0xf0fa, 0xf0fa, 0xf0fa, 0xf0fa, 0xf0fa, 0xf0fa, 
0xf0fa, 0xf0fa, 0xf0fa, 0xf0fa, 0xf0fa, 0xf0fa, 0xf0fa, 0xf0fa, 
0xf0fa, 0xf0fa, 0xf0fa, 0xf0fa, 0xf0fa, 0xf0fa, 0xf0fa, 0xf0fa, 
0xf0fa, 0xf0fa, 0xf0fa, 0xf0fa, 0xf0fa, 0xf0fa, 0xf0fa, 0xf0fa, 
0xf0fa, 0xf0fa, 0xf0fa, 0xf0fa, 0xf0fa, 0xf0fa, 0xf0fa, 0xf0fa, 
0xf0fa, 0xf0fa, 0xf0fa, 0xf0fa, 0xf0fa, 0xf0fa, 0xf0fa, 0xf0fa, 
0xf0fa, 0xf0fa, 0xf0fa, 0xf0fa, 0xf0fa, 0xf0fa, 0xf0fa, 0xf0fa, 
0xeff7, 0xeff7, 0xeff7, 0xeff7, 0xeff7, 0xeff7, 0xeff7, 0xeff7, 
0xeff7, 0xeff7, 0xeff7, 0xeff7, 0xeff7, 0xeff7, 0xeff7, 0xeff7, 
0xeff7, 0x99f5, 0x22f2, 0x22f2, 0x22f2, 0x22f2, 0x22f2, 0x22f2, 
0x22f2, 0x22f2, 0x22f2, 0x22f2, 0x22f2, 0x22f2, 0x22f2, 0x22f2, 
0x22f2, 0x22f2, 0x22f2, 0x22f2, 0x22f2, 0x22f2, 0x99f5, 0xeff7, 
0xeff7, 0xeff7, 0xeff7, 0xeff7, 0xeff7, 0xeff7, 0xeff7, 0xeff7, 
0xeff7, 0xeff7, 0xeff7, 0xeff7, 0xeff7, 0xeff7, 0xeff7, 0xeff7, 
0xfaf8, 0xfaf8, 0xfaf8, 0xfaf8, 0xfaf8, 0xfaf8, 0xfaf8, 0xfaf8, 
0xfaf8, 0xfaf8, 0xfaf8, 0xfaf8, 0xfaf8, 0xfaf8, 0xfaf8, 0xfaf8, 
0xfaf8, 0xfaf8, 0xfaf8, 0xfaf8, 0xfaf8, 0xfaf8, 0xfaf8, 0xfaf8, 
0xfaf8, 0xfaf8, 0x96f5, 0x22f2, 0x22f2, 0x22f2, 0x22f2, 0x22f2, 
0x22f2, 0x22f2, 0x22f2, 0x22f2, 0x22f2, 0x22f2, 0x43f3, 0xfaf8, 
0xfaf8, 0xfaf8, 0xfaf8, 0xfaf8, 0xfaf8, 0xfaf8, 0xfaf8, 0xfaf8, 
0xfaf8, 0xfaf8, 0xfaf8, 0xfaf8, 0xfaf8, 0xfaf8, 0xfaf8, 0xfaf8, 
0xf5f8, 0xf5f8, 0xf5f8, 0xf5f8, 0xf5f8, 0xf5f8, 0xf5f8, 0xf5f8, 
0xf5f8, 0xf5f8, 0xf5f8, 0xf5f8, 0xf5f8, 0xf5f8, 0xf5f8, 0xf5f8, 
0xe5f7, 0x53f4, 0x22f2, 0x22f2, 0x22f2, 0x22f2, 0x22f2, 0x22f2, 
0x22f2, 0x22f2, 0x22f2, 0x22f2, 0x22f2, 0x22f2, 0x22f2, 0x22f2, 
0x22f2, 0x22f2, 0x22f2, 0x22f2, 0x22f2, 0x53f4, 0xe5f7, 0xf5f8, 
0xf5f8, 0xf5f8, 0xf5f8, 0xf5f8, 0xf5f8, 0xf5f8, 0xf5f8, 0xf5f8, 
0xf5f8, 0xf5f8, 0xf5f8, 0xf5f8, 0xf5f8, 0xf5f8, 0xf5f8, 0xf5f8, 
0xf0fa, 0xf0fa, 0xf0fa, 0xf0fa, 0xf0fa, 0xf0fa, 0xf0fa, 0xf0fa, 
0xf0fa, 0xf0fa, 0xf0fa, 0xf0fa, 0xf0fa, 0xf0fa, 0xf0fa, 0xf0fa, 
0xf0fa, 0xf0fa, 0xf0fa, 0xf0fa, 0xf0fa, 0xf0fa, 0xf0fa, 0xf0fa, 
0xf0fa, 0xf0fa, 0xf0fa, 0xf0fa, 0xf0fa, 0xf0fa, 0xf0fa, 0xf0fa, 
0xf0fa, 0xf0fa, 0xf0fa, 0xf0fa, 0xf0fa, 0xf0fa, 0xf0fa, 0xf0fa, 
0xf0fa, 0xf0fa, 0xf0fa, 0xf0fa, 0xf0fa, 0xf0fa, 0xf0fa, 0xf0fa, 
0xf0fa, 0xf0fa, 0xf0fa, 0xf0fa, 0xf0fa, 0xf0fa, 0xf0fa, 0xf0fa, 
0xeff7, 0xeff7, 0xeff7, 0xeff7, 0xeff7, 0xeff7, 0xeff7, 0xeff7, 
0xeff7, 0xeff7, 0xeff7, 0xeff7, 0xeff7, 0xeff7, 0xeff7, 0xeff7, 
0x99f5, 0x22f2, 0x22f2, 0x22f2, 0x22f2, 0x22f2, 0x22f2, 0x22f2, 
0x22f2, 0x22f2, 0x22f2, 0x22f2, 0x22f2, 0x22f2, 0x22f2, 0x22f2, 
0x22f2, 0x22f2, 0x22f2, 0x22f2, 0x22f2, 0x22f2, 0x22f2, 0x99f5, 
0xeff7, 0xeff7, 0xeff7, 0xeff7, 0xeff7, 0xeff7, 0xeff7, 0xeff7, 
0xeff7, 0xeff7, 0xeff7, 0xeff7, 0xeff7, 0xeff7, 0xeff7, 0xeff7, 
0xfaf8, 0xfaf8, 0xfaf8, 0xfaf8, 0xfaf8, 0xfaf8, 0xfaf8, 0xfaf8, 
0xfaf8, 0xfaf8, 0xfaf8, 0xfaf8, 0xfaf8, 0xfaf8, 0xfaf8, 0xfaf8, 
0xfaf8, 0xfaf8, 0xfaf8, 0xfaf8, 0xfaf8, 0xfaf8, 0xfaf8, 0xfaf8, 
0xfaf8, 0xd9f7, 0x32f3, 0x22f2, 0x22f2, 0x22f2, 0x22f2, 0x22f2, 
0x22f2, 0x22f2, 0x22f2, 0x22f2, 0x22f2, 0x22f2, 0x43f3, 0xfaf8, 
0xfaf8, 0xfaf8, 0xfaf8, 0xfaf8, 0xfaf8, 0xfaf8, 0xfaf8, 0xfaf8, 
0xfaf8, 0xfaf8, 0xfaf8, 0xfaf8, 0xfaf8, 0xfaf8, 0xfaf8, 0xfaf8, 
0xf5f8, 0xf5f8, 0xf5f8, 0xf5f8, 0xf5f8, 0xf5f8, 0xf5f8, 0xf5f8, 
0xf5f8, 0xf5f8, 0xf5f8, 0xf5f8, 0xf5f8, 0xf5f8, 0xf5f8, 0xf5f8, 
0x63f4, 0x22f2, 0x32f2, 0x22f2, 0x22f2, 0x22f2, 0x22f2, 0x22f2, 
0x22f2, 0x22f2, 0x22f2, 0x22f2, 0x22f2, 0x22f2, 0x22f2, 0x22f2, 
0x22f2, 0x22f2, 0x22f2, 0x22f2, 0x32f2, 0x22f2, 0x63f4, 0xf5f8, 
0xf5f8, 0xf5f8, 0xf5f8, 0xf5f8, 0xf5f8, 0xf5f8, 0xf5f8, 0xf5f8, 
0xf5f8, 0xf5f8, 0xf5f8, 0xf5f8, 0xf5f8, 0xf5f8, 0xf5f8, 0xf5f8, 
0xf0fa, 0xf0fa, 0xf0fa, 0xf0fa, 0xf0fa, 0xf0fa, 0xf0fa, 0xf0fa, 
0xf0fa, 0xf0fa, 0xf0fa, 0xf0fa, 0xf0fa, 0xf0fa, 0xf0fa, 0xf0fa, 
0xf0fa, 0xf0fa, 0xf0fa, 0xf0fa, 0xf0fa, 0xf0fa, 0xf0fa, 0xf0fa, 
0xf0fa, 0xf0fa, 0xf0fa, 0xf0fa, 0xf0fa, 0xf0fa, 0xf0fa, 0xf0fa, 
0xf0fa, 0xf0fa, 0xf0fa, 0xf0fa, 0xf0fa, 0xf0fa, 0xf0fa, 0xf0fa, 
0xf0fa, 0xf0fa, 0xf0fa, 0xf0fa, 0xf0fa, 0xf0fa, 0xf0fa, 0xf0fa, 
0xf0fa, 0xf0fa, 0xf0fa, 0xf0fa, 0xf0fa, 0xf0fa, 0xf0fa, 0xf0fa, 
0xeff7, 0xeff7, 0xeff7, 0xeff7, 0xeff7, 0xeff7, 0xeff7, 0xeff7, 
0xeff7, 0xeff7, 0xeff7, 0xeff7, 0xeff7, 0xeff7, 0xeff7, 0x9af5, 
0x22f2, 0x22f2, 0x22f2, 0x22f2, 0x22f2, 0x22f2, 0x22f2, 0x22f2, 
0x22f2, 0x22f2, 0x22f2, 0x22f2, 0x22f2, 0x22f2, 0x22f2, 0x22f2, 
0x22f2, 0x22f2, 0x22f2, 0x22f2, 0x22f2, 0x22f2, 0x22f2, 0x22f2, 
0xcdf6, 0xeff7, 0xeff7, 0xeff7, 0xeff7, 0xeff7, 0xeff7, 0xeff7, 
0xeff7, 0xeff7, 0xeff7, 0xeff7, 0xeff7, 0xeff7, 0xeff7, 0xeff7, 
0xfaf8, 0xfaf8, 0xfaf8, 0xfaf8, 0xfaf8, 0xfaf8, 0xfaf8, 0xfaf8, 
0xfaf8, 0xfaf8, 0xfaf8, 0xfaf8, 0xfaf8, 0xfaf8, 0xfaf8, 0xfaf8, 
0xfaf8, 0xfaf8, 0xfaf8, 0xfaf8, 0xfaf8, 0xfaf8, 0xfaf8, 0xfaf8, 
0xfaf8, 0x54f4, 0x22f2, 0x22f2, 0x22f2, 0x22f2, 0x22f2, 0x22f2, 
0x22f2, 0x22f2, 0x22f2, 0x22f2, 0x22f2, 0x22f2, 0x43f3, 0xfaf8, 
0xfaf8, 0xfaf8, 0xfaf8, 0xfaf8, 0xfaf8, 0xfaf8, 0xfaf8, 0xfaf8, 
0xfaf8, 0xfaf8, 0xfaf8, 0xfaf8, 0xfaf8, 0xfaf8, 0xfaf8, 0xfaf8, 
0xf5f8, 0xf5f8, 0xf5f8, 0xf5f8, 0xf5f8, 0xf5f8, 0xf5f8, 0xf5f8, 
0xf5f8, 0xf5f8, 0xf5f8, 0xf5f8, 0xf5f8, 0xf5f8, 0xf5f8, 0x83f5, 
0x22f2, 0x32f2, 0x22f2, 0x22f2, 0x22f2, 0x22f2, 0x22f2, 0x22f2, 
0x22f2, 0x22f2, 0x22f2, 0x22f2, 0x22f2, 0x22f2, 0x22f2, 0x22f2, 
0x22f2, 0x22f2, 0x22f2, 0x22f2, 0x22f2, 0x32f2, 0x22f2, 0x83f5, 
0xf5f8, 0xf5f8, 0xf5f8, 0xf5f8, 0xf5f8, 0xf5f8, 0xf5f8, 0xf5f8, 
0xf5f8, 0xf5f8, 0xf5f8, 0xf5f8, 0xf5f8, 0xf5f8, 0xf5f8, 0xf5f8, 
0xf0fa, 0xf0fa, 0xf0fa, 0xf0fa, 0xf0fa, 0xf0fa, 0xf0fa, 0xf0fa, 
0xf0fa, 0xf0fa, 0xf0fa, 0xf0fa, 0xf0fa, 0xf0fa, 0xf0fa, 0xf0fa, 
0xe0fa, 0xc0f8, 0xd0f9, 0xf0fa, 0xf0fa, 0xf0fa, 0xf0fa, 0xf0fa, 
0xf0fa, 0xf0fa, 0xf0fa, 0xf0fa, 0xf0fa, 0xf0fa, 0xf0fa, 0xf0fa, 
0xf0fa, 0xf0fa, 0xf0fa, 0xf0fa, 0xf0fa, 0xf0fa, 0xf0fa, 0xc1f8, 
0x81f6, 0x52f4, 0x32f3, 0x22f2, 0x32f3, 0x91f7, 0xf0fa, 0xf0fa, 
0xf0fa, 0xf0fa, 0xf0fa, 0xf0fa, 0xf0fa, 0xf0fa, 0xf0fa, 0xf0fa, 
0xeff7, 0xeff7, 0xeff7, 0xeff7, 0xeff7, 0xeff7, 0xeff7, 0xeff7, 
0xeff7, 0xeff7, 0xeff7, 0xeff7, 0xeff7, 0xeff7, 0xcdf6, 0x33f3, 
0x22f2, 0x22f2, 0x22f2, 0x22f2, 0x22f2, 0x22f2, 0x22f2, 0x22f2, 
0x22f2, 0x22f2, 0x22f2, 0x22f2, 0x22f2, 0x22f2, 0x22f2, 0x22f2, 
0x22f2, 0x22f2, 0x22f2, 0x22f2, 0x22f2, 0x22f2, 0x22f2, 0x22f2, 
0x56f4, 0xeff7, 0xeff7, 0xeff7, 0xeff7, 0xeff7, 0xeff7, 0xeff7, 
0xeff7, 0xeff7, 0xeff7, 0xeff7, 0xeff7, 0xeff7, 0xeff7, 0xeff7, 
0xfaf8, 0xfaf8, 0xfaf8, 0xfaf8, 0xfaf8, 0xfaf8, 0xfaf8, 0xfaf8, 
0xfaf8, 0xfaf8, 0xfaf8, 0xfaf8, 0xfaf8, 0xfaf8, 0xfaf8, 0xfaf8, 
0xfaf8, 0xfaf8, 0xfaf8, 0xfaf8, 0xfaf8, 0xfaf8, 0xfaf8, 0xfaf8, 
0xa7f6, 0x22f2, 0x22f2, 0x22f2, 0x22f2, 0x22f2, 0x22f2, 0x22f2, 
0x22f2, 0x22f2, 0x22f2, 0x22f2, 0x22f2, 0x22f2, 0x43f3, 0xfaf8, 
0xfaf8, 0xfaf8, 0xfaf8, 0xfaf8, 0xfaf8, 0xfaf8, 0xfaf8, 0xfaf8, 
0xfaf8, 0xfaf8, 0xfaf8, 0xfaf8, 0xfaf8, 0xfaf8, 0xfaf8, 0xfaf8, 
0xf5f8, 0xf5f8, 0xf5f8, 0xf5f8, 0xf5f8, 0xf5f8, 0xf5f8, 0xf5f8, 
0xf5f8, 0xf5f8, 0xf5f8, 0xf5f8, 0xf5f8, 0xf5f8, 0xd5f7, 0x22f2, 
0x22f2, 0x22f2, 0x22f2, 0x22f2, 0x22f2, 0x22f2, 0x22f2, 0x22f2, 
0x22f2, 0x22f2, 0x22f2, 0x22f2, 0x22f2, 0x22f2, 0x22f2, 0x22f2, 
0x22f2, 0x22f2, 0x22f2, 0x22f2, 0x22f2, 0x22f2, 0x22f2, 0x22f2, 
0xd5f7, 0xf5f8, 0xf5f8, 0xf5f8, 0xf5f8, 0xf5f8, 0xf5f8, 0xf5f8, 
0xf5f8, 0xf5f8, 0xf5f8, 0xf5f8, 0xf5f8, 0xf5f8, 0xf5f8, 0xf5f8, 
0xf0fa, 0xf0fa, 0xf0fa, 0xf0fa, 0xf0fa, 0xf0fa, 0xf0fa, 0xf0fa, 
0xf0fa, 0xf0fa, 0xf0fa, 0xf0fa, 0xf0fa, 0xf0fa, 0xc1f8, 0x81f6, 
0x42f3, 0x22f2, 0x32f3, 0xb1f8, 0xf0fa, 0xf0fa, 0xf0fa, 0xf0fa, 
0xf0fa, 0xf0fa, 0xf0fa, 0xf0fa, 0xf0fa, 0xf0fa, 0xf0fa, 0xf0fa, 
0xf0fa, 0xf0fa, 0xf0fa, 0xf0fa, 0xe0f9, 0x91f7, 0x52f4, 0x22f2, 
0x22f2, 0x22f2, 0x22f2, 0x22f2, 0x22f2, 0x32f3, 0xe0f9, 0xf0fa, 
0xf0fa, 0xf0fa, 0xf0fa, 0xf0fa, 0xf0fa, 0xf0fa, 0xf0fa, 0xf0fa, 
0xeff7, 0xeff7, 0xeff7, 0xeff7, 0xeff7, 0xeff7, 0xeff7, 0xeff7, 
0xeff7, 0xeff7, 0xeff7, 0xeff7, 0xeff7, 0xeff7, 0x66f4, 0x22f2, 
0x22f2, 0x22f2, 0x22f2, 0x22f2, 0x22f2, 0x22f2, 0x22f2, 0x22f2, 
0x22f2, 0x22f2, 0x22f2, 0x22f2, 0x22f2, 0x22f2, 0x22f2, 0x22f2, 
0x22f2, 0x22f2, 0x22f2, 0x22f2, 0x22f2, 0x22f2, 0x22f2, 0x22f2, 
0x22f2, 0xcdf6, 0xeff7, 0xeff7, 0xeff7, 0xeff7, 0xeff7, 0xeff7, 
0xeff7, 0xeff7, 0xeff7, 0xeff7, 0xeff7, 0xeff7, 0xeff7, 0xeff7, 
0xfaf8, 0xfaf8, 0xfaf8, 0xfaf8, 0xfaf8, 0xfaf8, 0xfaf8, 0xfaf8, 
0xfaf8, 0xfaf8, 0xfaf8, 0xfaf8, 0xfaf8, 0xfaf8, 0xfaf8, 0xfaf8, 
0xfaf8, 0xfaf8, 0xfaf8, 0xfaf8, 0xfaf8, 0xfaf8, 0xfaf8, 0xe9f8, 
0x33f3, 0x22f2, 0x22f2, 0x22f2, 0x22f2, 0x22f2, 0x22f2, 0x22f2, 
0x22f2, 0x22f2, 0x22f2, 0x22f2, 0x22f2, 0x22f2, 0x43f3, 0xfaf8, 
0xfaf8, 0xfaf8, 0xfaf8, 0xfaf8, 0xfaf8, 0xfaf8, 0xfaf8, 0xfaf8, 
0xfaf8, 0xfaf8, 0xfaf8, 0xfaf8, 0xfaf8, 0xfaf8, 0xfaf8, 0xfaf8, 
0xf5f8, 0xf5f8, 0xf5f8, 0xf5f8, 0xf5f8, 0xf5f8, 0xf5f8, 0xf5f8, 
0xf5f8, 0xf5f8, 0xf5f8, 0xf5f8, 0xf5f8, 0xf5f8, 0x94f5, 0x22f2, 
0x22f2, 0x22f2, 0x22f2, 0x22f2, 0x22f2, 0x22f2, 0x22f2, 0x22f2, 
0x22f2, 0x22f2, 0x22f2, 0x32f3, 0x22f2, 0x22f2, 0x22f2, 0x22f2, 
0x22f2, 0x22f2, 0x22f2, 0x22f2, 0x22f2, 0x22f2, 0x22f2, 0x22f2, 
0x94f5, 0xf5f8, 0xf5f8, 0xf5f8, 0xf5f8, 0xf5f8, 0xf5f8, 0xf5f8, 
0xf5f8, 0xf5f8, 0xf5f8, 0xf5f8, 0xf5f8, 0xf5f8, 0xf5f8, 0xf5f8, 
0xf0fa, 0xf0fa, 0xf0fa, 0xf0fa, 0xf0fa, 0xf0fa, 0xf0fa, 0xf0fa, 
0xf0fa, 0xf0fa, 0xf0fa, 0xc0f8, 0x81f6, 0x42f4, 0x22f2, 0x22f2, 
0x22f2, 0x22f2, 0x22f2, 0x71f5, 0xf0fa, 0xf0fa, 0xf0fa, 0xf0fa, 
0xf0fa, 0xf0fa, 0xf0fa, 0xf0fa, 0xf0fa, 0xf0fa, 0xf0fa, 0xf0fa, 
0xf0fa, 0xf0fa, 0xf0fa, 0xa1f7, 0x42f3, 0x22f2, 0x22f2, 0x22f2, 
0x22f2, 0x22f2, 0x22f2, 0x22f2, 0x22f2, 0x22f2, 0xd0f9, 0xf0fa, 
0xf0fa, 0xf0fa, 0xf0fa, 0xf0fa, 0xf0fa, 0xf0fa, 0xf0fa, 0xf0fa, 
0xeff7, 0xeff7, 0xeff7, 0xeff7, 0xeff7, 0xeff7, 0xeff7, 0xeff7, 
0xeff7, 0xeff7, 0xeff7, 0xeff7, 0xeff7, 0xccf6, 0x22f2, 0x22f2, 
0x22f2, 0x22f2, 0x22f2, 0x22f2, 0x22f2, 0x22f2, 0x22f2, 0x22f2, 
0x22f2, 0x55f4, 0xabf6, 0xcdf6, 0xabf6, 0x66f4, 0x22f2, 0x22f2, 
0x22f2, 0x22f2, 0x22f2, 0x22f2, 0x22f2, 0x22f2, 0x22f2, 0x22f2, 
0x22f2, 0x99f5, 0xeff7, 0xeff7, 0xeff7, 0xeff7, 0xeff7, 0xeff7, 
0xeff7, 0xeff7, 0xeff7, 0xeff7, 0xeff7, 0xeff7, 0xeff7, 0xeff7, 
0xfaf8, 0xfaf8, 0xfaf8, 0xfaf8, 0xfaf8, 0xfaf8, 0xfaf8, 0xfaf8, 
0xfaf8, 0xfaf8, 0xfaf8, 0xfaf8, 0xfaf8, 0xfaf8, 0xfaf8, 0xfaf8, 
0xfaf8, 0xfaf8, 0xfaf8, 0xfaf8, 0xfaf8, 0xfaf8, 0xfaf8, 0x75f5, 
0x22f2, 0x22f2, 0x22f2, 0x22f2, 0x22f2, 0x22f2, 0x22f2, 0x22f2, 
0x22f2, 0x22f2, 0x22f2, 0x22f2, 0x22f2, 0x22f2, 0x43f3, 0xfaf8, 
0xfaf8, 0xfaf8, 0xfaf8, 0xfaf8, 0xfaf8, 0xfaf8, 0xfaf8, 0xfaf8, 
0xfaf8, 0xfaf8, 0xfaf8, 0xfaf8, 0xfaf8, 0xfaf8, 0xfaf8, 0xfaf8, 
0xf5f8, 0xf5f8, 0xf5f8, 0xf5f8, 0xf5f8, 0xf5f8, 0xf5f8, 0xf5f8, 
0xf5f8, 0xf5f8, 0xf5f8, 0xf5f8, 0xf5f8, 0xf5f8, 0x53f4, 0x22f2, 
0x22f2, 0x22f2, 0x22f2, 0x22f2, 0x22f2, 0x22f2, 0x22f2, 0x22f2, 
0x22f2, 0x63f4, 0xc4f7, 0xd5f7, 0xc4f7, 0x63f4, 0x22f2, 0x22f2, 
0x22f2, 0x22f2, 0x22f2, 0x22f2, 0x22f2, 0x22f2, 0x22f2, 0x22f2, 
0x53f4, 0xf5f8, 0xf5f8, 0xf5f8, 0xf5f8, 0xf5f8, 0xf5f8, 0xf5f8, 
0xf5f8, 0xf5f8, 0xf5f8, 0xf5f8, 0xf5f8, 0xf5f8, 0xf5f8, 0xf5f8, 
0xf0fa, 0xf0fa, 0xf0fa, 0xf0fa, 0xf0fa, 0xf0fa, 0xf0fa, 0xf0fa, 
0xd0f9, 0x81f6, 0x42f4, 0x22f2, 0x22f2, 0x22f2, 0x22f2, 0x22f2, 
0x22f2, 0x22f2, 0x22f2, 0x71f5, 0xf0fa, 0xf0fa, 0xf0fa, 0xf0fa, 
0xf0fa, 0xf0fa, 0xf0fa, 0xf0fa, 0xf0fa, 0xf0fa, 0xf0fa, 0xf0fa, 
0xf0fa, 0xf0fa, 0x81f6, 0x22f2, 0x22f2, 0x22f2, 0x22f2, 0x22f2, 
0x22f2, 0x22f2, 0x22f2, 0x22f2, 0x22f2, 0x22f2, 0xd0f9, 0xf0fa, 
0xf0fa, 0xf0fa, 0xf0fa, 0xf0fa, 0xf0fa, 0xf0fa, 0xf0fa, 0xf0fa, 
0xeff7, 0xeff7, 0xeff7, 0xeff7, 0xeff7, 0xeff7, 0xeff7, 0xeff7, 
0xeff7, 0xeff7, 0xeff7, 0xeff7, 0xeff7, 0x78f4, 0x22f2, 0x22f2, 
0x22f2, 0x22f2, 0x22f2, 0x22f2, 0x22f2, 0x22f2, 0x22f2, 0x22f2, 
0x77f4, 0xeff7, 0xeff7, 0xeff7, 0xeff7, 0xeff7, 0x78f4, 0x22f2, 
0x22f2, 0x22f2, 0x22f2, 0x22f2, 0x22f2, 0x22f2, 0x22f2, 0x22f2, 
0x22f2, 0x67f4, 0xeff7, 0xeff7, 0xeff7, 0xeff7, 0xeff7, 0xeff7, 
0xeff7, 0xeff7, 0xeff7, 0xeff7, 0xeff7, 0xeff7, 0xeff7, 0xeff7, 
0xfaf8, 0xfaf8, 0xfaf8, 0xfaf8, 0xfaf8, 0xfaf8, 0xfaf8, 0xfaf8, 
0xfaf8, 0xfaf8, 0xfaf8, 0xfaf8, 0xfaf8, 0xfaf8, 0xfaf8, 0xfaf8, 
0xfaf8, 0xfaf8, 0xfaf8, 0xfaf8, 0xfaf8, 0xfaf8, 0xc8f7, 0x22f2, 
0x22f2, 0x22f2, 0x22f2, 0x22f2, 0x22f2, 0x22f2, 0x22f2, 0x22f2, 
0x22f2, 0x22f2, 0x22f2, 0x22f2, 0x22f2, 0x22f2, 0x43f3, 0xfaf8, 
0xfaf8, 0xfaf8, 0xfaf8, 0xfaf8, 0xfaf8, 0xfaf8, 0xfaf8, 0xfaf8, 
0xfaf8, 0xfaf8, 0xfaf8, 0xfaf8, 0xfaf8, 0xfaf8, 0xfaf8, 0xfaf8, 
0xf5f8, 0xf5f8, 0xf5f8, 0xf5f8, 0xf5f8, 0xf5f8, 0xf5f8, 0xf5f8, 
0xf5f8, 0xf5f8, 0xf5f8, 0xf5f8, 0xf5f8, 0xe5f8, 0x32f3, 0x22f2, 
0x22f2, 0x22f2, 0x22f2, 0x22f2, 0x22f2, 0x22f2, 0x22f2, 0x22f2, 
0x53f4, 0xf5f8, 0xf5f8, 0xf5f8, 0xf5f8, 0xf5f8, 0x53f4, 0x22f2, 
0x22f2, 0x22f2, 0x22f2, 0x22f2, 0x22f2, 0x22f2, 0x22f2, 0x22f2, 
0x32f3, 0xe5f8, 0xf5f8, 0xf5f8, 0xf5f8, 0xf5f8, 0xf5f8, 0xf5f8, 
0xf5f8, 0xf5f8, 0xf5f8, 0xf5f8, 0xf5f8, 0xf5f8, 0xf5f8, 0xf5f8, 
0xf0fa, 0xf0fa, 0xf0fa, 0xf0fa, 0xf0fa, 0xf0fa, 0xb1f8, 0x52f4, 
0x22f2, 0x22f2, 0x22f2, 0x22f2, 0x22f2, 0x22f2, 0x22f2, 0x22f2, 
0x22f2, 0x22f2, 0x22f2, 0x71f5, 0xf0fa, 0xf0fa, 0xf0fa, 0xf0fa, 
0xf0fa, 0xf0fa, 0xf0fa, 0xf0fa, 0xf0fa, 0xf0fa, 0xf0fa, 0xf0fa, 
0xf0fa, 0x61f5, 0x22f2, 0x22f2, 0x22f2, 0x22f2, 0x22f2, 0x22f2, 
0x22f2, 0x22f2, 0x22f2, 0x22f2, 0x22f2, 0x32f3, 0xe0f9, 0xf0fa, 
0xf0fa, 0xf0fa, 0xf0fa, 0xf0fa, 0xf0fa, 0xf0fa, 0xf0fa, 0xf0fa, 
0xeff7, 0xeff7, 0xeff7, 0xeff7, 0xeff7, 0xeff7, 0xeff7, 0xeff7, 
0xeff7, 0xeff7, 0xeff7, 0xeff7, 0xeff7, 0x33f3, 0x22f2, 0x22f2, 
0x22f2, 0x22f2, 0x22f2, 0x22f2, 0x22f2, 0x22f2, 0x22f2, 0x44f3, 
0xeff7, 0xeff7, 0xeff7, 0xeff7, 0xeff7, 0xeff7, 0xeff7, 0x44f3, 
0x22f2, 0x22f2, 0x22f2, 0x22f2, 0x22f2, 0x22f2, 0x22f2, 0x22f2, 
0x22f2, 0x55f3, 0xeff7, 0xeff7, 0xeff7, 0xeff7, 0xeff7, 0xeff7, 
0xeff7, 0xeff7, 0xeff7, 0xeff7, 0xeff7, 0xeff7, 0xeff7, 0xeff7, 
0xfaf8, 0xfaf8, 0xfaf8, 0xfaf8, 0xfaf8, 0xfaf8, 0xfaf8, 0xfaf8, 
0xfaf8, 0xfaf8, 0xfaf8, 0xfaf8, 0xfaf8, 0xfaf8, 0xfaf8, 0xfaf8, 
0xfaf8, 0xfaf8, 0xfaf8, 0xfaf8, 0xfaf8, 0xfaf8, 0x43f3, 0x22f2, 
0x22f2, 0x22f2, 0x22f2, 0x22f2, 0x22f2, 0x22f2, 0x22f2, 0x22f2, 
0x22f2, 0x22f2, 0x22f2, 0x22f2, 0x22f2, 0x22f2, 0x43f3, 0xfaf8, 
0xfaf8, 0xfaf8, 0xfaf8, 0xfaf8, 0xfaf8, 0xfaf8, 0xfaf8, 0xfaf8, 
0xfaf8, 0xfaf8, 0xfaf8, 0xfaf8, 0xfaf8, 0xfaf8, 0xfaf8, 0xfaf8, 
0xf5f8, 0xf5f8, 0xf5f8, 0xf5f8, 0xf5f8, 0xf5f8, 0xf5f8, 0xf5f8, 
0xf5f8, 0xf5f8, 0xf5f8, 0xf5f8, 0xf5f8, 0xd5f7, 0x32f3, 0x22f2, 
0x22f2, 0x22f2, 0x22f2, 0x22f2, 0x22f2, 0x22f2, 0x22f2, 0x22f2, 
0xb4f6, 0xf5f8, 0xf5f8, 0xf5f8, 0xf5f8, 0xf5f8, 0xb4f6, 0x22f2, 
0x22f2, 0x22f2, 0x22f2, 0x22f2, 0x22f2, 0x22f2, 0x22f2, 0x22f2, 
0x32f3, 0xd5f7, 0xf5f8, 0xf5f8, 0xf5f8, 0xf5f8, 0xf5f8, 0xf5f8, 
0xf5f8, 0xf5f8, 0xf5f8, 0xf5f8, 0xf5f8, 0xf5f8, 0xf5f8, 0xf5f8, 
0xf0fa, 0xf0fa, 0xf0fa, 0xf0fa, 0xf0fa, 0x91f6, 0x22f2, 0x22f2, 
0x22f2, 0x22f2, 0x22f2, 0x22f2, 0x22f2, 0x22f2, 0x22f2, 0x22f2, 
0x22f2, 0x22f2, 0x22f2, 0x71f5, 0xf0fa, 0xf0fa, 0xf0fa, 0xf0fa, 
0xf0fa, 0xf0fa, 0xf0fa, 0xf0fa, 0xf0fa, 0xf0fa, 0xf0fa, 0xf0fa, 
0x61f5, 0x22f2, 0x32f3, 0x22f2, 0x22f2, 0x22f2, 0x22f2, 0x22f2, 
0x22f2, 0x22f2, 0x22f2, 0x22f2, 0x32f3, 0xa1f7, 0xf0fa, 0xf0fa, 
0xf0fa, 0xf0fa, 0xf0fa, 0xf0fa, 0xf0fa, 0xf0fa, 0xf0fa, 0xf0fa, 
0xeff7, 0xeff7, 0xeff7, 0xeff7, 0xeff7, 0xeff7, 0xeff7, 0xeff7, 
0xeff7, 0xeff7, 0xeff7, 0xeff7, 0xeff7, 0x22f2, 0x22f2, 0x22f2, 
0x22f2, 0x22f2, 0x22f2, 0x22f2, 0x22f2, 0x32f2, 0x22f2, 0xaaf5, 
0xeff7, 0xeff7, 0xeff7, 0xeff7, 0xeff7, 0xeff7, 0xeff7, 0x77f4, 
0x22f2, 0x22f2, 0x22f2, 0x22f2, 0x22f2, 0x22f2, 0x22f2, 0x22f2, 
0x22f2, 0x55f3, 0xeff7, 0xeff7, 0xeff7, 0xeff7, 0xeff7, 0xeff7, 
0xeff7, 0xeff7, 0xeff7, 0xeff7, 0xeff7, 0xeff7, 0xeff7, 0xeff7, 
0xfaf8, 0xfaf8, 0xfaf8, 0xfaf8, 0xfaf8, 0xfaf8, 0xfaf8, 0xfaf8, 
0xfaf8, 0xfaf8, 0xfaf8, 0xfaf8, 0xfaf8, 0xfaf8, 0xfaf8, 0xfaf8, 
0xfaf8, 0xfaf8, 0xfaf8, 0xfaf8, 0xfaf8, 0x96f5, 0x22f2, 0x22f2, 
0x22f2, 0x22f2, 0x22f2, 0x22f2, 0x22f2, 0x22f2, 0x22f2, 0x22f2, 
0x22f2, 0x22f2, 0x22f2, 0x22f2, 0x22f2, 0x22f2, 0x43f3, 0xfaf8, 
0xfaf8, 0xfaf8, 0xfaf8, 0xfaf8, 0xfaf8, 0xfaf8, 0xfaf8, 0xfaf8, 
0xfaf8, 0xfaf8, 0xfaf8, 0xfaf8, 0xfaf8, 0xfaf8, 0xfaf8, 0xfaf8, 
0xf5f8, 0xf5f8, 0xf5f8, 0xf5f8, 0xf5f8, 0xf5f8, 0xf5f8, 0xf5f8, 
0xf5f8, 0xf5f8, 0xf5f8, 0xf5f8, 0xf5f8, 0xb4f6, 0x22f2, 0x22f2, 
0x22f2, 0x22f2, 0x22f2, 0x22f2, 0x22f2, 0x22f2, 0x22f2, 0x32f3, 
0xe5f7, 0xf5f8, 0xf5f8, 0xf5f8, 0xf5f8, 0xf5f8, 0xe5f7, 0x32f3, 
0x22f2, 0x22f2, 0x22f2, 0x22f2, 0x22f2, 0x22f2, 0x22f2, 0x22f2, 
0x22f2, 0xb4f6, 0xf5f8, 0xf5f8, 0xf5f8, 0xf5f8, 0xf5f8, 0xf5f8, 
0xf5f8, 0xf5f8, 0xf5f8, 0xf5f8, 0xf5f8, 0xf5f8, 0xf5f8, 0xf5f8, 
0xf0fa, 0xf0fa, 0xf0fa, 0xf0fa, 0xf0fa, 0x32f3, 0x22f2, 0x22f2, 
0x22f2, 0x22f2, 0x22f2, 0x22f2, 0x22f2, 0x22f2, 0x22f2, 0x22f2, 
0x22f2, 0x22f2, 0x22f2, 0x71f5, 0xf0fa, 0xf0fa, 0xf0fa, 0xf0fa, 
0xf0fa, 0xf0fa, 0xf0fa, 0xf0fa, 0xf0fa, 0xf0fa, 0xf0fa, 0x81f6, 
0x22f2, 0x22f3, 0x22f2, 0x22f2, 0x22f2, 0x22f2, 0x22f2, 0x22f2, 
0x22f2, 0x52f4, 0x91f6, 0xc1f8, 0xe0f9, 0xf0fa, 0xf0fa, 0xf0fa, 
0xf0fa, 0xf0fa, 0xf0fa, 0xf0fa, 0xf0fa, 0xf0fa, 0xf0fa, 0xf0fa, 
0xeff7, 0xeff7, 0xeff7, 0xeff7, 0xeff7, 0xeff7, 0xeff7, 0xeff7, 
0xeff7, 0xeff7, 0xeff7, 0xeff7, 0xeff7, 0x33f3, 0x22f2, 0x22f2, 
0x22f2, 0x22f2, 0x22f2, 0x22f2, 0x22f2, 0x22f2, 0x44f3, 0xdef7, 
0xeff7, 0xeff7, 0xeff7, 0xeff7, 0xeff7, 0xeff7, 0xeff7, 0x77f4, 
0x22f2, 0x22f2, 0x22f2, 0x22f2, 0x22f2, 0x22f2, 0x22f2, 0x22f2, 
0x22f2, 0x55f3, 0xeff7, 0xeff7, 0xeff7, 0xeff7, 0xeff7, 0xeff7, 
0xeff7, 0xeff7, 0xeff7, 0xeff7, 0xeff7, 0xeff7, 0xeff7, 0xeff7, 
0xfaf8, 0xfaf8, 0xfaf8, 0xfaf8, 0xfaf8, 0xfaf8, 0xfaf8, 0xfaf8, 
0xfaf8, 0xfaf8, 0xfaf8, 0xfaf8, 0xfaf8, 0xfaf8, 0xfaf8, 0xfaf8, 
0xfaf8, 0xfaf8, 0xfaf8, 0xfaf8, 0xd9f7, 0x32f3, 0x22f2, 0x22f2, 
0x22f2, 0x22f2, 0x22f2, 0x22f2, 0x22f2, 0x22f2, 0x22f2, 0x22f2, 
0x22f2, 0x22f2, 0x22f2, 0x22f2, 0x22f2, 0x22f2, 0x43f3, 0xfaf8, 
0xfaf8, 0xfaf8, 0xfaf8, 0xfaf8, 0xfaf8, 0xfaf8, 0xfaf8, 0xfaf8, 
0xfaf8, 0xfaf8, 0xfaf8, 0xfaf8, 0xfaf8, 0xfaf8, 0xfaf8, 0xfaf8, 
0xf5f8, 0xf5f8, 0xf5f8, 0xf5f8, 0xf5f8, 0xf5f8, 0xf5f8, 0xf5f8, 
0xf5f8, 0xf5f8, 0xf5f8, 0xf5f8, 0xf5f8, 0xd5f7, 0x32f3, 0x22f2, 
0x22f2, 0x22f2, 0x22f2, 0x22f2, 0x22f2, 0x22f2, 0x22f2, 0x32f3, 
0xe5f8, 0xf5f8, 0xf5f8, 0xf5f8, 0xf5f8, 0xf5f8, 0xe5f8, 0x32f3, 
0x22f2, 0x22f2, 0x22f2, 0x22f2, 0x22f2, 0x22f2, 0x22f2, 0x22f2, 
0x32f3, 0xd5f7, 0xf5f8, 0xf5f8, 0xf5f8, 0xf5f8, 0xf5f8, 0xf5f8, 
0xf5f8, 0xf5f8, 0xf5f8, 0xf5f8, 0xf5f8, 0xf5f8, 0xf5f8, 0xf5f8, 
0xf0fa, 0xf0fa, 0xf0fa, 0xf0fa, 0xf0fa, 0x22f2, 0x22f2, 0x22f2, 
0x22f2, 0x22f2, 0x22f2, 0x22f2, 0x22f2, 0x22f2, 0x22f2, 0x22f2, 
0x22f2, 0x22f2, 0x22f2, 0x71f5, 0xf0fa, 0xf0fa, 0xf0fa, 0xf0fa, 
0xf0fa, 0xf0fa, 0xf0fa, 0xf0fa, 0xf0fa, 0xf0fa, 0xd0f9, 0x22f2, 
0x22f2, 0x22f2, 0x22f2, 0x22f2, 0x22f2, 0x22f2, 0x22f2, 0x52f4, 
0xc1f8, 0xf0fa, 0xf0fa, 0xf0fa, 0xf0fa, 0xf0fa, 0xf0fa, 0xf0fa, 
0xf0fa, 0xf0fa, 0xf0fa, 0xf0fa, 0xf0fa, 0xf0fa, 0xf0fa, 0xf0fa, 
0xeff7, 0xeff7, 0xeff7, 0xeff7, 0xeff7, 0xeff7, 0xeff7, 0xeff7, 
0xeff7, 0xeff7, 0xeff7, 0xeff7, 0xeff7, 0xaaf5, 0x33f3, 0x22f2, 
0x22f2, 0x22f2, 0x22f2, 0x22f2, 0x22f2, 0x44f3, 0xcdf6, 0xeff7, 
0xeff7, 0xeff7, 0xeff7, 0xeff7, 0xeff7, 0xeff7, 0xeff7, 0x77f4, 
0x22f2, 0x22f2, 0x22f2, 0x22f2, 0x22f2, 0x22f2, 0x22f2, 0x22f2, 
0x22f2, 0x55f3, 0xeff7, 0xeff7, 0xeff7, 0xeff7, 0xeff7, 0xeff7, 
0xeff7, 0xeff7, 0xeff7, 0xeff7, 0xeff7, 0xeff7, 0xeff7, 0xeff7, 
0xfaf8, 0xfaf8, 0xfaf8, 0xfaf8, 0xfaf8, 0xfaf8, 0xfaf8, 0xfaf8, 
0xfaf8, 0xfaf8, 0xfaf8, 0xfaf8, 0xfaf8, 0xfaf8, 0xfaf8, 0xfaf8, 
0xfaf8, 0xfaf8, 0xfaf8, 0xfaf8, 0x64f4, 0x22f2, 0x22f2, 0x22f2, 
0x22f2, 0x22f2, 0x22f2, 0x22f2, 0x22f2, 0x22f2, 0x22f2, 0x22f2, 
0x22f2, 0x22f2, 0x22f2, 0x22f2, 0x22f2, 0x22f2, 0x43f3, 0xfaf8, 
0xfaf8, 0xfaf8, 0xfaf8, 0xfaf8, 0xfaf8, 0xfaf8, 0xfaf8, 0xfaf8, 
0xfaf8, 0xfaf8, 0xfaf8, 0xfaf8, 0xfaf8, 0xfaf8, 0xfaf8, 0xfaf8, 
0xf5f8, 0xf5f8, 0xf5f8, 0xf5f8, 0xf5f8, 0xf5f8, 0xf5f8, 0xf5f8, 
0xf5f8, 0xf5f8, 0xf5f8, 0xf5f8, 0xf5f8, 0xe5f8, 0x32f3, 0x22f2, 
0x22f2, 0x22f2, 0x22f2, 0x22f2, 0x22f2, 0x22f2, 0x22f2, 0x22f2, 
0xc4f7, 0xf5f8, 0xf5f8, 0xf5f8, 0xf5f8, 0xf5f8, 0xc4f7, 0x22f2, 
0x22f2, 0x22f2, 0x22f2, 0x22f2, 0x22f2, 0x22f2, 0x22f2, 0x22f2, 
0x32f3, 0xe5f8, 0xf5f8, 0xf5f8, 0xf5f8, 0xf5f8, 0xf5f8, 0xf5f8, 
0xf5f8, 0xf5f8, 0xf5f8, 0xf5f8, 0xf5f8, 0xf5f8, 0xf5f8, 0xf5f8, 
0xf0fa, 0xf0fa, 0xf0fa, 0xf0fa, 0xf0fa, 0x22f3, 0x22f2, 0x22f2, 
0x22f2, 0x22f2, 0x22f2, 0x22f2, 0x22f2, 0x22f2, 0x22f2, 0x22f2, 
0x22f2, 0x22f2, 0x22f2, 0x71f5, 0xf0fa, 0xf0fa, 0xf0fa, 0xf0fa, 
0xf0fa, 0xf0fa, 0xf0fa, 0xf0fa, 0xf0fa, 0xf0fa, 0x52f4, 0x22f2, 
0x22f2, 0x22f2, 0x22f2, 0x22f2, 0x22f2, 0x22f2, 0x71f5, 0xf0fa, 
0xf0fa, 0xf0fa, 0xf0fa, 0xf0fa, 0xf0fa, 0xf0fa, 0xf0fa, 0xf0fa, 
0xf0fa, 0xf0fa, 0xf0fa, 0xf0fa, 0xf0fa, 0xf0fa, 0xf0fa, 0xf0fa, 
0xeff7, 0xeff7, 0xeff7, 0xeff7, 0xeff7, 0xeff7, 0xeff7, 0xeff7, 
0xeff7, 0xeff7, 0xeff7, 0xeff7, 0xeff7, 0xeff7, 0xdef7, 0xbcf6, 
0x9af5, 0x9af5, 0x9af5, 0x9af5, 0xccf6, 0xeff7, 0xeff7, 0xeff7, 
0xeff7, 0xeff7, 0xeff7, 0xeff7, 0xeff7, 0xeff7, 0xeff7, 0x55f4, 
0x22f2, 0x22f2, 0x22f2, 0x22f2, 0x22f2, 0x22f2, 0x22f2, 0x22f2, 
0x22f2, 0x67f4, 0xeff7, 0xeff7, 0xeff7, 0xeff7, 0xeff7, 0xeff7, 
0xeff7, 0xeff7, 0xeff7, 0xeff7, 0xeff7, 0xeff7, 0xeff7, 0xeff7, 
0xfaf8, 0xfaf8, 0xfaf8, 0xfaf8, 0xfaf8, 0xfaf8, 0xfaf8, 0xfaf8, 
0xfaf8, 0xfaf8, 0xfaf8, 0xfaf8, 0xfaf8, 0xfaf8, 0xfaf8, 0xfaf8, 
0xfaf8, 0xfaf8, 0xfaf8, 0xa7f6, 0x22f2, 0x22f2, 0x22f2, 0x22f2, 
0x22f2, 0x22f2, 0x22f2, 0x22f2, 0x22f2, 0x22f2, 0x22f2, 0x22f2, 
0x22f2, 0x22f2, 0x22f2, 0x22f2, 0x22f2, 0x22f2, 0x43f3, 0xfaf8, 
0xfaf8, 0xfaf8, 0xfaf8, 0xfaf8, 0xfaf8, 0xfaf8, 0xfaf8, 0xfaf8, 
0xfaf8, 0xfaf8, 0xfaf8, 0xfaf8, 0xfaf8, 0xfaf8, 0xfaf8, 0xfaf8, 
0xf5f8, 0xf5f8, 0xf5f8, 0xf5f8, 0xf5f8, 0xf5f8, 0xf5f8, 0xf5f8, 
0xf5f8, 0xf5f8, 0xf5f8, 0xf5f8, 0xf5f8, 0xf5f8, 0x63f4, 0x22f2, 
0x22f2, 0x22f2, 0x22f2, 0x22f2, 0x22f2, 0x22f2, 0x22f2, 0x22f2, 
0x63f4, 0xf5f8, 0xf5f8, 0xf5f8, 0xf5f8, 0xf5f8, 0x73f4, 0x22f2, 
0x22f2, 0x22f2, 0x22f2, 0x22f2, 0x22f2, 0x22f2, 0x22f2, 0x22f2, 
0x63f4, 0xf5f8, 0xf5f8, 0xf5f8, 0xf5f8, 0xf5f8, 0xf5f8, 0xf5f8, 
0xf5f8, 0xf5f8, 0xf5f8, 0xf5f8, 0xf5f8, 0xf5f8, 0xf5f8, 0xf5f8, 
0xf0fa, 0xf0fa, 0xf0fa, 0xf0fa, 0xf0fa, 0x61f5, 0x22f2, 0x22f2, 
0x32f3, 0x61f5, 0x81f6, 0x42f4, 0x22f2, 0x22f2, 0x22f2, 0x22f2, 
0x22f2, 0x22f2, 0x22f2, 0x71f5, 0xf0fa, 0xf0fa, 0xf0fa, 0xf0fa, 
0xf0fa, 0xf0fa, 0xf0fa, 0xf0fa, 0xf0fa, 0xd0f9, 0x22f2, 0x22f2, 
0x22f2, 0x22f2, 0x22f2, 0x22f2, 0x22f2, 0x52f4, 0xf0fa, 0xf0fa, 
0xf0fa, 0xf0fa, 0xf0fa, 0xf0fa, 0xf0fa, 0xf0fa, 0xf0fa, 0xf0fa, 
0xf0fa, 0xf0fa, 0xf0fa, 0xf0fa, 0xf0fa, 0xf0fa, 0xf0fa, 0xf0fa, 
0xeff7, 0xeff7, 0xeff7, 0xeff7, 0xeff7, 0xeff7, 0xeff7, 0xeff7, 
0xeff7, 0xeff7, 0xeff7, 0xeff7, 0xeff7, 0xeff7, 0xeff7, 0xeff7, 
0xeff7, 0xeff7, 0xeff7, 0xeff7, 0xeff7, 0xeff7, 0xeff7, 0xeff7, 
0xeff7, 0xeff7, 0xeff7, 0xeff7, 0xeff7, 0xeff7, 0xddf6, 0x22f2, 
0x22f2, 0x22f2, 0x22f2, 0x22f2, 0x22f2, 0x22f2, 0x22f2, 0x22f2, 
0x22f2, 0x9af5, 0xeff7, 0xeff7, 0xeff7, 0xeff7, 0xeff7, 0xeff7, 
0xeff7, 0xeff7, 0xeff7, 0xeff7, 0xeff7, 0xeff7, 0xeff7, 0xeff7, 
0xfaf8, 0xfaf8, 0xfaf8, 0xfaf8, 0xfaf8, 0xfaf8, 0xfaf8, 0xfaf8, 
0xfaf8, 0xfaf8, 0xfaf8, 0xfaf8, 0xfaf8, 0xfaf8, 0xfaf8, 0xfaf8, 
0xfaf8, 0xfaf8, 0xe9f8, 0x43f3, 0x22f2, 0x22f2, 0x22f2, 0x22f2, 
0x22f2, 0x22f2, 0x22f2, 0x22f2, 0x22f2, 0x22f2, 0x22f2, 0x22f2, 
0x22f2, 0x22f2, 0x22f2, 0x22f2, 0x22f2, 0x22f2, 0x43f3, 0xfaf8, 
0xfaf8, 0xfaf8, 0xfaf8, 0xfaf8, 0xfaf8, 0xfaf8, 0xfaf8, 0xfaf8, 
0xfaf8, 0xfaf8, 0xfaf8, 0xfaf8, 0xfaf8, 0xfaf8, 0xfaf8, 0xfaf8, 
0xf5f8, 0xf5f8, 0xf5f8, 0xf5f8, 0xf5f8, 0xf5f8, 0xf5f8, 0xf5f8, 
0xf5f8, 0xf5f8, 0xf5f8, 0xf5f8, 0xf5f8, 0xf5f8, 0xb4f6, 0x22f2, 
0x22f2, 0x22f2, 0x22f2, 0x22f2, 0x22f2, 0x22f2, 0x22f2, 0x22f2, 
0x22f2, 0x94f5, 0xe5f8, 0xf5f8, 0xe5f8, 0x94f5, 0x22f2, 0x22f2, 
0x22f2, 0x22f2, 0x22f2, 0x22f2, 0x22f2, 0x22f2, 0x22f2, 0x22f2, 
0xa4f6, 0xf5f8, 0xf5f8, 0xf5f8, 0xf5f8, 0xf5f8, 0xf5f8, 0xf5f8, 
0xf5f8, 0xf5f8, 0xf5f8, 0xf5f8, 0xf5f8, 0xf5f8, 0xf5f8, 0xf5f8, 
0xf0fa, 0xf0fa, 0xf0fa, 0xf0fa, 0xf0fa, 0xf0fa, 0xb1f8, 0xc1f8, 
0xe0f9, 0xf0fa, 0xf0fa, 0xd0f9, 0x22f2, 0x22f2, 0x22f2, 0x22f2, 
0x22f2, 0x22f2, 0x22f2, 0x71f5, 0xf0fa, 0xf0fa, 0xf0fa, 0xf0fa, 
0xf0fa, 0xf0fa, 0xf0fa, 0xf0fa, 0xf0fa, 0x81f6, 0x22f2, 0x22f2, 
0x22f2, 0x22f2, 0x22f2, 0x22f2, 0x22f2, 0x61f5, 0xd0f9, 0xb1f8, 
0xa1f7, 0x81f6, 0x81f6, 0xa1f7, 0xc0f8, 0xf0fa, 0xf0fa, 0xf0fa, 
0xf0fa, 0xf0fa, 0xf0fa, 0xf0fa, 0xf0fa, 0xf0fa, 0xf0fa, 0xf0fa, 
0xeff7, 0xeff7, 0xeff7, 0xeff7, 0xeff7, 0xeff7, 0xeff7, 0xeff7, 
0xeff7, 0xeff7, 0xeff7, 0xeff7, 0xeff7, 0xeff7, 0xeff7, 0xeff7, 
0xeff7, 0xeff7, 0xeff7, 0xeff7, 0xeff7, 0xeff7, 0xeff7, 0xeff7, 
0xeff7, 0xeff7, 0xeff7, 0xeff7, 0xeff7, 0xeff7, 0x88f4, 0x22f2, 
0x22f2, 0x22f2, 0x22f2, 0x22f2, 0x22f2, 0x22f2, 0x22f2, 0x22f2, 
0x22f2, 0xcdf6, 0xeff7, 0xeff7, 0xeff7, 0xeff7, 0xeff7, 0xeff7, 
0xeff7, 0xeff7, 0xeff7, 0xeff7, 0xeff7, 0xeff7, 0xeff7, 0xeff7, 
0xfaf8, 0xfaf8, 0xfaf8, 0xfaf8, 0xfaf8, 0xfaf8, 0xfaf8, 0xfaf8, 
0xfaf8, 0xfaf8, 0xfaf8, 0xfaf8, 0xfaf8, 0xfaf8, 0xfaf8, 0xfaf8, 
0xfaf8, 0xfaf8, 0x75f4, 0x22f2, 0x22f2, 0x22f2, 0x22f2, 0x22f2, 
0x22f2, 0x22f2, 0x22f2, 0x22f2, 0x22f2, 0x22f2, 0x22f2, 0x22f2, 
0x22f2, 0x22f2, 0x22f2, 0x22f2, 0x22f2, 0x22f2, 0x43f3, 0xfaf8, 
0xfaf8, 0xfaf8, 0xfaf8, 0xfaf8, 0xfaf8, 0xfaf8, 0xfaf8, 0xfaf8, 
0xfaf8, 0xfaf8, 0xfaf8, 0xfaf8, 0xfaf8, 0xfaf8, 0xfaf8, 0xfaf8, 
0xf5f8, 0xf5f8, 0xf5f8, 0xf5f8, 0xf5f8, 0xf5f8, 0xf5f8, 0xf5f8, 
0xf5f8, 0xf5f8, 0xf5f8, 0xf5f8, 0xf5f8, 0xf5f8, 0xe5f8, 0x53f3, 
0x22f2, 0x22f2, 0x22f2, 0x22f2, 0x22f2, 0x22f2, 0x22f2, 0x22f2, 
0x22f2, 0x22f2, 0x32f3, 0x43f3, 0x32f3, 0x22f2, 0x22f2, 0x22f2, 
0x22f2, 0x22f2, 0x22f2, 0x22f2, 0x22f2, 0x22f2, 0x22f2, 0x53f3, 
0xf5f8, 0xf5f8, 0xf5f8, 0xf5f8, 0xf5f8, 0xf5f8, 0xf5f8, 0xf5f8, 
0xf5f8, 0xf5f8, 0xf5f8, 0xf5f8, 0xf5f8, 0xf5f8, 0xf5f8, 0xf5f8, 
0xf0fa, 0xf0fa, 0xf0fa, 0xf0fa, 0xf0fa, 0xf0fa, 0xf0fa, 0xf0fa, 
0xf0fa, 0xf0fa, 0xf0fa, 0xe0fa, 0x32f3, 0x22f2, 0x22f2, 0x22f2, 
0x22f2, 0x22f2, 0x22f2, 0x71f5, 0xf0fa, 0xf0fa, 0xf0fa, 0xf0fa, 
0xf0fa, 0xf0fa, 0xf0fa, 0xf0fa, 0xf0fa, 0x42f3, 0x22f2, 0x22f2, 
0x22f2, 0x22f2, 0x22f2, 0x22f2, 0x22f2, 0x22f2, 0x22f2, 0x22f2, 
0x22f2, 0x22f2, 0x22f2, 0x22f2, 0x22f2, 0x52f4, 0xb1f8, 0xf0fa, 
0xf0fa, 0xf0fa, 0xf0fa, 0xf0fa, 0xf0fa, 0xf0fa, 0xf0fa, 0xf0fa, 
0xeff7, 0xeff7, 0xeff7, 0xeff7, 0xeff7, 0xeff7, 0xeff7, 0xeff7, 
0xeff7, 0xeff7, 0xeff7, 0xeff7, 0xeff7, 0xeff7, 0xeff7, 0xeff7, 
0xeff7, 0xeff7, 0xeff7, 0xeff7, 0xeff7, 0xeff7, 0xeff7, 0xeff7, 
0xeff7, 0xeff7, 0xeff7, 0xeff7, 0xeff7, 0xcdf6, 0x33f3, 0x22f2, 
0x22f2, 0x22f2, 0x22f2, 0x22f2, 0x22f2, 0x22f2, 0x22f2, 0x22f2, 
0x66f4, 0xeff7, 0xeff7, 0xeff7, 0xeff7, 0xeff7, 0xeff7, 0xeff7, 
0xeff7, 0xeff7, 0xeff7, 0xeff7, 0xeff7, 0xeff7, 0xeff7, 0xeff7, 
0xfaf8, 0xfaf8, 0xfaf8, 0xfaf8, 0xfaf8, 0xfaf8, 0xfaf8, 0xfaf8, 
0xfaf8, 0xfaf8, 0xfaf8, 0xfaf8, 0xfaf8, 0xfaf8, 0xfaf8, 0xfaf8, 
0xfaf8, 0xc8f7, 0x22f2, 0x22f2, 0x22f2, 0x22f2, 0x22f2, 0x22f2, 
0x22f2, 0x22f2, 0x43f3, 0xb7f6, 0x33f3, 0x22f2, 0x22f2, 0x22f2, 
0x22f2, 0x22f2, 0x22f2, 0x22f2, 0x22f2, 0x22f2, 0x43f3, 0xfaf8, 
0xfaf8, 0xfaf8, 0xfaf8, 0xfaf8, 0xfaf8, 0xfaf8, 0xfaf8, 0xfaf8, 
0xfaf8, 0xfaf8, 0xfaf8, 0xfaf8, 0xfaf8, 0xfaf8, 0xfaf8, 0xfaf8, 
0xf5f8, 0xf5f8, 0xf5f8, 0xf5f8, 0xf5f8, 0xf5f8, 0xf5f8, 0xf5f8, 
0xf5f8, 0xf5f8, 0xf5f8, 0xf5f8, 0xf5f8, 0xf5f8, 0xf5f8, 0xd4f7, 
0x22f2, 0x22f2, 0x22f2, 0x22f2, 0x22f2, 0x22f2, 0x22f2, 0x22f2, 
0x22f2, 0x22f2, 0x22f2, 0x22f2, 0x22f2, 0x22f2, 0x22f2, 0x22f2, 
0x22f2, 0x22f2, 0x22f2, 0x22f2, 0x22f2, 0x22f2, 0x22f2, 0xd4f7, 
0xf5f8, 0xf5f8, 0xf5f8, 0xf5f8, 0xf5f8, 0xf5f8, 0xf5f8, 0xf5f8, 
0xf5f8, 0xf5f8, 0xf5f8, 0xf5f8, 0xf5f8, 0xf5f8, 0xf5f8, 0xf5f8, 
0xf0fa, 0xf0fa, 0xf0fa, 0xf0fa, 0xf0fa, 0xf0fa, 0xf0fa, 0xf0fa, 
0xf0fa, 0xf0fa, 0xf0fa, 0xe0fa, 0x32f3, 0x22f2, 0x22f2, 0x22f2, 
0x22f2, 0x22f2, 0x22f2, 0x71f5, 0xf0fa, 0xf0fa, 0xf0fa, 0xf0fa, 
0xf0fa, 0xf0fa, 0xf0fa, 0xf0fa, 0xc0f8, 0x22f2, 0x22f2, 0x22f2, 
0x22f2, 0x22f2, 0x22f2, 0x22f2, 0x22f2, 0x22f2, 0x22f2, 0x22f2, 
0x22f2, 0x22f2, 0x22f2, 0x22f2, 0x22f2, 0x22f2, 0x22f2, 0x91f6, 
0xf0fa, 0xf0fa, 0xf0fa, 0xf0fa, 0xf0fa, 0xf0fa, 0xf0fa, 0xf0fa, 
0xeff7, 0xeff7, 0xeff7, 0xeff7, 0xeff7, 0xeff7, 0xeff7, 0xeff7, 
0xeff7, 0xeff7, 0xeff7, 0xeff7, 0xeff7, 0xeff7, 0xeff7, 0xeff7, 
0xeff7, 0xeff7, 0xeff7, 0xeff7, 0xeff7, 0xeff7, 0xeff7, 0xeff7, 
0xeff7, 0xeff7, 0xeff7, 0xeff7, 0xeff7, 0x55f3, 0x22f2, 0x22f2, 
0x22f2, 0x22f2, 0x22f2, 0x22f2, 0x22f2, 0x22f2, 0x22f2, 0x22f2, 
0xbcf6, 0xeff7, 0xeff7, 0xeff7, 0xeff7, 0xeff7, 0xeff7, 0xeff7, 
0xeff7, 0xeff7, 0xeff7, 0xeff7, 0xeff7, 0xeff7, 0xeff7, 0xeff7, 
0xfaf8, 0xfaf8, 0xfaf8, 0xfaf8, 0xfaf8, 0xfaf8, 0xfaf8, 0xfaf8, 
0xfaf8, 0xfaf8, 0xfaf8, 0xfaf8, 0xfaf8, 0xfaf8, 0xfaf8, 0xfaf8, 
0xfaf8, 0x54f3, 0x22f2, 0x22f2, 0x22f2, 0x22f2, 0x22f2, 0x22f2, 
0x22f2, 0x43f3, 0xd9f7, 0xfaf8, 0x65f4, 0x22f2, 0x22f2, 0x22f2, 
0x22f2, 0x22f2, 0x22f2, 0x22f2, 0x22f2, 0x22f2, 0x43f3, 0xfaf8, 
0xfaf8, 0xfaf8, 0xfaf8, 0xfaf8, 0xfaf8, 0xfaf8, 0xfaf8, 0xfaf8, 
0xfaf8, 0xfaf8, 0xfaf8, 0xfaf8, 0xfaf8, 0xfaf8, 0xfaf8, 0xfaf8, 
0xf5f8, 0xf5f8, 0xf5f8, 0xf5f8, 0xf5f8, 0xf5f8, 0xf5f8, 0xf5f8, 
0xf5f8, 0xf5f8, 0xf5f8, 0xf5f8, 0xf5f8, 0xf5f8, 0xf5f8, 0xf5f8, 
0xa4f6, 0x22f2, 0x22f2, 0x22f2, 0x22f2, 0x22f2, 0x22f2, 0x22f2, 
0x22f2, 0x22f2, 0x22f2, 0x22f2, 0x22f2, 0x22f2, 0x22f2, 0x22f2, 
0x22f2, 0x22f2, 0x22f2, 0x22f2, 0x22f2, 0x22f2, 0xa4f6, 0xf5f8, 
0xf5f8, 0xf5f8, 0xf5f8, 0xf5f8, 0xf5f8, 0xf5f8, 0xf5f8, 0xf5f8, 
0xf5f8, 0xf5f8, 0xf5f8, 0xf5f8, 0xf5f8, 0xf5f8, 0xf5f8, 0xf5f8, 
0xf0fa, 0xf0fa, 0xf0fa, 0xf0fa, 0xf0fa, 0xf0fa, 0xf0fa, 0xf0fa, 
0xf0fa, 0xf0fa, 0xf0fa, 0xe0fa, 0x32f3, 0x22f2, 0x22f2, 0x22f2, 
0x22f2, 0x22f2, 0x22f2, 0x71f5, 0xf0fa, 0xf0fa, 0xf0fa, 0xf0fa, 
0xf0fa, 0xf0fa, 0xf0fa, 0xf0fa, 0xa1f7, 0x22f2, 0x22f2, 0x22f2, 
0x22f2, 0x22f2, 0x22f2, 0x22f2, 0x22f2, 0x22f2, 0x22f2, 0x22f2, 
0x22f2, 0x22f2, 0x22f2, 0x22f2, 0x22f2, 0x22f2, 0x22f2, 0x22f2, 
0x91f6, 0xf0fa, 0xf0fa, 0xf0fa, 0xf0fa, 0xf0fa, 0xf0fa, 0xf0fa, 
0xeff7, 0xeff7, 0xeff7, 0xeff7, 0xeff7, 0xeff7, 0xeff7, 0xeff7, 
0xeff7, 0xeff7, 0xeff7, 0xeff7, 0xeff7, 0xeff7, 0xeff7, 0xeff7, 
0xeff7, 0xeff7, 0xeff7, 0xeff7, 0xeff7, 0xeff7, 0xeff7, 0xeff7, 
0xeff7, 0xeff7, 0xeff7, 0xeff7, 0x88f5, 0x22f2, 0x22f2, 0x22f2, 
0x22f2, 0x22f2, 0x22f2, 0x22f2, 0x22f2, 0x22f2, 0x22f2, 0x66f4, 
0xeff7, 0xeff7, 0xeff7, 0xeff7, 0xeff7, 0xeff7, 0xeff7, 0xeff7, 
0xeff7, 0xeff7, 0xeff7, 0xeff7, 0xeff7, 0xeff7, 0xeff7, 0xeff7, 
0xfaf8, 0xfaf8, 0xfaf8, 0xfaf8, 0xfaf8, 0xfaf8, 0xfaf8, 0xfaf8, 
0xfaf8, 0xfaf8, 0xfaf8, 0xfaf8, 0xfaf8, 0xfaf8, 0xfaf8, 0xfaf8, 
0x96f5, 0x22f2, 0x22f2, 0x22f2, 0x22f2, 0x22f2, 0x22f2, 0x22f2, 
0x22f2, 0xa7f6, 0xfaf8, 0xfaf8, 0x96f5, 0x22f2, 0x22f2, 0x22f2, 
0x22f2, 0x22f2, 0x22f2, 0x22f2, 0x22f2, 0x22f2, 0x43f3, 0xfaf8, 
0xfaf8, 0xfaf8, 0xfaf8, 0xfaf8, 0xfaf8, 0xfaf8, 0xfaf8, 0xfaf8, 
0xfaf8, 0xfaf8, 0xfaf8, 0xfaf8, 0xfaf8, 0xfaf8, 0xfaf8, 0xfaf8, 
0xf5f8, 0xf5f8, 0xf5f8, 0xf5f8, 0xf5f8, 0xf5f8, 0xf5f8, 0xf5f8, 
0xf5f8, 0xf5f8, 0xf5f8, 0xf5f8, 0xf5f8, 0xf5f8, 0xf5f8, 0xf5f8, 
0xf5f8, 0x73f4, 0x22f2, 0x22f2, 0x22f2, 0x22f2, 0x22f2, 0x22f2, 
0x22f2, 0x22f2, 0x22f2, 0x22f2, 0x22f2, 0x22f2, 0x22f2, 0x22f2, 
0x22f2, 0x22f2, 0x22f2, 0x22f2, 0x22f2, 0x63f4, 0xf5f8, 0xf5f8, 
0xf5f8, 0xf5f8, 0xf5f8, 0xf5f8, 0xf5f8, 0xf5f8, 0xf5f8, 0xf5f8, 
0xf5f8, 0xf5f8, 0xf5f8, 0xf5f8, 0xf5f8, 0xf5f8, 0xf5f8, 0xf5f8, 
0xf0fa, 0xf0fa, 0xf0fa, 0xf0fa, 0xf0fa, 0xf0fa, 0xf0fa, 0xf0fa, 
0xf0fa, 0xf0fa, 0xf0fa, 0xe0fa, 0x32f3, 0x22f2, 0x22f2, 0x22f2, 
0x22f2, 0x22f2, 0x22f2, 0x71f5, 0xf0fa, 0xf0fa, 0xf0fa, 0xf0fa, 
0xf0fa, 0xf0fa, 0xf0fa, 0xf0fa, 0x81f6, 0x22f2, 0x22f2, 0x22f2, 
0x22f2, 0x22f2, 0x22f2, 0x22f2, 0x22f2, 0x22f2, 0x22f2, 0x22f2, 
0x22f2, 0x22f2, 0x22f2, 0x22f2, 0x22f2, 0x22f2, 0x22f2, 0x22f2, 
0x22f2, 0xc0f8, 0xf0fa, 0xf0fa, 0xf0fa, 0xf0fa, 0xf0fa, 0xf0fa, 
0xeff7, 0xeff7, 0xeff7, 0xeff7, 0xeff7, 0xeff7, 0xeff7, 0xeff7, 
0xeff7, 0xeff7, 0xeff7, 0xeff7, 0xeff7, 0xeff7, 0xeff7, 0xeff7, 
0xeff7, 0xeff7, 0xeff7, 0xeff7, 0xeff7, 0xeff7, 0xeff7, 0xeff7, 
0xeff7, 0xeff7, 0xeff7, 0xabf5, 0x22f2, 0x22f2, 0x22f2, 0x22f2, 
0x22f2, 0x22f2, 0x22f2, 0x22f2, 0x22f2, 0x22f2, 0x33f3, 0xddf6, 
0xeff7, 0xeff7, 0xeff7, 0xeff7, 0xeff7, 0xeff7, 0xeff7, 0xeff7, 
0xeff7, 0xeff7, 0xeff7, 0xeff7, 0xeff7, 0xeff7, 0xeff7, 0xeff7, 
0xfaf8, 0xfaf8, 0xfaf8, 0xfaf8, 0xfaf8, 0xfaf8, 0xfaf8, 0xfaf8, 
0xfaf8, 0xfaf8, 0xfaf8, 0xfaf8, 0xfaf8, 0xfaf8, 0xfaf8, 0xd9f7, 
0x32f3, 0x22f2, 0x22f2, 0x22f2, 0x22f2, 0x22f2, 0x22f2, 0x22f2, 
0x54f4, 0xfaf8, 0xfaf8, 0xfaf8, 0xa7f6, 0x22f2, 0x22f2, 0x22f2, 
0x22f2, 0x22f2, 0x22f2, 0x22f2, 0x22f2, 0x22f2, 0x43f3, 0xfaf8, 
0xfaf8, 0xfaf8, 0xfaf8, 0xfaf8, 0xfaf8, 0xfaf8, 0xfaf8, 0xfaf8, 
0xfaf8, 0xfaf8, 0xfaf8, 0xfaf8, 0xfaf8, 0xfaf8, 0xfaf8, 0xfaf8, 
0xf5f8, 0xf5f8, 0xf5f8, 0xf5f8, 0xf5f8, 0xf5f8, 0xf5f8, 0xf5f8, 
0xf5f8, 0xf5f8, 0xf5f8, 0xf5f8, 0xf5f8, 0xf5f8, 0xf5f8, 0xf5f8, 
0xf5f8, 0x94f5, 0x22f2, 0x22f2, 0x22f2, 0x22f2, 0x22f2, 0x22f2, 
0x22f2, 0x22f2, 0x22f2, 0x22f2, 0x22f2, 0x22f2, 0x22f2, 0x22f2, 
0x22f2, 0x22f2, 0x22f2, 0x22f2, 0x22f2, 0x83f5, 0xf5f8, 0xf5f8, 
0xf5f8, 0xf5f8, 0xf5f8, 0xf5f8, 0xf5f8, 0xf5f8, 0xf5f8, 0xf5f8, 
0xf5f8, 0xf5f8, 0xf5f8, 0xf5f8, 0xf5f8, 0xf5f8, 0xf5f8, 0xf5f8, 
0xf0fa, 0xf0fa, 0xf0fa, 0xf0fa, 0xf0fa, 0xf0fa, 0xf0fa, 0xf0fa, 
0xf0fa, 0xf0fa, 0xf0fa, 0xe0fa, 0x32f3, 0x22f2, 0x22f2, 0x22f2, 
0x22f2, 0x22f2, 0x22f2, 0x71f5, 0xf0fa, 0xf0fa, 0xf0fa, 0xf0fa, 
0xf0fa, 0xf0fa, 0xf0fa, 0xf0fa, 0x81f6, 0x22f2, 0x22f2, 0x22f2, 
0x22f2, 0x22f2, 0x22f2, 0x22f2, 0x22f2, 0x22f2, 0x22f2, 0x22f2, 
0x22f2, 0x22f2, 0x22f2, 0x22f2, 0x22f2, 0x22f2, 0x22f2, 0x22f2, 
0x22f2, 0x61f5, 0xf0fa, 0xf0fa, 0xf0fa, 0xf0fa, 0xf0fa, 0xf0fa, 
0xeff7, 0xeff7, 0xeff7, 0xeff7, 0xeff7, 0xeff7, 0xeff7, 0xeff7, 
0xeff7, 0xeff7, 0xeff7, 0xeff7, 0xeff7, 0xeff7, 0xeff7, 0xeff7, 
0xeff7, 0xeff7, 0xeff7, 0xeff7, 0xeff7, 0xeff7, 0xeff7, 0xeff7, 
0xeff7, 0xeff7, 0xbbf6, 0x33f3, 0x22f2, 0x22f2, 0x22f2, 0x22f2, 
0x22f2, 0x22f2, 0x22f2, 0x22f2, 0x22f2, 0x22f2, 0xaaf5, 0xeff7, 
0xeff7, 0xeff7, 0xeff7, 0xeff7, 0xeff7, 0xeff7, 0xeff7, 0xeff7, 
0xeff7, 0xeff7, 0xeff7, 0xeff7, 0xeff7, 0xeff7, 0xeff7, 0xeff7, 
0xfaf8, 0xfaf8, 0xfaf8, 0xfaf8, 0xfaf8, 0xfaf8, 0xfaf8, 0xfaf8, 
0xfaf8, 0xfaf8, 0xfaf8, 0xfaf8, 0xfaf8, 0xfaf8, 0xfaf8, 0x64f4, 
0x22f2, 0x22f2, 0x22f2, 0x22f2, 0x22f2, 0x22f2, 0x22f2, 0x22f2, 
0xd9f7, 0xfaf8, 0xfaf8, 0xfaf8, 0xa7f6, 0x22f2, 0x22f2, 0x22f2, 
0x22f2, 0x22f2, 0x22f2, 0x22f2, 0x22f2, 0x22f2, 0x53f3, 0xfaf8, 
0xfaf8, 0xfaf8, 0xfaf8, 0xfaf8, 0xfaf8, 0xfaf8, 0xfaf8, 0xfaf8, 
0xfaf8, 0xfaf8, 0xfaf8, 0xfaf8, 0xfaf8, 0xfaf8, 0xfaf8, 0xfaf8, 
0xf5f8, 0xf5f8, 0xf5f8, 0xf5f8, 0xf5f8, 0xf5f8, 0xf5f8, 0xf5f8, 
0xf5f8, 0xf5f8, 0xf5f8, 0xf5f8, 0xf5f8, 0xf5f8, 0xf5f8, 0xf5f8, 
0xe5f7, 0x32f3, 0x22f2, 0x22f2, 0x22f2, 0x22f2, 0x22f2, 0x22f2, 
0x22f2, 0x22f2, 0x22f2, 0x22f2, 0x22f2, 0x22f2, 0x22f2, 0x22f2, 
0x22f2, 0x22f2, 0x22f2, 0x22f2, 0x22f2, 0x32f3, 0xe5f7, 0xf5f8, 
0xf5f8, 0xf5f8, 0xf5f8, 0xf5f8, 0xf5f8, 0xf5f8, 0xf5f8, 0xf5f8, 
0xf5f8, 0xf5f8, 0xf5f8, 0xf5f8, 0xf5f8, 0xf5f8, 0xf5f8, 0xf5f8, 
0xf0fa, 0xf0fa, 0xf0fa, 0xf0fa, 0xf0fa, 0xf0fa, 0xf0fa, 0xf0fa, 
0xf0fa, 0xf0fa, 0xf0fa, 0xe0fa, 0x32f3, 0x22f2, 0x22f2, 0x22f2, 
0x22f2, 0x22f2, 0x22f2, 0x71f5, 0xf0fa, 0xf0fa, 0xf0fa, 0xf0fa, 
0xf0fa, 0xf0fa, 0xf0fa, 0xf0fa, 0x61f5, 0x22f2, 0x22f2, 0x22f2, 
0x22f2, 0x22f2, 0x22f2, 0x22f2, 0x22f2, 0x32f3, 0x71f5, 0x71f5, 
0x62f4, 0x22f2, 0x22f2, 0x22f2, 0x22f2, 0x22f2, 0x22f2, 0x22f2, 
0x22f2, 0x22f2, 0xd0f9, 0xf0fa, 0xf0fa, 0xf0fa, 0xf0fa, 0xf0fa, 
0xeff7, 0xeff7, 0xeff7, 0xeff7, 0xeff7, 0xeff7, 0xeff7, 0xeff7, 
0xeff7, 0xeff7, 0xeff7, 0xeff7, 0xeff7, 0xeff7, 0xeff7, 0xeff7, 
0xeff7, 0xeff7, 0xeff7, 0xeff7, 0xeff7, 0xeff7, 0xeff7, 0xeff7, 
0xeff7, 0xcdf6, 0x33f3, 0x22f2, 0x22f2, 0x22f2, 0x22f2, 0x22f2, 
0x22f2, 0x22f2, 0x22f2, 0x22f2, 0x22f2, 0x77f4, 0xeff7, 0xeff7, 
0xeff7, 0xeff7, 0xeff7, 0xeff7, 0xeff7, 0xeff7, 0xeff7, 0xeff7, 
0xeff7, 0xeff7, 0xeff7, 0xeff7, 0xeff7, 0xeff7, 0xeff7, 0xeff7, 
0xfaf8, 0xfaf8, 0xfaf8, 0xfaf8, 0xfaf8, 0xfaf8, 0xfaf8, 0xfaf8, 
0xfaf8, 0xfaf8, 0xfaf8, 0xfaf8, 0xfaf8, 0xfaf8, 0xb7f6, 0x22f2, 
0x22f2, 0x22f2, 0x22f2, 0x22f2, 0x22f2, 0x22f2, 0x22f2, 0x75f4, 
0xfaf8, 0xfaf8, 0xfaf8, 0xfaf8, 0x97f6, 0x22f2, 0x22f2, 0x22f2, 
0x22f2, 0x22f2, 0x22f2, 0x22f2, 0x22f2, 0x22f2, 0x43f3, 0xfaf8, 
0xfaf8, 0xfaf8, 0xfaf8, 0xfaf8, 0xfaf8, 0xfaf8, 0xfaf8, 0xfaf8, 
0xfaf8, 0xfaf8, 0xfaf8, 0xfaf8, 0xfaf8, 0xfaf8, 0xfaf8, 0xfaf8, 
0xf5f8, 0xf5f8, 0xf5f8, 0xf5f8, 0xf5f8, 0xf5f8, 0xf5f8, 0xf5f8, 
0xf5f8, 0xf5f8, 0xf5f8, 0xf5f8, 0xf5f8, 0xf5f8, 0xf5f8, 0xe5f7, 
0x43f3, 0x22f2, 0x22f2, 0x22f2, 0x22f2, 0x22f2, 0x22f2, 0x22f2, 
0x22f2, 0x22f2, 0x22f2, 0x22f2, 0x22f2, 0x22f2, 0x22f2, 0x22f2, 
0x22f2, 0x22f2, 0x22f2, 0x22f2, 0x22f2, 0x22f2, 0x43f3, 0xe5f8, 
0xf5f8, 0xf5f8, 0xf5f8, 0xf5f8, 0xf5f8, 0xf5f8, 0xf5f8, 0xf5f8, 
0xf5f8, 0xf5f8, 0xf5f8, 0xf5f8, 0xf5f8, 0xf5f8, 0xf5f8, 0xf5f8, 
0xf0fa, 0xf0fa, 0xf0fa, 0xf0fa, 0xf0fa, 0xf0fa, 0xf0fa, 0xf0fa, 
0xf0fa, 0xf0fa, 0xf0fa, 0xe0fa, 0x32f3, 0x22f2, 0x22f2, 0x22f2, 
0x22f2, 0x22f2, 0x22f2, 0x71f5, 0xf0fa, 0xf0fa, 0xf0fa, 0xf0fa, 
0xf0fa, 0xf0fa, 0xf0fa, 0xf0fa, 0x62f4, 0x22f2, 0x22f2, 0x22f2, 
0x22f2, 0x22f2, 0x22f2, 0x22f2, 0x42f4, 0xd0f9, 0xf0fa, 0xf0fa, 
0xf0fa, 0xc1f8, 0x32f3, 0x22f2, 0x22f2, 0x22f2, 0x22f2, 0x22f2, 
0x22f2, 0x22f2, 0x91f6, 0xf0fa, 0xf0fa, 0xf0fa, 0xf0fa, 0xf0fa, 
0xeff7, 0xeff7, 0xeff7, 0xeff7, 0xeff7, 0xeff7, 0xeff7, 0xeff7, 
0xeff7, 0xeff7, 0xeff7, 0xeff7, 0xeff7, 0xeff7, 0xeff7, 0xeff7, 
0xeff7, 0xeff7, 0xeff7, 0xeff7, 0xeff7, 0xeff7, 0xeff7, 0xeff7, 
0xcdf6, 0x44f3, 0x22f2, 0x22f2, 0x22f2, 0x22f2, 0x22f2, 0x22f2, 
0x22f2, 0x22f2, 0x22f2, 0x22f2, 0x55f4, 0xeff7, 0xeff7, 0xeff7, 
0xeff7, 0xeff7, 0xeff7, 0xeff7, 0xeff7, 0xeff7, 0xeff7, 0xeff7, 
0xeff7, 0xeff7, 0xeff7, 0xeff7, 0xeff7, 0xeff7, 0xeff7, 0xeff7, 
0xfaf8, 0xfaf8, 0xfaf8, 0xfaf8, 0xfaf8, 0xfaf8, 0xfaf8, 0xfaf8, 
0xfaf8, 0xfaf8, 0xfaf8, 0xfaf8, 0xfaf8, 0xe9f8, 0x33f3, 0x22f2, 
0x22f2, 0x22f2, 0x22f2, 0x22f2, 0x22f2, 0x22f2, 0x22f2, 0xa7f6, 
0xfaf8, 0xfaf8, 0xfaf8, 0xfaf8, 0x64f4, 0x22f2, 0x22f2, 0x22f2, 
0x22f2, 0x22f2, 0x22f2, 0x22f2, 0x22f2, 0x22f2, 0x22f2, 0xd9f7, 
0xfaf8, 0xfaf8, 0xfaf8, 0xfaf8, 0xfaf8, 0xfaf8, 0xfaf8, 0xfaf8, 
0xfaf8, 0xfaf8, 0xfaf8, 0xfaf8, 0xfaf8, 0xfaf8, 0xfaf8, 0xfaf8, 
0xf5f8, 0xf5f8, 0xf5f8, 0xf5f8, 0xf5f8, 0xf5f8, 0xf5f8, 0xf5f8, 
0xf5f8, 0xf5f8, 0xf5f8, 0xf5f8, 0xf5f8, 0xf5f8, 0xf5f8, 0x53f3, 
0x22f2, 0x22f2, 0x22f2, 0x22f2, 0x22f2, 0x22f2, 0x22f2, 0x22f2, 
0x22f2, 0x22f2, 0x22f2, 0x22f2, 0x22f2, 0x22f2, 0x22f2, 0x22f2, 
0x22f2, 0x22f2, 0x22f2, 0x22f2, 0x22f2, 0x22f2, 0x22f2, 0x63f4, 
0xf5f8, 0xf5f8, 0xf5f8, 0xf5f8, 0xf5f8, 0xf5f8, 0xf5f8, 0xf5f8, 
0xf5f8, 0xf5f8, 0xf5f8, 0xf5f8, 0xf5f8, 0xf5f8, 0xf5f8, 0xf5f8, 
0xf0fa, 0xf0fa, 0xf0fa, 0xf0fa, 0xf0fa, 0xf0fa, 0xf0fa, 0xf0fa, 
0xf0fa, 0xf0fa, 0xf0fa, 0xe0fa, 0x32f3, 0x22f2, 0x22f2, 0x22f2, 
0x22f2, 0x22f2, 0x22f2, 0x71f5, 0xf0fa, 0xf0fa, 0xf0fa, 0xf0fa, 
0xf0fa, 0xf0fa, 0xf0fa, 0xf0fa, 0x61f4, 0x22f2, 0x22f2, 0x22f2, 
0x22f2, 0x22f2, 0x22f2, 0x22f2, 0xb1f8, 0xf0fa, 0xf0fa, 0xf0fa, 
0xf0fa, 0xf0fa, 0x91f7, 0x22f2, 0x22f2, 0x22f2, 0x22f2, 0x22f2, 
0x22f2, 0x22f2, 0x61f4, 0xf0fa, 0xf0fa, 0xf0fa, 0xf0fa, 0xf0fa, 
0xeff7, 0xeff7, 0xeff7, 0xeff7, 0xeff7, 0xeff7, 0xeff7, 0xeff7, 
0xeff7, 0xeff7, 0xeff7, 0xeff7, 0xeff7, 0xeff7, 0xeff7, 0xeff7, 
0xeff7, 0xeff7, 0xeff7, 0xeff7, 0xeff7, 0xeff7, 0xeff7, 0xcdf6, 
0x44f3, 0x22f2, 0x22f2, 0x22f2, 0x22f2, 0x22f2, 0x22f2, 0x22f2, 
0x22f2, 0x22f2, 0x22f2, 0x55f3, 0xdef7, 0xeff7, 0xeff7, 0xeff7, 
0xeff7, 0xeff7, 0xeff7, 0xeff7, 0xeff7, 0xeff7, 0xeff7, 0xeff7, 
0xeff7, 0xeff7, 0xeff7, 0xeff7, 0xeff7, 0xeff7, 0xeff7, 0xeff7, 
0xfaf8, 0xfaf8, 0xfaf8, 0xfaf8, 0xfaf8, 0xfaf8, 0xfaf8, 0xfaf8, 
0xfaf8, 0xfaf8, 0xfaf8, 0xfaf8, 0xfaf8, 0x75f5, 0x22f2, 0x22f2, 
0x22f2, 0x22f2, 0x22f2, 0x22f2, 0x22f2, 0x22f2, 0x22f2, 0x54f4, 
0xd9f7, 0xe9f8, 0xe9f7, 0x96f5, 0x22f2, 0x22f2, 0x22f2, 0x22f2, 
0x22f2, 0x22f2, 0x22f2, 0x22f2, 0x22f2, 0x22f2, 0x22f2, 0x65f4, 
0xe9f7, 0xfaf8, 0xfaf8, 0xfaf8, 0xfaf8, 0xfaf8, 0xfaf8, 0xfaf8, 
0xfaf8, 0xfaf8, 0xfaf8, 0xfaf8, 0xfaf8, 0xfaf8, 0xfaf8, 0xfaf8, 
0xf5f8, 0xf5f8, 0xf5f8, 0xf5f8, 0xf5f8, 0xf5f8, 0xf5f8, 0xf5f8, 
0xf5f8, 0xf5f8, 0xf5f8, 0xf5f8, 0xf5f8, 0xf5f8, 0x83f5, 0x22f2, 
0x22f2, 0x22f2, 0x22f2, 0x22f2, 0x22f2, 0x22f2, 0x22f2, 0x22f2, 
0x22f2, 0x22f2, 0x63f4, 0x63f4, 0x63f4, 0x22f2, 0x22f2, 0x22f2, 
0x22f2, 0x22f2, 0x22f2, 0x22f2, 0x22f2, 0x22f2, 0x22f2, 0x22f2, 
0x94f5, 0xf5f8, 0xf5f8, 0xf5f8, 0xf5f8, 0xf5f8, 0xf5f8, 0xf5f8, 
0xf5f8, 0xf5f8, 0xf5f8, 0xf5f8, 0xf5f8, 0xf5f8, 0xf5f8, 0xf5f8, 
0xf0fa, 0xf0fa, 0xf0fa, 0xf0fa, 0xf0fa, 0xf0fa, 0xf0fa, 0xf0fa, 
0xf0fa, 0xf0fa, 0xf0fa, 0xe0fa, 0x32f3, 0x22f2, 0x22f2, 0x22f2, 
0x22f2, 0x22f2, 0x22f2, 0x71f5, 0xf0fa, 0xf0fa, 0xf0fa, 0xf0fa, 
0xf0fa, 0xf0fa, 0xf0fa, 0xf0fa, 0x61f4, 0x22f2, 0x22f2, 0x22f2, 
0x22f2, 0x22f2, 0x22f2, 0x32f3, 0xe0f9, 0xf0fa, 0xf0fa, 0xf0fa, 
0xf0fa, 0xf0fa, 0xe0f9, 0x32f3, 0x22f2, 0x22f2, 0x22f2, 0x22f2, 
0x22f2, 0x22f2, 0x42f3, 0xf0fa, 0xf0fa, 0xf0fa, 0xf0fa, 0xf0fa, 
0xeff7, 0xeff7, 0xeff7, 0xeff7, 0xeff7, 0xeff7, 0xeff7, 0xeff7, 
0xeff7, 0xeff7, 0xeff7, 0xeff7, 0xeff7, 0xeff7, 0xeff7, 0xeff7, 
0xeff7, 0xeff7, 0xeff7, 0xeff7, 0xeff7, 0xeff7, 0xcdf6, 0x44f3, 
0x22f2, 0x22f2, 0x22f2, 0x22f2, 0x22f2, 0x22f2, 0x22f2, 0x22f2, 
0x22f2, 0x22f2, 0x33f3, 0xdef7, 0xeff7, 0xeff7, 0xeff7, 0xeff7, 
0xeff7, 0xeff7, 0xeff7, 0xeff7, 0xeff7, 0xeff7, 0xeff7, 0xeff7, 
0xeff7, 0xeff7, 0xeff7, 0xeff7, 0xeff7, 0xeff7, 0xeff7, 0xeff7, 
0xfaf8, 0xfaf8, 0xfaf8, 0xfaf8, 0xfaf8, 0xfaf8, 0xfaf8, 0xfaf8, 
0xfaf8, 0xfaf8, 0xfaf8, 0xfaf8, 0xd8f7, 0x22f2, 0x22f2, 0x22f2, 
0x22f2, 0x22f2, 0x22f2, 0x22f2, 0x22f2, 0x22f2, 0x22f2, 0x22f2, 
0x22f2, 0x33f3, 0x32f3, 0x22f2, 0x22f2, 0x22f2, 0x22f2, 0x22f2, 
0x22f2, 0x22f2, 0x22f2, 0x22f2, 0x22f2, 0x22f2, 0x22f2, 0x22f2, 
0x33f3, 0x96f5, 0xfaf8, 0xfaf8, 0xfaf8, 0xfaf8, 0xfaf8, 0xfaf8, 
0xfaf8, 0xfaf8, 0xfaf8, 0xfaf8, 0xfaf8, 0xfaf8, 0xfaf8, 0xfaf8, 
0xf5f8, 0xf5f8, 0xf5f8, 0xf5f8, 0xf5f8, 0xf5f8, 0xf5f8, 0xf5f8, 
0xf5f8, 0xf5f8, 0xf5f8, 0xf5f8, 0xf5f8, 0xd5f7, 0x32f3, 0x22f2, 
0x22f2, 0x22f2, 0x22f2, 0x22f2, 0x22f2, 0x22f2, 0x22f2, 0x22f2, 
0x53f4, 0xd4f7, 0xf5f8, 0xf5f8, 0xf5f8, 0xd4f7, 0x42f3, 0x22f2, 
0x22f2, 0x22f2, 0x22f2, 0x22f2, 0x22f2, 0x22f2, 0x22f2, 0x22f2, 
0x32f3, 0xe5f8, 0xf5f8, 0xf5f8, 0xf5f8, 0xf5f8, 0xf5f8, 0xf5f8, 
0xf5f8, 0xf5f8, 0xf5f8, 0xf5f8, 0xf5f8, 0xf5f8, 0xf5f8, 0xf5f8, 
0xf0fa, 0xf0fa, 0xf0fa, 0xf0fa, 0xf0fa, 0xf0fa, 0xf0fa, 0xf0fa, 
0xf0fa, 0xf0fa, 0xf0fa, 0xe0fa, 0x32f3, 0x22f2, 0x22f2, 0x22f2, 
0x22f2, 0x22f2, 0x22f2, 0x71f5, 0xf0fa, 0xf0fa, 0xf0fa, 0xf0fa, 
0xf0fa, 0xf0fa, 0xf0fa, 0xf0fa, 0x81f6, 0x22f2, 0x22f2, 0x22f2, 
0x22f2, 0x22f2, 0x22f2, 0x32f3, 0xe0f9, 0xf0fa, 0xf0fa, 0xf0fa, 
0xf0fa, 0xf0fa, 0xf0fa, 0x52f4, 0x22f2, 0x22f2, 0x22f2, 0x22f2, 
0x22f2, 0x22f2, 0x42f3, 0xf0fa, 0xf0fa, 0xf0fa, 0xf0fa, 0xf0fa, 
0xeff7, 0xeff7, 0xeff7, 0xeff7, 0xeff7, 0xeff7, 0xeff7, 0xeff7, 
0xeff7, 0xeff7, 0xeff7, 0xeff7, 0xeff7, 0xeff7, 0xeff7, 0xeff7, 
0xeff7, 0xeff7, 0xeff7, 0xeff7, 0xeff7, 0xdef7, 0x44f3, 0x22f2, 
0x22f2, 0x22f2, 0x22f2, 0x22f2, 0x22f2, 0x22f2, 0x22f2, 0x22f2, 
0x22f2, 0x33f3, 0xcdf6, 0xeff7, 0xeff7, 0xeff7, 0xeff7, 0xeff7, 
0xeff7, 0xeff7, 0xeff7, 0xeff7, 0xeff7, 0xeff7, 0xeff7, 0xeff7, 
0xeff7, 0xeff7, 0xeff7, 0xeff7, 0xeff7, 0xeff7, 0xeff7, 0xeff7, 
0xfaf8, 0xfaf8, 0xfaf8, 0xfaf8, 0xfaf8, 0xfaf8, 0xfaf8, 0xfaf8, 
0xfaf8, 0xfaf8, 0xfaf8, 0xfaf8, 0x75f5, 0x22f2, 0x22f2, 0x22f2, 
0x22f2, 0x22f2, 0x22f2, 0x22f2, 0x22f2, 0x22f2, 0x22f2, 0x22f2, 
0x22f2, 0x22f2, 0x22f2, 0x22f2, 0x22f2, 0x22f2, 0x22f2, 0x22f2, 
0x22f2, 0x22f2, 0x22f2, 0x22f2, 0x22f2, 0x22f2, 0x22f2, 0x22f2, 
0x22f2, 0x22f2, 0x75f5, 0xfaf8, 0xfaf8, 0xfaf8, 0xfaf8, 0xfaf8, 
0xfaf8, 0xfaf8, 0xfaf8, 0xfaf8, 0xfaf8, 0xfaf8, 0xfaf8, 0xfaf8, 
0xf5f8, 0xf5f8, 0xf5f8, 0xf5f8, 0xf5f8, 0xf5f8, 0xf5f8, 0xf5f8, 
0xf5f8, 0xf5f8, 0xf5f8, 0xf5f8, 0xf5f8, 0x94f5, 0x22f2, 0x22f2, 
0x22f2, 0x22f2, 0x22f2, 0x22f2, 0x22f2, 0x22f2, 0x22f2, 0x42f3, 
0xe5f8, 0xf5f8, 0xf5f8, 0xf5f8, 0xf5f8, 0xf5f8, 0xd5f7, 0x42f3, 
0x22f2, 0x22f2, 0x22f2, 0x22f2, 0x22f2, 0x22f2, 0x22f2, 0x22f2, 
0x22f2, 0x94f5, 0xf5f8, 0xf5f8, 0xf5f8, 0xf5f8, 0xf5f8, 0xf5f8, 
0xf5f8, 0xf5f8, 0xf5f8, 0xf5f8, 0xf5f8, 0xf5f8, 0xf5f8, 0xf5f8, 
0xf0fa, 0xf0fa, 0xf0fa, 0xf0fa, 0xf0fa, 0xf0fa, 0xf0fa, 0xf0fa, 
0xf0fa, 0xf0fa, 0xf0fa, 0xe0fa, 0x32f3, 0x22f2, 0x22f2, 0x22f2, 
0x22f2, 0x22f2, 0x22f2, 0x71f5, 0xf0fa, 0xf0fa, 0xf0fa, 0xf0fa, 
0xf0fa, 0xf0fa, 0xf0fa, 0xf0fa, 0x81f6, 0x22f2, 0x22f2, 0x22f2, 
0x22f2, 0x22f2, 0x22f2, 0x32f3, 0xe0f9, 0xf0fa, 0xf0fa, 0xf0fa, 
0xf0fa, 0xf0fa, 0xf0fa, 0x62f4, 0x22f2, 0x22f2, 0x22f2, 0x22f2, 
0x22f2, 0x22f2, 0x32f3, 0xf0fa, 0xf0fa, 0xf0fa, 0xf0fa, 0xf0fa, 
0xeff7, 0xeff7, 0xeff7, 0xeff7, 0xeff7, 0xeff7, 0xeff7, 0xeff7, 
0xeff7, 0xeff7, 0xeff7, 0xeff7, 0xeff7, 0xeff7, 0xeff7, 0xeff7, 
0xeff7, 0xeff7, 0xeff7, 0xeff7, 0xeff7, 0x55f4, 0x22f2, 0x22f2, 
0x22f2, 0x22f2, 0x22f2, 0x22f2, 0x22f2, 0x22f2, 0x22f2, 0x22f2, 
0x33f3, 0xcdf6, 0xeff7, 0xeff7, 0xeff7, 0xeff7, 0xeff7, 0xeff7, 
0xeff7, 0xeff7, 0xeff7, 0xeff7, 0xeff7, 0xeff7, 0xeff7, 0xeff7, 
0xeff7, 0xeff7, 0xeff7, 0xeff7, 0xeff7, 0xeff7, 0xeff7, 0xeff7, 
0xfaf8, 0xfaf8, 0xfaf8, 0xfaf8, 0xfaf8, 0xfaf8, 0xfaf8, 0xfaf8, 
0xfaf8, 0xfaf8, 0xfaf8, 0xfaf8, 0x43f3, 0x22f2, 0x22f2, 0x22f2, 
0x22f2, 0x22f2, 0x22f2, 0x22f2, 0x22f2, 0x22f2, 0x22f2, 0x22f2, 
0x22f2, 0x22f2, 0x22f2, 0x22f2, 0x22f2, 0x22f2, 0x22f2, 0x22f2, 
0x22f2, 0x22f2, 0x22f2, 0x22f2, 0x22f2, 0x22f2, 0x22f2, 0x22f2, 
0x22f2, 0x22f2, 0x22f2, 0xfaf8, 0xfaf8, 0xfaf8, 0xfaf8, 0xfaf8, 
0xfaf8, 0xfaf8, 0xfaf8, 0xfaf8, 0xfaf8, 0xfaf8, 0xfaf8, 0xfaf8, 
0xf5f8, 0xf5f8, 0xf5f8, 0xf5f8, 0xf5f8, 0xf5f8, 0xf5f8, 0xf5f8, 
0xf5f8, 0xf5f8, 0xf5f8, 0xf5f8, 0xf5f8, 0x53f3, 0x22f2, 0x22f2, 
0x22f2, 0x22f2, 0x22f2, 0x22f2, 0x22f2, 0x22f2, 0x22f2, 0x94f5, 
0xf5f8, 0xf5f8, 0xf5f8, 0xf5f8, 0xf5f8, 0xf5f8, 0xf5f8, 0x94f5, 
0x22f2, 0x22f2, 0x22f2, 0x22f2, 0x22f2, 0x22f2, 0x22f2, 0x22f2, 
0x22f2, 0x63f4, 0xf5f8, 0xf5f8, 0xf5f8, 0xf5f8, 0xf5f8, 0xf5f8, 
0xf5f8, 0xf5f8, 0xf5f8, 0xf5f8, 0xf5f8, 0xf5f8, 0xf5f8, 0xf5f8, 
0xf0fa, 0xf0fa, 0xf0fa, 0xf0fa, 0xf0fa, 0xf0fa, 0xf0fa, 0xf0fa, 
0xf0fa, 0xf0fa, 0xf0fa, 0xe0fa, 0x32f3, 0x22f2, 0x22f2, 0x22f2, 
0x22f2, 0x22f2, 0x22f2, 0x71f5, 0xf0fa, 0xf0fa, 0xf0fa, 0xf0fa, 
0xf0fa, 0xf0fa, 0xf0fa, 0xf0fa, 0xa1f7, 0x22f2, 0x22f2, 0x22f2, 
0x22f2, 0x22f2, 0x22f2, 0x22f2, 0xc0f8, 0xf0fa, 0xf0fa, 0xf0fa, 
0xf0fa, 0xf0fa, 0xf0fa, 0x42f3, 0x22f2, 0x22f2, 0x22f2, 0x22f2, 
0x22f2, 0x22f2, 0x42f4, 0xf0fa, 0xf0fa, 0xf0fa, 0xf0fa, 0xf0fa, 
0xeff7, 0xeff7, 0xeff7, 0xeff7, 0xeff7, 0xeff7, 0xeff7, 0xeff7, 
0xeff7, 0xeff7, 0xeff7, 0xeff7, 0xeff7, 0xeff7, 0xeff7, 0xeff7, 
0xeff7, 0xeff7, 0xeff7, 0xeef7, 0x55f4, 0x22f2, 0x22f2, 0x22f2, 
0x22f2, 0x22f2, 0x22f2, 0x22f2, 0x22f2, 0x22f2, 0x22f2, 0x33f3, 
0xcdf6, 0xeff7, 0xeff7, 0xeff7, 0xeff7, 0xeff7, 0xeff7, 0xeff7, 
0xeff7, 0xeff7, 0xeff7, 0xeff7, 0xeff7, 0xeff7, 0xeff7, 0xeff7, 
0xeff7, 0xeff7, 0xeff7, 0xeff7, 0xeff7, 0xeff7, 0xeff7, 0xeff7, 
0xfaf8, 0xfaf8, 0xfaf8, 0xfaf8, 0xfaf8, 0xfaf8, 0xfaf8, 0xfaf8, 
0xfaf8, 0xfaf8, 0xfaf8, 0xfaf8, 0x22f2, 0x22f2, 0x22f2, 0x22f2, 
0x22f2, 0x22f2, 0x22f2, 0x22f2, 0x22f2, 0x22f2, 0x22f2, 0x22f2, 
0x22f2, 0x22f2, 0x22f2, 0x22f2, 0x22f2, 0x22f2, 0x22f2, 0x22f2, 
0x22f2, 0x22f2, 0x22f2, 0x22f2, 0x22f2, 0x22f2, 0x22f2, 0x22f2, 
0x22f2, 0x22f2, 0x22f2, 0xfaf8, 0xfaf8, 0xfaf8, 0xfaf8, 0xfaf8, 
0xfaf8, 0xfaf8, 0xfaf8, 0xfaf8, 0xfaf8, 0xfaf8, 0xfaf8, 0xfaf8, 
0xf5f8, 0xf5f8, 0xf5f8, 0xf5f8, 0xf5f8, 0xf5f8, 0xf5f8, 0xf5f8, 
0xf5f8, 0xf5f8, 0xf5f8, 0xf5f8, 0xf5f8, 0x22f2, 0x22f2, 0x22f2, 
0x22f2, 0x22f2, 0x22f2, 0x22f2, 0x22f2, 0x22f2, 0x22f2, 0xb4f6, 
0xf5f8, 0xf5f8, 0xf5f8, 0xf5f8, 0xf5f8, 0xf5f8, 0xf5f8, 0xb4f6, 
0x22f2, 0x22f2, 0x22f2, 0x22f2, 0x22f2, 0x22f2, 0x22f2, 0x22f2, 
0x22f2, 0x32f3, 0xf5f8, 0xf5f8, 0xf5f8, 0xf5f8, 0xf5f8, 0xf5f8, 
0xf5f8, 0xf5f8, 0xf5f8, 0xf5f8, 0xf5f8, 0xf5f8, 0xf5f8, 0xf5f8, 
0xf0fa, 0xf0fa, 0xf0fa, 0xf0fa, 0xf0fa, 0xf0fa, 0xf0fa, 0xf0fa, 
0xf0fa, 0xf0fa, 0xf0fa, 0xe0fa, 0x32f3, 0x22f2, 0x22f2, 0x22f2, 
0x22f2, 0x22f2, 0x22f2, 0x71f5, 0xf0fa, 0xf0fa, 0xf0fa, 0xf0fa, 
0xf0fa, 0xf0fa, 0xf0fa, 0xf0fa, 0xd0f9, 0x22f2, 0x22f2, 0x22f2, 
0x22f2, 0x22f2, 0x22f2, 0x22f2, 0x91f6, 0xf0fa, 0xf0fa, 0xf0fa, 
0xf0fa, 0xf0fa, 0xc0f8, 0x22f2, 0x22f2, 0x22f2, 0x22f2, 0x22f2, 
0x22f2, 0x22f2, 0x61f5, 0xf0fa, 0xf0fa, 0xf0fa, 0xf0fa, 0xf0fa, 
0xeff7, 0xeff7, 0xeff7, 0xeff7, 0xeff7, 0xeff7, 0xeff7, 0xeff7, 
0xeff7, 0xeff7, 0xeff7, 0xeff7, 0xeff7, 0xeff7, 0xeff7, 0xeff7, 
0xeff7, 0xeff7, 0xeef7, 0x55f4, 0x22f2, 0x22f2, 0x22f2, 0x22f2, 
0x22f2, 0x22f2, 0x22f2, 0x22f2, 0x22f2, 0x22f2, 0x22f2, 0xbcf6, 
0xeff7, 0xeff7, 0xeff7, 0xeff7, 0xeff7, 0xeff7, 0xeff7, 0xeff7, 
0xeff7, 0xeff7, 0xeff7, 0xeff7, 0xeff7, 0xeff7, 0xeff7, 0xeff7, 
0xeff7, 0xeff7, 0xeff7, 0xeff7, 0xeff7, 0xeff7, 0xeff7, 0xeff7, 
0xfaf8, 0xfaf8, 0xfaf8, 0xfaf8, 0xfaf8, 0xfaf8, 0xfaf8, 0xfaf8, 
0xfaf8, 0xfaf8, 0xfaf8, 0xfaf8, 0x43f3, 0x22f2, 0x22f2, 0x22f2, 
0x22f2, 0x22f2, 0x22f2, 0x22f2, 0x22f2, 0x22f2, 0x22f2, 0x22f2, 
0x22f2, 0x22f2, 0x22f2, 0x22f2, 0x22f2, 0x22f2, 0x22f2, 0x22f2, 
0x22f2, 0x22f2, 0x22f2, 0x22f2, 0x22f2, 0x22f2, 0x22f2, 0x22f2, 
0x22f2, 0x22f2, 0x22f2, 0xfaf8, 0xfaf8, 0xfaf8, 0xfaf8, 0xfaf8, 
0xfaf8, 0xfaf8, 0xfaf8, 0xfaf8, 0xfaf8, 0xfaf8, 0xfaf8, 0xfaf8, 
0xf5f8, 0xf5f8, 0xf5f8, 0xf5f8, 0xf5f8, 0xf5f8, 0xf5f8, 0xf5f8, 
0xf5f8, 0xf5f8, 0xf5f8, 0xf5f8, 0xf5f8, 0x22f2, 0x22f2, 0x22f2, 
0x22f2, 0x22f2, 0x22f2, 0x22f2, 0x22f2, 0x22f2, 0x22f2, 0xb4f6, 
0xf5f8, 0xf5f8, 0xf5f8, 0xf5f8, 0xf5f8, 0xf5f8, 0xf5f8, 0xb4f6, 
0x22f2, 0x22f2, 0x22f2, 0x22f2, 0x22f2, 0x22f2, 0x22f2, 0x22f2, 
0x22f2, 0x22f2, 0xf5f8, 0xf5f8, 0xf5f8, 0xf5f8, 0xf5f8, 0xf5f8, 
0xf5f8, 0xf5f8, 0xf5f8, 0xf5f8, 0xf5f8, 0xf5f8, 0xf5f8, 0xf5f8, 
0xf0fa, 0xf0fa, 0xf0fa, 0xf0fa, 0xf0fa, 0xf0fa, 0xf0fa, 0xf0fa, 
0xf0fa, 0xf0fa, 0xf0fa, 0xe0fa, 0x32f3, 0x22f2, 0x22f2, 0x22f2, 
0x22f2, 0x22f2, 0x22f2, 0x71f5, 0xf0fa, 0xf0fa, 0xf0fa, 0xf0fa, 
0xf0fa, 0xf0fa, 0xf0fa, 0xf0fa, 0xf0fa, 0x52f4, 0x22f2, 0x22f2, 
0x22f2, 0x22f2, 0x22f2, 0x22f2, 0x32f3, 0xe0f9, 0xf0fa, 0xf0fa, 
0xf0fa, 0xf0fa, 0x52f4, 0x22f2, 0x22f2, 0x22f2, 0x22f2, 0x22f2, 
0x22f2, 0x22f2, 0x91f7, 0xf0fa, 0xf0fa, 0xf0fa, 0xf0fa, 0xf0fa, 
0xeff7, 0xeff7, 0xeff7, 0xeff7, 0xeff7, 0xeff7, 0xeff7, 0xeff7, 
0xeff7, 0xeff7, 0xeff7, 0xeff7, 0xeff7, 0xeff7, 0xeff7, 0xeff7, 
0xeff7, 0xdef7, 0x55f4, 0x22f2, 0x22f2, 0x22f2, 0x22f2, 0x22f2, 
0x22f2, 0x22f2, 0x22f2, 0x22f2, 0x22f2, 0x22f2, 0xabf6, 0xeff7, 
0xeff7, 0xeff7, 0xeff7, 0xeff7, 0xeff7, 0xeff7, 0xeff7, 0xeff7, 
0xeff7, 0xeff7, 0xeff7, 0xeff7, 0xeff7, 0xeff7, 0xeff7, 0xeff7, 
0xeff7, 0xeff7, 0xeff7, 0xeff7, 0xeff7, 0xeff7, 0xeff7, 0xeff7, 
0xfaf8, 0xfaf8, 0xfaf8, 0xfaf8, 0xfaf8, 0xfaf8, 0xfaf8, 0xfaf8, 
0xfaf8, 0xfaf8, 0xfaf8, 0xfaf8, 0x54f4, 0x22f2, 0x22f2, 0x22f2, 
0x22f2, 0x22f2, 0x22f2, 0x22f2, 0x22f2, 0x22f2, 0x22f2, 0x22f2, 
0x22f2, 0x22f2, 0x22f2, 0x22f2, 0x22f2, 0x22f2, 0x22f2, 0x22f2, 
0x22f2, 0x22f2, 0x22f2, 0x22f2, 0x22f2, 0x22f2, 0x22f2, 0x22f2, 
0x22f2, 0x22f2, 0x22f2, 0xfaf8, 0xfaf8, 0xfaf8, 0xfaf8, 0xfaf8, 
0xfaf8, 0xfaf8, 0xfaf8, 0xfaf8, 0xfaf8, 0xfaf8, 0xfaf8, 0xfaf8, 
0xf5f8, 0xf5f8, 0xf5f8, 0xf5f8, 0xf5f8, 0xf5f8, 0xf5f8, 0xf5f8, 
0xf5f8, 0xf5f8, 0xf5f8, 0xf5f8, 0xf5f8, 0x22f2, 0x22f2, 0x22f2, 
0x22f2, 0x22f2, 0x22f2, 0x22f2, 0x22f2, 0x22f2, 0x22f2, 0xb4f6, 
0xf5f8, 0xf5f8, 0xf5f8, 0xf5f8, 0xf5f8, 0xf5f8, 0xf5f8, 0xb4f6, 
0x22f2, 0x22f2, 0x22f2, 0x22f2, 0x22f2, 0x22f2, 0x22f2, 0x22f2, 
0x22f2, 0x22f2, 0xf5f8, 0xf5f8, 0xf5f8, 0xf5f8, 0xf5f8, 0xf5f8, 
0xf5f8, 0xf5f8, 0xf5f8, 0xf5f8, 0xf5f8, 0xf5f8, 0xf5f8, 0xf5f8, 
0xf0fa, 0xf0fa, 0xf0fa, 0xf0fa, 0xf0fa, 0xf0fa, 0xf0fa, 0xf0fa, 
0xf0fa, 0xf0fa, 0xf0fa, 0xe0fa, 0x32f3, 0x22f2, 0x22f2, 0x22f2, 
0x22f2, 0x22f2, 0x22f2, 0x71f5, 0xf0fa, 0xf0fa, 0xf0fa, 0xf0fa, 
0xf0fa, 0xf0fa, 0xf0fa, 0xf0fa, 0xf0fa, 0x91f7, 0x22f2, 0x22f2, 
0x22f2, 0x22f2, 0x22f2, 0x22f2, 0x22f2, 0x42f3, 0xb1f7, 0xd0f9, 
0xc1f8, 0x52f4, 0x22f2, 0x22f2, 0x22f2, 0x22f2, 0x22f2, 0x22f2, 
0x22f2, 0x32f3, 0xe0f9, 0xf0fa, 0xf0fa, 0xf0fa, 0xf0fa, 0xf0fa, 
0xeff7, 0xeff7, 0xeff7, 0xeff7, 0xeff7, 0xeff7, 0xeff7, 0xeff7, 
0xeff7, 0xeff7, 0xeff7, 0xeff7, 0xeff7, 0xeff7, 0xeff7, 0xeff7, 
0xeff7, 0x55f3, 0x22f2, 0x22f2, 0x22f2, 0x22f2, 0x22f2, 0x22f2, 
0x22f2, 0x22f2, 0x22f2, 0x22f2, 0x22f2, 0x88f4, 0xeff7, 0xeff7, 
0xeff7, 0xeff7, 0xeff7, 0xeff7, 0xeff7, 0xeff7, 0xeff7, 0xeff7, 
0xeff7, 0xeff7, 0xeff7, 0xeff7, 0xeff7, 0xeff7, 0xeff7, 0xeff7, 
0xeff7, 0xeff7, 0xeff7, 0xeff7, 0xeff7, 0xeff7, 0xeff7, 0xeff7, 
0xfaf8, 0xfaf8, 0xfaf8, 0xfaf8, 0xfaf8, 0xfaf8, 0xfaf8, 0xfaf8, 
0xfaf8, 0xfaf8, 0xfaf8, 0xfaf8, 0xa7f6, 0x22f2, 0x22f2, 0x22f2, 
0x22f2, 0x22f2, 0x22f2, 0x22f2, 0x22f2, 0x22f2, 0x22f2, 0x22f2, 
0x22f2, 0x22f2, 0x22f2, 0x22f2, 0x22f2, 0x22f2, 0x22f2, 0x22f2, 
0x22f2, 0x22f2, 0x22f2, 0x22f2, 0x22f2, 0x22f2, 0x22f2, 0x22f2, 
0x22f2, 0x22f2, 0x43f3, 0xfaf8, 0xfaf8, 0xfaf8, 0xfaf8, 0xfaf8, 
0xfaf8, 0xfaf8, 0xfaf8, 0xfaf8, 0xfaf8, 0xfaf8, 0xfaf8, 0xfaf8, 
0xf5f8, 0xf5f8, 0xf5f8, 0xf5f8, 0xf5f8, 0xf5f8, 0xf5f8, 0xf5f8, 
0xf5f8, 0xf5f8, 0xf5f8, 0xf5f8, 0xf5f8, 0x22f2, 0x22f2, 0x22f2, 
0x22f2, 0x22f2, 0x22f2, 0x22f2, 0x22f2, 0x22f2, 0x22f2, 0x73f4, 
0xf5f8, 0xf5f8, 0xf5f8, 0xf5f8, 0xf5f8, 0xf5f8, 0xf5f8, 0x63f4, 
0x22f2, 0x22f2, 0x22f2, 0x22f2, 0x22f2, 0x22f2, 0x22f2, 0x22f2, 
0x22f2, 0x32f3, 0xf5f8, 0xf5f8, 0xf5f8, 0xf5f8, 0xf5f8, 0xf5f8, 
0xf5f8, 0xf5f8, 0xf5f8, 0xf5f8, 0xf5f8, 0xf5f8, 0xf5f8, 0xf5f8, 
0xf0fa, 0xf0fa, 0xf0fa, 0xf0fa, 0xf0fa, 0xf0fa, 0xf0fa, 0xf0fa, 
0xf0fa, 0xf0fa, 0xf0fa, 0xe0fa, 0x32f3, 0x22f2, 0x22f2, 0x22f2, 
0x22f2, 0x22f2, 0x22f2, 0x71f5, 0xf0fa, 0xf0fa, 0xf0fa, 0xf0fa, 
0xf0fa, 0xf0fa, 0xf0fa, 0xf0fa, 0xf0fa, 0xe0fa, 0x32f3, 0x22f2, 
0x22f2, 0x22f2, 0x22f2, 0x22f2, 0x22f2, 0x22f2, 0x22f2, 0x22f2, 
0x22f2, 0x22f2, 0x22f2, 0x22f2, 0x22f2, 0x22f2, 0x22f2, 0x22f2, 
0x22f2, 0x81f6, 0xf0fa, 0xf0fa, 0xf0fa, 0xf0fa, 0xf0fa, 0xf0fa, 
0xeff7, 0xeff7, 0xeff7, 0xeff7, 0xeff7, 0xeff7, 0xeff7, 0xeff7, 
0xeff7, 0xeff7, 0xeff7, 0xeff7, 0xeff7, 0xeff7, 0xeff7, 0xeff7, 
0x77f4, 0x22f2, 0x22f2, 0x22f2, 0x22f2, 0x22f2, 0x22f2, 0x22f2, 
0x22f2, 0x22f2, 0x22f2, 0x22f2, 0x33f3, 0xeff7, 0xeff7, 0xeff7, 
0xeff7, 0xeff7, 0xeff7, 0xeff7, 0xeff7, 0xeff7, 0xeff7, 0xeff7, 
0xeff7, 0xeff7, 0xeff7, 0xeff7, 0xeff7, 0xeff7, 0xeff7, 0xeff7, 
0xeff7, 0xeff7, 0xeff7, 0xeff7, 0xeff7, 0xeff7, 0xeff7, 0xeff7, 
0xfaf8, 0xfaf8, 0xfaf8, 0xfaf8, 0xfaf8, 0xfaf8, 0xfaf8, 0xfaf8, 
0xfaf8, 0xfaf8, 0xfaf8, 0xfaf8, 0xfaf8, 0x86f5, 0x33f3, 0x22f2, 
0x22f2, 0x22f2, 0x22f2, 0x22f2, 0x22f2, 0x22f2, 0x22f2, 0x22f2, 
0x22f2, 0x22f2, 0x22f2, 0x22f2, 0x22f2, 0x22f2, 0x22f2, 0x22f2, 
0x22f2, 0x22f2, 0x22f2, 0x22f2, 0x22f2, 0x22f2, 0x22f2, 0x22f2, 
0x22f2, 0x54f3, 0xd9f7, 0xfaf8, 0xfaf8, 0xfaf8, 0xfaf8, 0xfaf8, 
0xfaf8, 0xfaf8, 0xfaf8, 0xfaf8, 0xfaf8, 0xfaf8, 0xfaf8, 0xfaf8, 
0xf5f8, 0xf5f8, 0xf5f8, 0xf5f8, 0xf5f8, 0xf5f8, 0xf5f8, 0xf5f8, 
0xf5f8, 0xf5f8, 0xf5f8, 0xf5f8, 0xf5f8, 0x42f3, 0x22f2, 0x22f2, 
0x22f2, 0x22f2, 0x22f2, 0x22f2, 0x22f2, 0x22f2, 0x22f2, 0x22f2, 
0xa4f6, 0xf5f8, 0xf5f8, 0xf5f8, 0xf5f8, 0xf5f8, 0xa4f6, 0x22f2, 
0x22f2, 0x22f2, 0x22f2, 0x22f2, 0x22f2, 0x22f2, 0x22f2, 0x22f2, 
0x22f2, 0x53f4, 0xf5f8, 0xf5f8, 0xf5f8, 0xf5f8, 0xf5f8, 0xf5f8, 
0xf5f8, 0xf5f8, 0xf5f8, 0xf5f8, 0xf5f8, 0xf5f8, 0xf5f8, 0xf5f8, 
0xf0fa, 0xf0fa, 0xf0fa, 0xf0fa, 0xf0fa, 0xf0fa, 0xf0fa, 0xf0fa, 
0xf0fa, 0xf0fa, 0xf0fa, 0xe0fa, 0x32f3, 0x22f2, 0x22f2, 0x22f2, 
0x22f2, 0x22f2, 0x22f2, 0x71f5, 0xf0fa, 0xf0fa, 0xf0fa, 0xf0fa, 
0xf0fa, 0xf0fa, 0xf0fa, 0xf0fa, 0xf0fa, 0xf0fa, 0xb1f8, 0x22f2, 
0x22f2, 0x22f2, 0x22f2, 0x22f2, 0x22f2, 0x22f2, 0x22f2, 0x22f2, 
0x22f2, 0x22f2, 0x22f2, 0x22f2, 0x22f2, 0x22f2, 0x22f2, 0x22f2, 
0x42f3, 0xe0fa, 0xf0fa, 0xf0fa, 0xf0fa, 0xf0fa, 0xf0fa, 0xf0fa, 
0xeff7, 0xeff7, 0xeff7, 0xeff7, 0xeff7, 0xeff7, 0xeff7, 0xeff7, 
0xeff7, 0xeff7, 0xeff7, 0xeff7, 0xeff7, 0xeff7, 0xeff7, 0x77f4, 
0x22f2, 0x22f2, 0x22f2, 0x22f2, 0x22f2, 0x22f2, 0x22f2, 0x22f2, 
0x22f2, 0x22f2, 0x22f2, 0x22f2, 0x33f3, 0x9af5, 0xdef7, 0xeff7, 
0xeff7, 0xeff7, 0xeff7, 0xeff7, 0xeff7, 0xeff7, 0xeff7, 0xeff7, 
0xeff7, 0xeff7, 0xeff7, 0xeff7, 0xeff7, 0xeff7, 0xeff7, 0xeff7, 
0xeff7, 0xeff7, 0xeff7, 0xeff7, 0xeff7, 0xeff7, 0xeff7, 0xeff7, 
0xfaf8, 0xfaf8, 0xfaf8, 0xfaf8, 0xfaf8, 0xfaf8, 0xfaf8, 0xfaf8, 
0xfaf8, 0xfaf8, 0xfaf8, 0xfaf8, 0xfaf8, 0xfaf8, 0xe9f8, 0xc8f7, 
0xc8f7, 0xc8f6, 0xc8f6, 0xc8f6, 0xc8f6, 0xc8f6, 0xc8f6, 0xc8f6, 
0xc8f6, 0xc8f6, 0xb7f6, 0x54f4, 0x22f2, 0x22f2, 0x22f2, 0x22f2, 
0x22f2, 0x22f2, 0x22f2, 0x22f2, 0x22f2, 0x22f2, 0x22f2, 0x32f3, 
0xa7f6, 0xfaf8, 0xfaf8, 0xfaf8, 0xfaf8, 0xfaf8, 0xfaf8, 0xfaf8, 
0xfaf8, 0xfaf8, 0xfaf8, 0xfaf8, 0xfaf8, 0xfaf8, 0xfaf8, 0xfaf8, 
0xf5f8, 0xf5f8, 0xf5f8, 0xf5f8, 0xf5f8, 0xf5f8, 0xf5f8, 0xf5f8, 
0xf5f8, 0xf5f8, 0xf5f8, 0xf5f8, 0xf5f8, 0x73f5, 0x22f2, 0x22f2, 
0x22f2, 0x22f2, 0x22f2, 0x22f2, 0x22f2, 0x22f2, 0x22f2, 0x22f2, 
0x22f2, 0x83f5, 0xc4f7, 0xd5f7, 0xd5f7, 0x83f5, 0x22f2, 0x22f2, 
0x22f2, 0x22f2, 0x22f2, 0x22f2, 0x22f2, 0x22f2, 0x22f2, 0x22f2, 
0x22f2, 0x83f5, 0xf5f8, 0xf5f8, 0xf5f8, 0xf5f8, 0xf5f8, 0xf5f8, 
0xf5f8, 0xf5f8, 0xf5f8, 0xf5f8, 0xf5f8, 0xf5f8, 0xf5f8, 0xf5f8, 
0xf0fa, 0xf0fa, 0xf0fa, 0xf0fa, 0xf0fa, 0xf0fa, 0xf0fa, 0xf0fa, 
0xf0fa, 0xf0fa, 0xf0fa, 0xe0fa, 0x32f3, 0x22f2, 0x22f2, 0x22f2, 
0x22f2, 0x22f2, 0x22f2, 0x71f5, 0xf0fa, 0xf0fa, 0xf0fa, 0xf0fa, 
0xf0fa, 0xf0fa, 0xf0fa, 0xf0fa, 0xf0fa, 0xf0fa, 0xf0fa, 0x91f6, 
0x22f2, 0x22f2, 0x22f2, 0x22f2, 0x22f2, 0x22f2, 0x22f2, 0x22f2, 
0x22f2, 0x22f2, 0x22f2, 0x22f2, 0x22f2, 0x22f3, 0x22f2, 0x22f2, 
0xc0f8, 0xf0fa, 0xf0fa, 0xf0fa, 0xf0fa, 0xf0fa, 0xf0fa, 0xf0fa, 
0xeff7, 0xeff7, 0xeff7, 0xeff7, 0xeff7, 0xeff7, 0xeff7, 0xeff7, 
0xeff7, 0xeff7, 0xeff7, 0xeff7, 0xeff7, 0xeff7, 0x9af5, 0x22f2, 
0x22f2, 0x22f2, 0x22f2, 0x22f2, 0x22f2, 0x22f2, 0x22f2, 0x22f2, 
0x22f2, 0x22f2, 0x22f2, 0x22f2, 0x22f2, 0x22f2, 0x33f3, 0x44f3, 
0x44f3, 0x44f3, 0x44f3, 0x44f3, 0x44f3, 0x44f3, 0x44f3, 0x44f3, 
0x55f4, 0x99f5, 0xeff7, 0xeff7, 0xeff7, 0xeff7, 0xeff7, 0xeff7, 
0xeff7, 0xeff7, 0xeff7, 0xeff7, 0xeff7, 0xeff7, 0xeff7, 0xeff7, 
0xfaf8, 0xfaf8, 0xfaf8, 0xfaf8, 0xfaf8, 0xfaf8, 0xfaf8, 0xfaf8, 
0xfaf8, 0xfaf8, 0xfaf8, 0xfaf8, 0xfaf8, 0xfaf8, 0xfaf8, 0xfaf8, 
0xfaf8, 0xfaf8, 0xfaf8, 0xfaf8, 0xfaf8, 0xfaf8, 0xfaf8, 0xfaf8, 
0xfaf8, 0xfaf8, 0xfaf8, 0xfaf8, 0x43f3, 0x22f2, 0x22f2, 0x22f2, 
0x22f2, 0x22f2, 0x22f2, 0x22f2, 0x22f2, 0x22f2, 0x22f2, 0xb7f6, 
0xfaf8, 0xfaf8, 0xfaf8, 0xfaf8, 0xfaf8, 0xfaf8, 0xfaf8, 0xfaf8, 
0xfaf8, 0xfaf8, 0xfaf8, 0xfaf8, 0xfaf8, 0xfaf8, 0xfaf8, 0xfaf8, 
0xf5f8, 0xf5f8, 0xf5f8, 0xf5f8, 0xf5f8, 0xf5f8, 0xf5f8, 0xf5f8, 
0xf5f8, 0xf5f8, 0xf5f8, 0xf5f8, 0xf5f8, 0xc4f6, 0x22f2, 0x22f2, 
0x22f2, 0x22f2, 0x22f2, 0x22f2, 0x22f2, 0x22f2, 0x22f2, 0x22f2, 
0x22f2, 0x22f2, 0x22f2, 0x32f3, 0x22f2, 0x22f2, 0x22f2, 0x22f2, 
0x22f2, 0x22f2, 0x22f2, 0x22f2, 0x22f2, 0x22f2, 0x22f2, 0x22f2, 
0x22f2, 0xc4f7, 0xf5f8, 0xf5f8, 0xf5f8, 0xf5f8, 0xf5f8, 0xf5f8, 
0xf5f8, 0xf5f8, 0xf5f8, 0xf5f8, 0xf5f8, 0xf5f8, 0xf5f8, 0xf5f8, 
0xf0fa, 0xf0fa, 0xf0fa, 0xf0fa, 0xf0fa, 0xf0fa, 0xf0fa, 0xf0fa, 
0xf0fa, 0xf0fa, 0xf0fa, 0xe0fa, 0x32f3, 0x22f2, 0x22f2, 0x22f2, 
0x22f2, 0x32f3, 0x22f2, 0x71f5, 0xf0fa, 0xf0fa, 0xf0fa, 0xf0fa, 
0xf0fa, 0xf0fa, 0xf0fa, 0xf0fa, 0xf0fa, 0xf0fa, 0xf0fa, 0xf0fa, 
0x91f7, 0x22f2, 0x22f2, 0x22f2, 0x22f2, 0x22f2, 0x22f2, 0x22f2, 
0x22f2, 0x22f2, 0x22f2, 0x22f2, 0x22f2, 0x22f2, 0x42f3, 0xc1f8, 
0xf0fa, 0xf0fa, 0xf0fa, 0xf0fa, 0xf0fa, 0xf0fa, 0xf0fa, 0xf0fa, 
0xeff7, 0xeff7, 0xeff7, 0xeff7, 0xeff7, 0xeff7, 0xeff7, 0xeff7, 
0xeff7, 0xeff7, 0xeff7, 0xeff7, 0xeff7, 0xdef7, 0x33f3, 0x22f2, 
0x22f2, 0x22f2, 0x22f2, 0x22f2, 0x22f2, 0x22f2, 0x22f2, 0x22f2, 
0x22f2, 0x22f2, 0x22f2, 0x22f2, 0x22f2, 0x22f2, 0x22f2, 0x22f2, 
0x22f2, 0x22f2, 0x22f2, 0x22f2, 0x22f2, 0x22f2, 0x22f2, 0x22f2, 
0x22f2, 0x22f2, 0x88f5, 0xeff7, 0xeff7, 0xeff7, 0xeff7, 0xeff7, 
0xeff7, 0xeff7, 0xeff7, 0xeff7, 0xeff7, 0xeff7, 0xeff7, 0xeff7, 
0xfaf8, 0xfaf8, 0xfaf8, 0xfaf8, 0xfaf8, 0xfaf8, 0xfaf8, 0xfaf8, 
0xfaf8, 0xfaf8, 0xfaf8, 0xfaf8, 0xfaf8, 0xfaf8, 0xfaf8, 0xfaf8, 
0xfaf8, 0xfaf8, 0xfaf8, 0xfaf8, 0xfaf8, 0xfaf8, 0xfaf8, 0xfaf8, 
0xfaf8, 0xfaf8, 0xfaf8, 0xfaf8, 0x86f5, 0x22f2, 0x22f2, 0x22f2, 
0x22f2, 0x22f2, 0x22f2, 0x22f2, 0x22f2, 0x22f2, 0x33f3, 0xeaf8, 
0xfaf8, 0xfaf8, 0xfaf8, 0xfaf8, 0xfaf8, 0xfaf8, 0xfaf8, 0xfaf8, 
0xfaf8, 0xfaf8, 0xfaf8, 0xfaf8, 0xfaf8, 0xfaf8, 0xfaf8, 0xfaf8, 
0xf5f8, 0xf5f8, 0xf5f8, 0xf5f8, 0xf5f8, 0xf5f8, 0xf5f8, 0xf5f8, 
0xf5f8, 0xf5f8, 0xf5f8, 0xf5f8, 0xf5f8, 0xf5f8, 0x63f4, 0x22f2, 
0x22f2, 0x22f2, 0x22f2, 0x22f2, 0x22f2, 0x22f2, 0x22f2, 0x22f2, 
0x22f2, 0x22f2, 0x22f2, 0x22f2, 0x22f2, 0x22f2, 0x22f2, 0x22f2, 
0x22f2, 0x22f2, 0x22f2, 0x22f2, 0x22f2, 0x22f2, 0x22f2, 0x22f2, 
0x63f4, 0xf5f8, 0xf5f8, 0xf5f8, 0xf5f8, 0xf5f8, 0xf5f8, 0xf5f8, 
0xf5f8, 0xf5f8, 0xf5f8, 0xf5f8, 0xf5f8, 0xf5f8, 0xf5f8, 0xf5f8, 
0xf0fa, 0xf0fa, 0xf0fa, 0xf0fa, 0xf0fa, 0xf0fa, 0xf0fa, 0xf0fa, 
0xf0fa, 0xf0fa, 0xf0fa, 0xf0fa, 0x71f5, 0x22f2, 0x22f2, 0x22f2, 
0x22f2, 0x22f2, 0x22f2, 0xa1f7, 0xf0fa, 0xf0fa, 0xf0fa, 0xf0fa, 
0xf0fa, 0xf0fa, 0xf0fa, 0xf0fa, 0xf0fa, 0xf0fa, 0xf0fa, 0xf0fa, 
0xf0fa, 0xc0f8, 0x52f4, 0x22f2, 0x22f2, 0x22f2, 0x22f2, 0x22f2, 
0x22f2, 0x22f2, 0x22f2, 0x22f2, 0x32f3, 0x71f6, 0xe0f9, 0xf0fa, 
0xf0fa, 0xf0fa, 0xf0fa, 0xf0fa, 0xf0fa, 0xf0fa, 0xf0fa, 0xf0fa, 
0xeff7, 0xeff7, 0xeff7, 0xeff7, 0xeff7, 0xeff7, 0xeff7, 0xeff7, 
0xeff7, 0xeff7, 0xeff7, 0xeff7, 0xeff7, 0x9af5, 0x22f2, 0x22f2, 
0x22f2, 0x22f2, 0x22f2, 0x22f2, 0x22f2, 0x22f2, 0x22f2, 0x22f2, 
0x22f2, 0x22f2, 0x22f2, 0x22f2, 0x22f2, 0x22f2, 0x22f2, 0x22f2, 
0x22f2, 0x22f2, 0x22f2, 0x22f2, 0x22f2, 0x22f2, 0x22f2, 0x22f2, 
0x22f2, 0x22f2, 0x43f3, 0xeff7, 0xeff7, 0xeff7, 0xeff7, 0xeff7, 
0xeff7, 0xeff7, 0xeff7, 0xeff7, 0xeff7, 0xeff7, 0xeff7, 0xeff7, 
0xfaf8, 0xfaf8, 0xfaf8, 0xfaf8, 0xfaf8, 0xfaf8, 0xfaf8, 0xfaf8, 
0xfaf8, 0xfaf8, 0xfaf8, 0xfaf8, 0xfaf8, 0xfaf8, 0xfaf8, 0xfaf8, 
0xfaf8, 0xfaf8, 0xfaf8, 0xfaf8, 0xfaf8, 0xfaf8, 0xfaf8, 0xfaf8, 
0xfaf8, 0xfaf8, 0xfaf8, 0xfaf8, 0xa7f6, 0x22f2, 0x22f2, 0x22f2, 
0x22f2, 0x22f2, 0x22f2, 0x22f2, 0x22f2, 0x22f2, 0x53f3, 0xfaf8, 
0xfaf8, 0xfaf8, 0xfaf8, 0xfaf8, 0xfaf8, 0xfaf8, 0xfaf8, 0xfaf8, 
0xfaf8, 0xfaf8, 0xfaf8, 0xfaf8, 0xfaf8, 0xfaf8, 0xfaf8, 0xfaf8, 
0xf5f8, 0xf5f8, 0xf5f8, 0xf5f8, 0xf5f8, 0xf5f8, 0xf5f8, 0xf5f8, 
0xf5f8, 0xf5f8, 0xf5f8, 0xf5f8, 0xf5f8, 0xf5f8, 0xc4f7, 0x32f2, 
0x22f2, 0x22f2, 0x22f2, 0x22f2, 0x22f2, 0x22f2, 0x22f2, 0x22f2, 
0x22f2, 0x22f2, 0x22f2, 0x22f2, 0x22f2, 0x22f2, 0x22f2, 0x22f2, 
0x22f2, 0x22f2, 0x22f2, 0x22f2, 0x22f2, 0x22f2, 0x22f2, 0x32f2, 
0xc4f7, 0xf5f8, 0xf5f8, 0xf5f8, 0xf5f8, 0xf5f8, 0xf5f8, 0xf5f8, 
0xf5f8, 0xf5f8, 0xf5f8, 0xf5f8, 0xf5f8, 0xf5f8, 0xf5f8, 0xf5f8, 
0xf0fa, 0xf0fa, 0xf0fa, 0xf0fa, 0xf0fa, 0xf0fa, 0xf0fa, 0xf0fa, 
0xf0fa, 0xf0fa, 0xf0fa, 0xf0fa, 0xe0fa, 0x81f6, 0x61f5, 0x61f5, 
0x61f5, 0x61f5, 0xa1f7, 0xf0fa, 0xf0fa, 0xf0fa, 0xf0fa, 0xf0fa, 
0xf0fa, 0xf0fa, 0xf0fa, 0xf0fa, 0xf0fa, 0xf0fa, 0xf0fa, 0xf0fa, 
0xf0fa, 0xf0fa, 0xf0fa, 0xb1f8, 0x71f5, 0x42f4, 0x32f3, 0x22f2, 
0x22f2, 0x32f3, 0x52f4, 0x91f6, 0xd0f9, 0xf0fa, 0xf0fa, 0xf0fa, 
0xf0fa, 0xf0fa, 0xf0fa, 0xf0fa, 0xf0fa, 0xf0fa, 0xf0fa, 0xf0fa, 
0xeff7, 0xeff7, 0xeff7, 0xeff7, 0xeff7, 0xeff7, 0xeff7, 0xeff7, 
0xeff7, 0xeff7, 0xeff7, 0xeff7, 0xeff7, 0x78f4, 0x22f2, 0x22f2, 
0x22f2, 0x22f2, 0x22f2, 0x22f2, 0x22f2, 0x22f2, 0x22f2, 0x22f2, 
0x22f2, 0x22f2, 0x22f2, 0x22f2, 0x22f2, 0x22f2, 0x22f2, 0x22f2, 
0x22f2, 0x22f2, 0x22f2, 0x22f2, 0x22f2, 0x22f2, 0x22f2, 0x22f2, 
0x22f2, 0x22f2, 0x22f2, 0xeff7, 0xeff7, 0xeff7, 0xeff7, 0xeff7, 
0xeff7, 0xeff7, 0xeff7, 0xeff7, 0xeff7, 0xeff7, 0xeff7, 0xeff7, 
0xfaf8, 0xfaf8, 0xfaf8, 0xfaf8, 0xfaf8, 0xfaf8, 0xfaf8, 0xfaf8, 
0xfaf8, 0xfaf8, 0xfaf8, 0xfaf8, 0xfaf8, 0xfaf8, 0xfaf8, 0xfaf8, 
0xfaf8, 0xfaf8, 0xfaf8, 0xfaf8, 0xfaf8, 0xfaf8, 0xfaf8, 0xfaf8, 
0xfaf8, 0xfaf8, 0xfaf8, 0xfaf8, 0xa7f6, 0x22f2, 0x22f2, 0x22f2, 
0x22f2, 0x22f2, 0x22f2, 0x22f2, 0x22f2, 0x22f2, 0x43f3, 0xfaf8, 
0xfaf8, 0xfaf8, 0xfaf8, 0xfaf8, 0xfaf8, 0xfaf8, 0xfaf8, 0xfaf8, 
0xfaf8, 0xfaf8, 0xfaf8, 0xfaf8, 0xfaf8, 0xfaf8, 0xfaf8, 0xfaf8, 
0xf5f8, 0xf5f8, 0xf5f8, 0xf5f8, 0xf5f8, 0xf5f8, 0xf5f8, 0xf5f8, 
0xf5f8, 0xf5f8, 0xf5f8, 0xf5f8, 0xf5f8, 0xf5f8, 0xf5f8, 0xa4f6, 
0x22f2, 0x22f2, 0x22f2, 0x22f2, 0x22f2, 0x22f2, 0x22f2, 0x22f2, 
0x22f2, 0x22f2, 0x22f2, 0x22f2, 0x22f2, 0x22f2, 0x22f2, 0x22f2, 
0x22f2, 0x22f2, 0x22f2, 0x22f2, 0x22f2, 0x22f2, 0x22f2, 0xa4f6, 
0xf5f8, 0xf5f8, 0xf5f8, 0xf5f8, 0xf5f8, 0xf5f8, 0xf5f8, 0xf5f8, 
0xf5f8, 0xf5f8, 0xf5f8, 0xf5f8, 0xf5f8, 0xf5f8, 0xf5f8, 0xf5f8, 
0xf0fa, 0xf0fa, 0xf0fa, 0xf0fa, 0xf0fa, 0xf0fa, 0xf0fa, 0xf0fa, 
0xf0fa, 0xf0fa, 0xf0fa, 0xf0fa, 0xf0fa, 0xf0fa, 0xf0fa, 0xf0fa, 
0xf0fa, 0xf0fa, 0xf0fa, 0xf0fa, 0xf0fa, 0xf0fa, 0xf0fa, 0xf0fa, 
0xf0fa, 0xf0fa, 0xf0fa, 0xf0fa, 0xf0fa, 0xf0fa, 0xf0fa, 0xf0fa, 
0xf0fa, 0xf0fa, 0xf0fa, 0xf0fa, 0xf0fa, 0xf0fa, 0xf0fa, 0xf0fa, 
0xf0fa, 0xf0fa, 0xf0fa, 0xf0fa, 0xf0fa, 0xf0fa, 0xf0fa, 0xf0fa, 
0xf0fa, 0xf0fa, 0xf0fa, 0xf0fa, 0xf0fa, 0xf0fa, 0xf0fa, 0xf0fa, 
0xeff7, 0xeff7, 0xeff7, 0xeff7, 0xeff7, 0xeff7, 0xeff7, 0xeff7, 
0xeff7, 0xeff7, 0xeff7, 0xeff7, 0xeff7, 0x78f4, 0x22f2, 0x22f2, 
0x22f2, 0x22f2, 0x22f2, 0x22f2, 0x22f2, 0x22f2, 0x22f2, 0x22f2, 
0x22f2, 0x22f2, 0x22f2, 0x22f2, 0x22f2, 0x22f2, 0x22f2, 0x22f2, 
0x22f2, 0x22f2, 0x22f2, 0x22f2, 0x22f2, 0x22f2, 0x22f2, 0x22f2, 
0x22f2, 0x22f2, 0x22f2, 0xeff7, 0xeff7, 0xeff7, 0xeff7, 0xeff7, 
0xeff7, 0xeff7, 0xeff7, 0xeff7, 0xeff7, 0xeff7, 0xeff7, 0xeff7, 
0xfaf8, 0xfaf8, 0xfaf8, 0xfaf8, 0xfaf8, 0xfaf8, 0xfaf8, 0xfaf8, 
0xfaf8, 0xfaf8, 0xfaf8, 0xfaf8, 0xfaf8, 0xfaf8, 0xfaf8, 0xfaf8, 
0xfaf8, 0xfaf8, 0xfaf8, 0xfaf8, 0xfaf8, 0xfaf8, 0xfaf8, 0xfaf8, 
0xfaf8, 0xfaf8, 0xfaf8, 0xfaf8, 0xa7f6, 0x22f2, 0x22f2, 0x22f2, 
0x22f2, 0x22f2, 0x22f2, 0x22f2, 0x22f2, 0x22f2, 0x43f3, 0xfaf8, 
0xfaf8, 0xfaf8, 0xfaf8, 0xfaf8, 0xfaf8, 0xfaf8, 0xfaf8, 0xfaf8, 
0xfaf8, 0xfaf8, 0xfaf8, 0xfaf8, 0xfaf8, 0xfaf8, 0xfaf8, 0xfaf8, 
0xf5f8, 0xf5f8, 0xf5f8, 0xf5f8, 0xf5f8, 0xf5f8, 0xf5f8, 0xf5f8, 
0xf5f8, 0xf5f8, 0xf5f8, 0xf5f8, 0xf5f8, 0xf5f8, 0xf5f8, 0xf5f8, 
0x94f5, 0x22f2, 0x22f2, 0x22f2, 0x22f2, 0x22f2, 0x22f2, 0x22f2, 
0x22f2, 0x22f2, 0x22f2, 0x22f2, 0x22f2, 0x22f2, 0x22f2, 0x22f2, 
0x22f2, 0x22f2, 0x22f2, 0x22f2, 0x22f2, 0x22f2, 0x94f5, 0xf5f8, 
0xf5f8, 0xf5f8, 0xf5f8, 0xf5f8, 0xf5f8, 0xf5f8, 0xf5f8, 0xf5f8, 
0xf5f8, 0xf5f8, 0xf5f8, 0xf5f8, 0xf5f8, 0xf5f8, 0xf5f8, 0xf5f8, 
0xf0fa, 0xf0fa, 0xf0fa, 0xf0fa, 0xf0fa, 0xf0fa, 0xf0fa, 0xf0fa, 
0xf0fa, 0xf0fa, 0xf0fa, 0xf0fa, 0xf0fa, 0xf0fa, 0xf0fa, 0xf0fa, 
0xf0fa, 0xf0fa, 0xf0fa, 0xf0fa, 0xf0fa, 0xf0fa, 0xf0fa, 0xf0fa, 
0xf0fa, 0xf0fa, 0xf0fa, 0xf0fa, 0xf0fa, 0xf0fa, 0xf0fa, 0xf0fa, 
0xf0fa, 0xf0fa, 0xf0fa, 0xf0fa, 0xf0fa, 0xf0fa, 0xf0fa, 0xf0fa, 
0xf0fa, 0xf0fa, 0xf0fa, 0xf0fa, 0xf0fa, 0xf0fa, 0xf0fa, 0xf0fa, 
0xf0fa, 0xf0fa, 0xf0fa, 0xf0fa, 0xf0fa, 0xf0fa, 0xf0fa, 0xf0fa, 
0xeff7, 0xeff7, 0xeff7, 0xeff7, 0xeff7, 0xeff7, 0xeff7, 0xeff7, 
0xeff7, 0xeff7, 0xeff7, 0xeff7, 0xeff7, 0x89f5, 0x22f2, 0x22f2, 
0x22f2, 0x22f2, 0x22f2, 0x22f2, 0x22f2, 0x22f2, 0x22f2, 0x22f2, 
0x22f2, 0x22f2, 0x22f2, 0x22f2, 0x22f2, 0x22f2, 0x22f2, 0x22f2, 
0x22f2, 0x22f2, 0x22f2, 0x22f2, 0x22f2, 0x22f2, 0x22f2, 0x22f2, 
0x22f2, 0x22f2, 0x33f3, 0xeff7, 0xeff7, 0xeff7, 0xeff7, 0xeff7, 
0xeff7, 0xeff7, 0xeff7, 0xeff7, 0xeff7, 0xeff7, 0xeff7, 0xeff7, 
0xfaf8, 0xfaf8, 0xfaf8, 0xfaf8, 0xfaf8, 0xfaf8, 0xfaf8, 0xfaf8, 
0xfaf8, 0xfaf8, 0xfaf8, 0xfaf8, 0xfaf8, 0xfaf8, 0xfaf8, 0xfaf8, 
0xfaf8, 0xfaf8, 0xfaf8, 0xfaf8, 0xfaf8, 0xfaf8, 0xfaf8, 0xfaf8, 
0xfaf8, 0xfaf8, 0xfaf8, 0xfaf8, 0xa7f6, 0x22f2, 0x22f2, 0x22f2, 
0x22f2, 0x22f2, 0x22f2, 0x22f2, 0x22f2, 0x22f2, 0x54f3, 0xfaf8, 
0xfaf8, 0xfaf8, 0xfaf8, 0xfaf8, 0xfaf8, 0xfaf8, 0xfaf8, 0xfaf8, 
0xfaf8, 0xfaf8, 0xfaf8, 0xfaf8, 0xfaf8, 0xfaf8, 0xfaf8, 0xfaf8, 
0xf5f8, 0xf5f8, 0xf5f8, 0xf5f8, 0xf5f8, 0xf5f8, 0xf5f8, 0xf5f8, 
0xf5f8, 0xf5f8, 0xf5f8, 0xf5f8, 0xf5f8, 0xf5f8, 0xf5f8, 0xf5f8, 
0xf5f8, 0xb4f6, 0x43f3, 0x22f2, 0x22f2, 0x22f2, 0x22f2, 0x22f2, 
0x22f2, 0x22f2, 0x22f2, 0x22f2, 0x22f2, 0x22f2, 0x22f2, 0x22f2, 
0x22f2, 0x22f2, 0x22f2, 0x22f2, 0x42f3, 0xb4f6, 0xf5f8, 0xf5f8, 
0xf5f8, 0xf5f8, 0xf5f8, 0xf5f8, 0xf5f8, 0xf5f8, 0xf5f8, 0xf5f8, 
0xf5f8, 0xf5f8, 0xf5f8, 0xf5f8, 0xf5f8, 0xf5f8, 0xf5f8, 0xf5f8, 
0xf0fa, 0xf0fa, 0xf0fa, 0xf0fa, 0xf0fa, 0xf0fa, 0xf0fa, 0xf0fa, 
0xf0fa, 0xf0fa, 0xf0fa, 0xf0fa, 0xf0fa, 0xf0fa, 0xf0fa, 0xf0fa, 
0xf0fa, 0xf0fa, 0xf0fa, 0xf0fa, 0xf0fa, 0xf0fa, 0xf0fa, 0xf0fa, 
0xf0fa, 0xf0fa, 0xf0fa, 0xf0fa, 0xf0fa, 0xf0fa, 0xf0fa, 0xf0fa, 
0xf0fa, 0xf0fa, 0xf0fa, 0xf0fa, 0xf0fa, 0xf0fa, 0xf0fa, 0xf0fa, 
0xf0fa, 0xf0fa, 0xf0fa, 0xf0fa, 0xf0fa, 0xf0fa, 0xf0fa, 0xf0fa, 
0xf0fa, 0xf0fa, 0xf0fa, 0xf0fa, 0xf0fa, 0xf0fa, 0xf0fa, 0xf0fa, 
0xeff7, 0xeff7, 0xeff7, 0xeff7, 0xeff7, 0xeff7, 0xeff7, 0xeff7, 
0xeff7, 0xeff7, 0xeff7, 0xeff7, 0xeff7, 0xcdf6, 0x33f3, 0x22f2, 
0x22f2, 0x22f2, 0x22f2, 0x22f2, 0x22f2, 0x22f2, 0x22f2, 0x22f2, 
0x22f2, 0x22f2, 0x22f2, 0x22f2, 0x22f2, 0x22f2, 0x22f2, 0x22f2, 
0x22f2, 0x22f2, 0x22f2, 0x22f2, 0x22f2, 0x22f2, 0x22f2, 0x22f2, 
0x22f2, 0x22f2, 0x78f4, 0xeff7, 0xeff7, 0xeff7, 0xeff7, 0xeff7, 
0xeff7, 0xeff7, 0xeff7, 0xeff7, 0xeff7, 0xeff7, 0xeff7, 0xeff7, 
0xfaf8, 0xfaf8, 0xfaf8, 0xfaf8, 0xfaf8, 0xfaf8, 0xfaf8, 0xfaf8, 
0xfaf8, 0xfaf8, 0xfaf8, 0xfaf8, 0xfaf8, 0xfaf8, 0xfaf8, 0xfaf8, 
0xfaf8, 0xfaf8, 0xfaf8, 0xfaf8, 0xfaf8, 0xfaf8, 0xfaf8, 0xfaf8, 
0xfaf8, 0xfaf8, 0xfaf8, 0xfaf8, 0xe9f7, 0x32f3, 0x22f2, 0x22f2, 
0x22f2, 0x22f2, 0x22f2, 0x22f2, 0x22f2, 0x22f2, 0x96f5, 0xfaf8, 
0xfaf8, 0xfaf8, 0xfaf8, 0xfaf8, 0xfaf8, 0xfaf8, 0xfaf8, 0xfaf8, 
0xfaf8, 0xfaf8, 0xfaf8, 0xfaf8, 0xfaf8, 0xfaf8, 0xfaf8, 0xfaf8, 
0xf5f8, 0xf5f8, 0xf5f8, 0xf5f8, 0xf5f8, 0xf5f8, 0xf5f8, 0xf5f8, 
0xf5f8, 0xf5f8, 0xf5f8, 0xf5f8, 0xf5f8, 0xf5f8, 0xf5f8, 0xf5f8, 
0xf5f8, 0xf5f8, 0xf5f8, 0x94f5, 0x53f4, 0x22f2, 0x22f2, 0x22f2, 
0x22f2, 0x22f2, 0x22f2, 0x22f2, 0x22f2, 0x22f2, 0x22f2, 0x22f2, 
0x22f2, 0x22f2, 0x43f3, 0x94f5, 0xe5f8, 0xf5f8, 0xf5f8, 0xf5f8, 
0xf5f8, 0xf5f8, 0xf5f8, 0xf5f8, 0xf5f8, 0xf5f8, 0xf5f8, 0xf5f8, 
0xf5f8, 0xf5f8, 0xf5f8, 0xf5f8, 0xf5f8, 0xf5f8, 0xf5f8, 0xf5f8, 
0xf0fa, 0xf0fa, 0xf0fa, 0xf0fa, 0xf0fa, 0xf0fa, 0xf0fa, 0xf0fa, 
0xf0fa, 0xf0fa, 0xf0fa, 0xf0fa, 0xf0fa, 0xf0fa, 0xf0fa, 0xf0fa, 
0xf0fa, 0xf0fa, 0xf0fa, 0xf0fa, 0xf0fa, 0xf0fa, 0xf0fa, 0xf0fa, 
0xf0fa, 0xf0fa, 0xf0fa, 0xf0fa, 0xf0fa, 0xf0fa, 0xf0fa, 0xf0fa, 
0xf0fa, 0xf0fa, 0xf0fa, 0xf0fa, 0xf0fa, 0xf0fa, 0xf0fa, 0xf0fa, 
0xf0fa, 0xf0fa, 0xf0fa, 0xf0fa, 0xf0fa, 0xf0fa, 0xf0fa, 0xf0fa, 
0xf0fa, 0xf0fa, 0xf0fa, 0xf0fa, 0xf0fa, 0xf0fa, 0xf0fa, 0xf0fa, 
0xeff7, 0xeff7, 0xeff7, 0xeff7, 0xeff7, 0xeff7, 0xeff7, 0xeff7, 
0xeff7, 0xeff7, 0xeff7, 0xeff7, 0xeff7, 0xeff7, 0xabf5, 0x33f3, 
0x22f2, 0x22f2, 0x22f2, 0x22f2, 0x22f2, 0x22f2, 0x22f2, 0x22f2, 
0x22f2, 0x22f2, 0x22f2, 0x22f2, 0x22f2, 0x22f2, 0x22f2, 0x22f2, 
0x22f2, 0x22f2, 0x22f2, 0x22f2, 0x22f2, 0x22f2, 0x22f2, 0x22f2, 
0x33f3, 0x77f4, 0xeff7, 0xeff7, 0xeff7, 0xeff7, 0xeff7, 0xeff7, 
0xeff7, 0xeff7, 0xeff7, 0xeff7, 0xeff7, 0xeff7, 0xeff7, 0xeff7, 
0xfaf8, 0xfaf8, 0xfaf8, 0xfaf8, 0xfaf8, 0xfaf8, 0xfaf8, 0xfaf8, 
0xfaf8, 0xfaf8, 0xfaf8, 0xfaf8, 0xfaf8, 0xfaf8, 0xfaf8, 0xfaf8, 
0xfaf8, 0xfaf8, 0xfaf8, 0xfaf8, 0xfaf8, 0xfaf8, 0xfaf8, 0xfaf8, 
0xfaf8, 0xfaf8, 0xfaf8, 0xfaf8, 0xfaf8, 0xb7f6, 0x43f3, 0x22f2, 
0x22f2, 0x22f2, 0x22f2, 0x22f2, 0x32f3, 0x75f5, 0xeaf8, 0xfaf8, 
0xfaf8, 0xfaf8, 0xfaf8, 0xfaf8, 0xfaf8, 0xfaf8, 0xfaf8, 0xfaf8, 
0xfaf8, 0xfaf8, 0xfaf8, 0xfaf8, 0xfaf8, 0xfaf8, 0xfaf8, 0xfaf8, 
0xf5f8, 0xf5f8, 0xf5f8, 0xf5f8, 0xf5f8, 0xf5f8, 0xf5f8, 0xf5f8, 
0xf5f8, 0xf5f8, 0xf5f8, 0xf5f8, 0xf5f8, 0xf5f8, 0xf5f8, 0xf5f8, 
0xf5f8, 0xf5f8, 0xf5f8, 0xf5f8, 0xf5f8, 0xc4f7, 0x83f5, 0x53f4, 
0x32f3, 0x22f2, 0x22f2, 0x22f2, 0x22f2, 0x22f2, 0x32f3, 0x53f4, 
0x83f5, 0xc4f7, 0xf5f8, 0xf5f8, 0xf5f8, 0xf5f8, 0xf5f8, 0xf5f8, 
0xf5f8, 0xf5f8, 0xf5f8, 0xf5f8, 0xf5f8, 0xf5f8, 0xf5f8, 0xf5f8, 
0xf5f8, 0xf5f8, 0xf5f8, 0xf5f8, 0xf5f8, 0xf5f8, 0xf5f8, 0xf5f8, 
0xf0fa, 0xf0fa, 0xf0fa, 0xf0fa, 0xf0fa, 0xf0fa, 0xf0fa, 0xf0fa, 
0xf0fa, 0xf0fa, 0xf0fa, 0xf0fa, 0xf0fa, 0xf0fa, 0xf0fa, 0xf0fa, 
0xf0fa, 0xf0fa, 0xf0fa, 0xf0fa, 0xf0fa, 0xf0fa, 0xf0fa, 0xf0fa, 
0xf0fa, 0xf0fa, 0xf0fa, 0xf0fa, 0xf0fa, 0xf0fa, 0xf0fa, 0xf0fa, 
0xf0fa, 0xf0fa, 0xf0fa, 0xf0fa, 0xf0fa, 0xf0fa, 0xf0fa, 0xf0fa, 
0xf0fa, 0xf0fa, 0xf0fa, 0xf0fa, 0xf0fa, 0xf0fa, 0xf0fa, 0xf0fa, 
0xf0fa, 0xf0fa, 0xf0fa, 0xf0fa, 0xf0fa, 0xf0fa, 0xf0fa, 0xf0fa, 
0xeff7, 0xeff7, 0xeff7, 0xeff7, 0xeff7, 0xeff7, 0xeff7, 0xeff7, 
0xeff7, 0xeff7, 0xeff7, 0xeff7, 0xeff7, 0xeff7, 0xeff7, 0xeff7, 
0xeff7, 0xeff7, 0xeff7, 0xeff7, 0xeff7, 0xeff7, 0xeff7, 0xeff7, 
0xeff7, 0xeff7, 0xeff7, 0xeff7, 0xeff7, 0xeff7, 0xeff7, 0xeff7, 
0xeff7, 0xeff7, 0xeff7, 0xeff7, 0xeff7, 0xeff7, 0xeff7, 0xeff7, 
0xeff7, 0xeff7, 0xeff7, 0xeff7, 0xeff7, 0xeff7, 0xeff7, 0xeff7, 
0xeff7, 0xeff7, 0xeff7, 0xeff7, 0xeff7, 0xeff7, 0xeff7, 0xeff7, 
0xfaf8, 0xfaf8, 0xfaf8, 0xfaf8, 0xfaf8, 0xfaf8, 0xfaf8, 0xfaf8, 
0xfaf8, 0xfaf8, 0xfaf8, 0xfaf8, 0xfaf8, 0xfaf8, 0xfaf8, 0xfaf8, 
0xfaf8, 0xfaf8, 0xfaf8, 0xfaf8, 0xfaf8, 0xfaf8, 0xfaf8, 0xfaf8, 
0xfaf8, 0xfaf8, 0xfaf8, 0xfaf8, 0xfaf8, 0xfaf8, 0xfaf8, 0xfaf8, 
0xfaf8, 0xfaf8, 0xfaf8, 0xfaf8, 0xfaf8, 0xfaf8, 0xfaf8, 0xfaf8, 
0xfaf8, 0xfaf8, 0xfaf8, 0xfaf8, 0xfaf8, 0xfaf8, 0xfaf8, 0xfaf8, 
0xfaf8, 0xfaf8, 0xfaf8, 0xfaf8, 0xfaf8, 0xfaf8, 0xfaf8, 0xfaf8, 
0xf5f8, 0xf5f8, 0xf5f8, 0xf5f8, 0xf5f8, 0xf5f8, 0xf5f8, 0xf5f8, 
0xf5f8, 0xf5f8, 0xf5f8, 0xf5f8, 0xf5f8, 0xf5f8, 0xf5f8, 0xf5f8, 
0xf5f8, 0xf5f8, 0xf5f8, 0xf5f8, 0xf5f8, 0xf5f8, 0xf5f8, 0xf5f8, 
0xf5f8, 0xf5f8, 0xf5f8, 0xf5f8, 0xf5f8, 0xf5f8, 0xf5f8, 0xf5f8, 
0xf5f8, 0xf5f8, 0xf5f8, 0xf5f8, 0xf5f8, 0xf5f8, 0xf5f8, 0xf5f8, 
0xf5f8, 0xf5f8, 0xf5f8, 0xf5f8, 0xf5f8, 0xf5f8, 0xf5f8, 0xf5f8, 
0xf5f8, 0xf5f8, 0xf5f8, 0xf5f8, 0xf5f8, 0xf5f8, 0xf5f8, 0xf5f8, 
0xf0fa, 0xf0fa, 0xf0fa, 0xf0fa, 0xf0fa, 0xf0fa, 0xf0fa, 0xf0fa, 
0xf0fa, 0xf0fa, 0xf0fa, 0xf0fa, 0xf0fa, 0xf0fa, 0xf0fa, 0xf0fa, 
0xf0fa, 0xf0fa, 0xf0fa, 0xf0fa, 0xf0fa, 0xf0fa, 0xf0fa, 0xf0fa, 
0xf0fa, 0xf0fa, 0xf0fa, 0xf0fa, 0xf0fa, 0xf0fa, 0xf0fa, 0xf0fa, 
0xf0fa, 0xf0fa, 0xf0fa, 0xf0fa, 0xf0fa, 0xf0fa, 0xf0fa, 0xf0fa, 
0xf0fa, 0xf0fa, 0xf0fa, 0xf0fa, 0xf0fa, 0xf0fa, 0xf0fa, 0xf0fa, 
0xf0fa, 0xf0fa, 0xf0fa, 0xf0fa, 0xf0fa, 0xf0fa, 0xf0fa, 0xf0fa, 
0xeff7, 0xeff7, 0xeff7, 0xeff7, 0xeff7, 0xeff7, 0xeff7, 0xeff7, 
0xeff7, 0xeff7, 0xeff7, 0xeff7, 0xeff7, 0xeff7, 0xeff7, 0xeff7, 
0xeff7, 0xeff7, 0xeff7, 0xeff7, 0xeff7, 0xeff7, 0xeff7, 0xeff7, 
0xeff7, 0xeff7, 0xeff7, 0xeff7, 0xeff7, 0xeff7, 0xeff7, 0xeff7, 
0xeff7, 0xeff7, 0xeff7, 0xeff7, 0xeff7, 0xeff7, 0xeff7, 0xeff7, 
0xeff7, 0xeff7, 0xeff7, 0xeff7, 0xeff7, 0xeff7, 0xeff7, 0xeff7, 
0xeff7, 0xeff7, 0xeff7, 0xeff7, 0xeff7, 0xeff7, 0xeff7, 0xeff7, 
0xfaf8, 0xfaf8, 0xfaf8, 0xfaf8, 0xfaf8, 0xfaf8, 0xfaf8, 0xfaf8, 
0xfaf8, 0xfaf8, 0xfaf8, 0xfaf8, 0xfaf8, 0xfaf8, 0xfaf8, 0xfaf8, 
0xfaf8, 0xfaf8, 0xfaf8, 0xfaf8, 0xfaf8, 0xfaf8, 0xfaf8, 0xfaf8, 
0xfaf8, 0xfaf8, 0xfaf8, 0xfaf8, 0xfaf8, 0xfaf8, 0xfaf8, 0xfaf8, 
0xfaf8, 0xfaf8, 0xfaf8, 0xfaf8, 0xfaf8, 0xfaf8, 0xfaf8, 0xfaf8, 
0xfaf8, 0xfaf8, 0xfaf8, 0xfaf8, 0xfaf8, 0xfaf8, 0xfaf8, 0xfaf8, 
0xfaf8, 0xfaf8, 0xfaf8, 0xfaf8, 0xfaf8, 0xfaf8, 0xfaf8, 0xfaf8, 
0xf5f8, 0xf5f8, 0xf5f8, 0xf5f8, 0xf5f8, 0xf5f8, 0xf5f8, 0xf5f8, 
0xf5f8, 0xf5f8, 0xf5f8, 0xf5f8, 0xf5f8, 0xf5f8, 0xf5f8, 0xf5f8, 
0xf5f8, 0xf5f8, 0xf5f8, 0xf5f8, 0xf5f8, 0xf5f8, 0xf5f8, 0xf5f8, 
0xf5f8, 0xf5f8, 0xf5f8, 0xf5f8, 0xf5f8, 0xf5f8, 0xf5f8, 0xf5f8, 
0xf5f8, 0xf5f8, 0xf5f8, 0xf5f8, 0xf5f8, 0xf5f8, 0xf5f8, 0xf5f8, 
0xf5f8, 0xf5f8, 0xf5f8, 0xf5f8, 0xf5f8, 0xf5f8, 0xf5f8, 0xf5f8, 
0xf5f8, 0xf5f8, 0xf5f8, 0xf5f8, 0xf5f8, 0xf5f8, 0xf5f8, 0xf5f8, 
0xf0fa, 0xf0fa, 0xf0fa, 0xf0fa, 0xf0fa, 0xf0fa, 0xf0fa, 0xf0fa, 
0xf0fa, 0xf0fa, 0xf0fa, 0xf0fa, 0xf0fa, 0xf0fa, 0xf0fa, 0xf0fa, 
0xf0fa, 0xf0fa, 0xf0fa, 0xf0fa, 0xf0fa, 0xf0fa, 0xf0fa, 0xf0fa, 
0xf0fa, 0xf0fa, 0xf0fa, 0xf0fa, 0xf0fa, 0xf0fa, 0xf0fa, 0xf0fa, 
0xf0fa, 0xf0fa, 0xf0fa, 0xf0fa, 0xf0fa, 0xf0fa, 0xf0fa, 0xf0fa, 
0xf0fa, 0xf0fa, 0xf0fa, 0xf0fa, 0xf0fa, 0xf0fa, 0xf0fa, 0xf0fa, 
0xf0fa, 0xf0fa, 0xf0fa, 0xf0fa, 0xf0fa, 0xf0fa, 0xf0fa, 0xf0fa, 
0xeff7, 0xeff7, 0xeff7, 0xeff7, 0xeff7, 0xeff7, 0xeff7, 0xeff7, 
0xeff7, 0xeff7, 0xeff7, 0xeff7, 0xeff7, 0xeff7, 0xeff7, 0xeff7, 
0xeff7, 0xeff7, 0xeff7, 0xeff7, 0xeff7, 0xeff7, 0xeff7, 0xeff7, 
0xeff7, 0xeff7, 0xeff7, 0xeff7, 0xeff7, 0xeff7, 0xeff7, 0xeff7, 
0xeff7, 0xeff7, 0xeff7, 0xeff7, 0xeff7, 0xeff7, 0xeff7, 0xeff7, 
0xeff7, 0xeff7, 0xeff7, 0xeff7, 0xeff7, 0xeff7, 0xeff7, 0xeff7, 
0xeff7, 0xeff7, 0xeff7, 0xeff7, 0xeff7, 0xeff7, 0xeff7, 0xeff7, 
0xfaf8, 0xfaf8, 0xfaf8, 0xfaf8, 0xfaf8, 0xfaf8, 0xfaf8, 0xfaf8, 
0xfaf8, 0xfaf8, 0xfaf8, 0xfaf8, 0xfaf8, 0xfaf8, 0xfaf8, 0xfaf8, 
0xfaf8, 0xfaf8, 0xfaf8, 0xfaf8, 0xfaf8, 0xfaf8, 0xfaf8, 0xfaf8, 
0xfaf8, 0xfaf8, 0xfaf8, 0xfaf8, 0xfaf8, 0xfaf8, 0xfaf8, 0xfaf8, 
0xfaf8, 0xfaf8, 0xfaf8, 0xfaf8, 0xfaf8, 0xfaf8, 0xfaf8, 0xfaf8, 
0xfaf8, 0xfaf8, 0xfaf8, 0xfaf8, 0xfaf8, 0xfaf8, 0xfaf8, 0xfaf8, 
0xfaf8, 0xfaf8, 0xfaf8, 0xfaf8, 0xfaf8, 0xfaf8, 0xfaf8, 0xfaf8, 
0xf5f8, 0xf5f8, 0xf5f8, 0xf5f8, 0xf5f8, 0xf5f8, 0xf5f8, 0xf5f8, 
0xf5f8, 0xf5f8, 0xf5f8, 0xf5f8, 0xf5f8, 0xf5f8, 0xf5f8, 0xf5f8, 
0xf5f8, 0xf5f8, 0xf5f8, 0xf5f8, 0xf5f8, 0xf5f8, 0xf5f8, 0xf5f8, 
0xf5f8, 0xf5f8, 0xf5f8, 0xf5f8, 0xf5f8, 0xf5f8, 0xf5f8, 0xf5f8, 
0xf5f8, 0xf5f8, 0xf5f8, 0xf5f8, 0xf5f8, 0xf5f8, 0xf5f8, 0xf5f8, 
0xf5f8, 0xf5f8, 0xf5f8, 0xf5f8, 0xf5f8, 0xf5f8, 0xf5f8, 0xf5f8, 
0xf5f8, 0xf5f8, 0xf5f8, 0xf5f8, 0xf5f8, 0xf5f8, 0xf5f8, 0xf5f8, 
0xf0fa, 0xf0fa, 0xf0fa, 0xf0fa, 0xf0fa, 0xf0fa, 0xf0fa, 0xf0fa, 
0xf0fa, 0xf0fa, 0xf0fa, 0xf0fa, 0xf0fa, 0xf0fa, 0xf0fa, 0xf0fa, 
0xf0fa, 0xf0fa, 0xf0fa, 0xf0fa, 0xf0fa, 0xf0fa, 0xf0fa, 0xf0fa, 
0xf0fa, 0xf0fa, 0xf0fa, 0xf0fa, 0xf0fa, 0xf0fa, 0xf0fa, 0xf0fa, 
0xf0fa, 0xf0fa, 0xf0fa, 0xf0fa, 0xf0fa, 0xf0fa, 0xf0fa, 0xf0fa, 
0xf0fa, 0xf0fa, 0xf0fa, 0xf0fa, 0xf0fa, 0xf0fa, 0xf0fa, 0xf0fa, 
0xf0fa, 0xf0fa, 0xf0fa, 0xf0fa, 0xf0fa, 0xf0fa, 0xf0fa, 0xf0fa, 
0xeff7, 0xeff7, 0xeff7, 0xeff7, 0xeff7, 0xeff7, 0xeff7, 0xeff7, 
0xeff7, 0xeff7, 0xeff7, 0xeff7, 0xeff7, 0xeff7, 0xeff7, 0xeff7, 
0xeff7, 0xeff7, 0xeff7, 0xeff7, 0xeff7, 0xeff7, 0xeff7, 0xeff7, 
0xeff7, 0xeff7, 0xeff7, 0xeff7, 0xeff7, 0xeff7, 0xeff7, 0xeff7, 
0xeff7, 0xeff7, 0xeff7, 0xeff7, 0xeff7, 0xeff7, 0xeff7, 0xeff7, 
0xeff7, 0xeff7, 0xeff7, 0xeff7, 0xeff7, 0xeff7, 0xeff7, 0xeff7, 
0xeff7, 0xeff7, 0xeff7, 0xeff7, 0xeff7, 0xeff7, 0xeff7, 0xeff7, 
0xfaf8, 0xfaf8, 0xfaf8, 0xfaf8, 0xfaf8, 0xfaf8, 0xfaf8, 0xfaf8, 
0xfaf8, 0xfaf8, 0xfaf8, 0xfaf8, 0xfaf8, 0xfaf8, 0xfaf8, 0xfaf8, 
0xfaf8, 0xfaf8, 0xfaf8, 0xfaf8, 0xfaf8, 0xfaf8, 0xfaf8, 0xfaf8, 
0xfaf8, 0xfaf8, 0xfaf8, 0xfaf8, 0xfaf8, 0xfaf8, 0xfaf8, 0xfaf8, 
0xfaf8, 0xfaf8, 0xfaf8, 0xfaf8, 0xfaf8, 0xfaf8, 0xfaf8, 0xfaf8, 
0xfaf8, 0xfaf8, 0xfaf8, 0xfaf8, 0xfaf8, 0xfaf8, 0xfaf8, 0xfaf8, 
0xfaf8, 0xfaf8, 0xfaf8, 0xfaf8, 0xfaf8, 0xfaf8, 0xfaf8, 0xfaf8, 
0xf5f8, 0xf5f8, 0xf5f8, 0xf5f8, 0xf5f8, 0xf5f8, 0xf5f8, 0xf5f8, 
0xf5f8, 0xf5f8, 0xf5f8, 0xf5f8, 0xf5f8, 0xf5f8, 0xf5f8, 0xf5f8, 
0xf5f8, 0xf5f8, 0xf5f8, 0xf5f8, 0xf5f8, 0xf5f8, 0xf5f8, 0xf5f8, 
0xf5f8, 0xf5f8, 0xf5f8, 0xf5f8, 0xf5f8, 0xf5f8, 0xf5f8, 0xf5f8, 
0xf5f8, 0xf5f8, 0xf5f8, 0xf5f8, 0xf5f8, 0xf5f8, 0xf5f8, 0xf5f8, 
0xf5f8, 0xf5f8, 0xf5f8, 0xf5f8, 0xf5f8, 0xf5f8, 0xf5f8, 0xf5f8, 
0xf5f8, 0xf5f8, 0xf5f8, 0xf5f8, 0xf5f8, 0xf5f8, 0xf5f8, 0xf5f8, 
0xf0fa, 0xf0fa, 0xf0fa, 0xf0fa, 0xf0fa, 0xf0fa, 0xf0fa, 0xf0fa, 
0xf0fa, 0xf0fa, 0xf0fa, 0xf0fa, 0xf0fa, 0xf0fa, 0xf0fa, 0xf0fa, 
0xf0fa, 0xf0fa, 0xf0fa, 0xf0fa, 0xf0fa, 0xf0fa, 0xf0fa, 0xf0fa, 
0xf0fa, 0xf0fa, 0xf0fa, 0xf0fa, 0xf0fa, 0xf0fa, 0xf0fa, 0xf0fa, 
0xf0fa, 0xf0fa, 0xf0fa, 0xf0fa, 0xf0fa, 0xf0fa, 0xf0fa, 0xf0fa, 
0xf0fa, 0xf0fa, 0xf0fa, 0xf0fa, 0xf0fa, 0xf0fa, 0xf0fa, 0xf0fa, 
0xf0fa, 0xf0fa, 0xf0fa, 0xf0fa, 0xf0fa, 0xf0fa, 0xf0fa, 0xf0fa, 
0xeff7, 0xeff7, 0xeff7, 0xeff7, 0xeff7, 0xeff7, 0xeff7, 0xeff7, 
0xeff7, 0xeff7, 0xeff7, 0xeff7, 0xeff7, 0xeff7, 0xeff7, 0xeff7, 
0xeff7, 0xeff7, 0xeff7, 0xeff7, 0xeff7, 0xeff7, 0xeff7, 0xeff7, 
0xeff7, 0xeff7, 0xeff7, 0xeff7, 0xeff7, 0xeff7, 0xeff7, 0xeff7, 
0xeff7, 0xeff7, 0xeff7, 0xeff7, 0xeff7, 0xeff7, 0xeff7, 0xeff7, 
0xeff7, 0xeff7, 0xeff7, 0xeff7, 0xeff7, 0xeff7, 0xeff7, 0xeff7, 
0xeff7, 0xeff7, 0xeff7, 0xeff7, 0xeff7, 0xeff7, 0xeff7, 0xeff7, 
0xfaf8, 0xfaf8, 0xfaf8, 0xfaf8, 0xfaf8, 0xfaf8, 0xfaf8, 0xfaf8, 
0xfaf8, 0xfaf8, 0xfaf8, 0xfaf8, 0xfaf8, 0xfaf8, 0xfaf8, 0xfaf8, 
0xfaf8, 0xfaf8, 0xfaf8, 0xfaf8, 0xfaf8, 0xfaf8, 0xfaf8, 0xfaf8, 
0xfaf8, 0xfaf8, 0xfaf8, 0xfaf8, 0xfaf8, 0xfaf8, 0xfaf8, 0xfaf8, 
0xfaf8, 0xfaf8, 0xfaf8, 0xfaf8, 0xfaf8, 0xfaf8, 0xfaf8, 0xfaf8, 
0xfaf8, 0xfaf8, 0xfaf8, 0xfaf8, 0xfaf8, 0xfaf8, 0xfaf8, 0xfaf8, 
0xfaf8, 0xfaf8, 0xfaf8, 0xfaf8, 0xfaf8, 0xfaf8, 0xfaf8, 0xfaf8, 
0xf5f8, 0xf5f8, 0xf5f8, 0xf5f8, 0xf5f8, 0xf5f8, 0xf5f8, 0xf5f8, 
0xf5f8, 0xf5f8, 0xf5f8, 0xf5f8, 0xf5f8, 0xf5f8, 0xf5f8, 0xf5f8, 
0xf5f8, 0xf5f8, 0xf5f8, 0xf5f8, 0xf5f8, 0xf5f8, 0xf5f8, 0xf5f8, 
0xf5f8, 0xf5f8, 0xf5f8, 0xf5f8, 0xf5f8, 0xf5f8, 0xf5f8, 0xf5f8, 
0xf5f8, 0xf5f8, 0xf5f8, 0xf5f8, 0xf5f8, 0xf5f8, 0xf5f8, 0xf5f8, 
0xf5f8, 0xf5f8, 0xf5f8, 0xf5f8, 0xf5f8, 0xf5f8, 0xf5f8, 0xf5f8, 
0xf5f8, 0xf5f8, 0xf5f8, 0xf5f8, 0xf5f8, 0xf5f8, 0xf5f8, 0xf5f8, 
0xf0fa, 0xf0fa, 0xf0fa, 0xf0fa, 0xf0fa, 0xf0fa, 0xf0fa, 0xf0fa, 
0xf0fa, 0xf0fa, 0xf0fa, 0xf0fa, 0xf0fa, 0xf0fa, 0xf0fa, 0xf0fa, 
0xf0fa, 0xf0fa, 0xf0fa, 0xf0fa, 0xf0fa, 0xf0fa, 0xf0fa, 0xf0fa, 
0xf0fa, 0xf0fa, 0xf0fa, 0xf0fa, 0xf0fa, 0xf0fa, 0xf0fa, 0xf0fa, 
0xf0fa, 0xf0fa, 0xf0fa, 0xf0fa, 0xf0fa, 0xf0fa, 0xf0fa, 0xf0fa, 
0xf0fa, 0xf0fa, 0xf0fa, 0xf0fa, 0xf0fa, 0xf0fa, 0xf0fa, 0xf0fa, 
0xf0fa, 0xf0fa, 0xf0fa, 0xf0fa, 0xf0fa, 0xf0fa, 0xf0fa, 0xf0fa, 
0xeff7, 0xeff7, 0xeff7, 0xeff7, 0xeff7, 0xeff7, 0xeff7, 0xeff7, 
0xeff7, 0xeff7, 0xeff7, 0xeff7, 0xeff7, 0xeff7, 0xeff7, 0xeff7, 
0xeff7, 0xeff7, 0xeff7, 0xeff7, 0xeff7, 0xeff7, 0xeff7, 0xeff7, 
0xeff7, 0xeff7, 0xeff7, 0xeff7, 0xeff7, 0xeff7, 0xeff7, 0xeff7, 
0xeff7, 0xeff7, 0xeff7, 0xeff7, 0xeff7, 0xeff7, 0xeff7, 0xeff7, 
0xeff7, 0xeff7, 0xeff7, 0xeff7, 0xeff7, 0xeff7, 0xeff7, 0xeff7, 
0xeff7, 0xeff7, 0xeff7, 0xeff7, 0xeff7, 0xeff7, 0xeff7, 0xeff7, 
0xfaf8, 0xfaf8, 0xfaf8, 0xfaf8, 0xfaf8, 0xfaf8, 0xfaf8, 0xfaf8, 
0xfaf8, 0xfaf8, 0xfaf8, 0xfaf8, 0xfaf8, 0xfaf8, 0xfaf8, 0xfaf8, 
0xfaf8, 0xfaf8, 0xfaf8, 0xfaf8, 0xfaf8, 0xfaf8, 0xfaf8, 0xfaf8, 
0xfaf8, 0xfaf8, 0xfaf8, 0xfaf8, 0xfaf8, 0xfaf8, 0xfaf8, 0xfaf8, 
0xfaf8, 0xfaf8, 0xfaf8, 0xfaf8, 0xfaf8, 0xfaf8, 0xfaf8, 0xfaf8, 
0xfaf8, 0xfaf8, 0xfaf8, 0xfaf8, 0xfaf8, 0xfaf8, 0xfaf8, 0xfaf8, 
0xfaf8, 0xfaf8, 0xfaf8, 0xfaf8, 0xfaf8, 0xfaf8, 0xfaf8, 0xfaf8, 
0xf5f8, 0xf5f8, 0xf5f8, 0xf5f8, 0xf5f8, 0xf5f8, 0xf5f8, 0xf5f8, 
0xf5f8, 0xf5f8, 0xf5f8, 0xf5f8, 0xf5f8, 0xf5f8, 0xf5f8, 0xf5f8, 
0xf5f8, 0xf5f8, 0xf5f8, 0xf5f8, 0xf5f8, 0xf5f8, 0xf5f8, 0xf5f8, 
0xf5f8, 0xf5f8, 0xf5f8, 0xf5f8, 0xf5f8, 0xf5f8, 0xf5f8, 0xf5f8, 
0xf5f8, 0xf5f8, 0xf5f8, 0xf5f8, 0xf5f8, 0xf5f8, 0xf5f8, 0xf5f8, 
0xf5f8, 0xf5f8, 0xf5f8, 0xf5f8, 0xf5f8, 0xf5f8, 0xf5f8, 0xf5f8, 
0xf5f8, 0xf5f8, 0xf5f8, 0xf5f8, 0xf5f8, 0xf5f8, 0xf5f8, 0xf5f8, 
0xf0fa, 0xf0fa, 0xf0fa, 0xf0fa, 0xf0fa, 0xf0fa, 0xf0fa, 0xf0fa, 
0xf0fa, 0xf0fa, 0xf0fa, 0xf0fa, 0xf0fa, 0xf0fa, 0xf0fa, 0xf0fa, 
0xf0fa, 0xf0fa, 0xf0fa, 0xf0fa, 0xf0fa, 0xf0fa, 0xf0fa, 0xf0fa, 
0xf0fa, 0xf0fa, 0xf0fa, 0xf0fa, 0xf0fa, 0xf0fa, 0xf0fa, 0xf0fa, 
0xf0fa, 0xf0fa, 0xf0fa, 0xf0fa, 0xf0fa, 0xf0fa, 0xf0fa, 0xf0fa, 
0xf0fa, 0xf0fa, 0xf0fa, 0xf0fa, 0xf0fa, 0xf0fa, 0xf0fa, 0xf0fa, 
0xf0fa, 0xf0fa, 0xf0fa, 0xf0fa, 0xf0fa, 0xf0fa, 0xf0fa, 0xf0fa, 
0xeff7, 0xeff7, 0xeff7, 0xeff7, 0xeff7, 0xeff7, 0xeff7, 0xeff7, 
0xeff7, 0xeff7, 0xeff7, 0xeff7, 0xeff7, 0xeff7, 0xeff7, 0xeff7, 
0xeff7, 0xeff7, 0xeff7, 0xeff7, 0xeff7, 0xeff7, 0xeff7, 0xeff7, 
0xeff7, 0xeff7, 0xeff7, 0xeff7, 0xeff7, 0xeff7, 0xeff7, 0xeff7, 
0xeff7, 0xeff7, 0xeff7, 0xeff7, 0xeff7, 0xeff7, 0xeff7, 0xeff7, 
0xeff7, 0xeff7, 0xeff7, 0xeff7, 0xeff7, 0xeff7, 0xeff7, 0xeff7, 
0xeff7, 0xeff7, 0xeff7, 0xeff7, 0xeff7, 0xeff7, 0xeff7, 0xeff7, 
0xfaf8, 0xfaf8, 0xfaf8, 0xfaf8, 0xfaf8, 0xfaf8, 0xfaf8, 0xfaf8, 
0xfaf8, 0xfaf8, 0xfaf8, 0xfaf8, 0xfaf8, 0xfaf8, 0xfaf8, 0xfaf8, 
0xfaf8, 0xfaf8, 0xfaf8, 0xfaf8, 0xfaf8, 0xfaf8, 0xfaf8, 0xfaf8, 
0xfaf8, 0xfaf8, 0xfaf8, 0xfaf8, 0xfaf8, 0xfaf8, 0xfaf8, 0xfaf8, 
0xfaf8, 0xfaf8, 0xfaf8, 0xfaf8, 0xfaf8, 0xfaf8, 0xfaf8, 0xfaf8, 
0xfaf8, 0xfaf8, 0xfaf8, 0xfaf8, 0xfaf8, 0xfaf8, 0xfaf8, 0xfaf8, 
0xfaf8, 0xfaf8, 0xfaf8, 0xfaf8, 0xfaf8, 0xfaf8, 0xfaf8, 0xfaf8, 
0xf5f8, 0xf5f8, 0xf5f8, 0xf5f8, 0xf5f8, 0xf5f8, 0xf5f8, 0xf5f8, 
0xf5f8, 0xf5f8, 0xf5f8, 0xf5f8, 0xf5f8, 0xf5f8, 0xf5f8, 0xf5f8, 
0xf5f8, 0xf5f8, 0xf5f8, 0xf5f8, 0xf5f8, 0xf5f8, 0xf5f8, 0xf5f8, 
0xf5f8, 0xf5f8, 0xf5f8, 0xf5f8, 0xf5f8, 0xf5f8, 0xf5f8, 0xf5f8, 
0xf5f8, 0xf5f8, 0xf5f8, 0xf5f8, 0xf5f8, 0xf5f8, 0xf5f8, 0xf5f8, 
0xf5f8, 0xf5f8, 0xf5f8, 0xf5f8, 0xf5f8, 0xf5f8, 0xf5f8, 0xf5f8, 
0xf5f8, 0xf5f8, 0xf5f8, 0xf5f8, 0xf5f8, 0xf5f8, 0xf5f8, 0xf5f8, 
0xf0fa, 0xf0fa, 0xf0fa, 0xf0fa, 0xf0fa, 0xf0fa, 0xf0fa, 0xf0fa, 
0xf0fa, 0xf0fa, 0xf0fa, 0xf0fa, 0xf0fa, 0xf0fa, 0xf0fa, 0xf0fa, 
0xf0fa, 0xf0fa, 0xf0fa, 0xf0fa, 0xf0fa, 0xf0fa, 0xf0fa, 0xf0fa, 
0xf0fa, 0xf0fa, 0xf0fa, 0xf0fa, 0xf0fa, 0xf0fa, 0xf0fa, 0xf0fa, 
0xf0fa, 0xf0fa, 0xf0fa, 0xf0fa, 0xf0fa, 0xf0fa, 0xf0fa, 0xf0fa, 
0xf0fa, 0xf0fa, 0xf0fa, 0xf0fa, 0xf0fa, 0xf0fa, 0xf0fa, 0xf0fa, 
0xf0fa, 0xf0fa, 0xf0fa, 0xf0fa, 0xf0fa, 0xf0fa, 0xf0fa, 0xf0fa, 
0xe2ff, 0xe2ff, 0xe2ff, 0xe2ff, 0xe2ff, 0xe2ff, 0xe2ff, 0xe2ff, 
0xe2ff, 0xe2ff, 0xe2ff, 0xe2ff, 0xe2ff, 0xe2ff, 0xe2ff, 0xe2ff, 
0xe2ff, 0xe2ff, 0xe2ff, 0xe2ff, 0xe2ff, 0xe2ff, 0xe2ff, 0xe2ff, 
0xe2ff, 0xe2ff, 0xe2ff, 0xe2ff, 0xe2ff, 0xe2ff, 0xe2ff, 0xe2ff, 
0xe2ff, 0xe2ff, 0xe2ff, 0xe2ff, 0xe2ff, 0xe2ff, 0xe2ff, 0xe2ff, 
0xe2ff, 0xe2ff, 0xe2ff, 0xe2ff, 0xe2ff, 0xe2ff, 0xe2ff, 0xe2ff, 
0xe2ff, 0xe2ff, 0xe2ff, 0xe2ff, 0xe2ff, 0xe2ff, 0xe2ff, 0xe2ff, 
0xb0ff, 0xb0ff, 0xb0ff, 0xb0ff, 0xb0ff, 0xb0ff, 0xb0ff, 0xb0ff, 
0xb0ff, 0xb0ff, 0xb0ff, 0xb0ff, 0xb0ff, 0xb0ff, 0xb0ff, 0xb0ff, 
0xb0ff, 0xb0ff, 0xb0ff, 0xb0ff, 0xb0ff, 0xb0ff, 0xb0ff, 0xb0ff, 
0xb0ff, 0xb0ff, 0xb0ff, 0xb0ff, 0xb0ff, 0xb0ff, 0xb0ff, 0xb0ff, 
0xb0ff, 0xb0ff, 0xb0ff, 0xb0ff, 0xb0ff, 0xb0ff, 0xb0ff, 0xb0ff, 
0xb0ff, 0xb0ff, 0xb0ff, 0xb0ff, 0xb0ff, 0xb0ff, 0xb0ff, 0xb0ff, 
0xb0ff, 0xb0ff, 0xb0ff, 0xb0ff, 0xb0ff, 0xb0ff, 0xb0ff, 0xb0ff, 
0x83ff, 0x83ff, 0x83ff, 0x83ff, 0x83ff, 0x83ff, 0x83ff, 0x83ff, 
0x83ff, 0x83ff, 0x83ff, 0x83ff, 0x83ff, 0x83ff, 0x83ff, 0x83ff, 
0x83ff, 0x83ff, 0x83ff, 0x83ff, 0x83ff, 0x83ff, 0x83ff, 0x83ff, 
0x83ff, 0x83ff, 0x83ff, 0x83ff, 0x83ff, 0x83ff, 0x83ff, 0x83ff, 
0x83ff, 0x83ff, 0x83ff, 0x83ff, 0x83ff, 0x83ff, 0x83ff, 0x83ff, 
0x83ff, 0x83ff, 0x83ff, 0x83ff, 0x83ff, 0x83ff, 0x83ff, 0x83ff, 
0x83ff, 0x83ff, 0x83ff, 0x83ff, 0x83ff, 0x83ff, 0x83ff, 0x83ff, 
0x7cff, 0x7cff, 0x7cff, 0x7cff, 0x7cff, 0x7cff, 0x7cff, 0x7cff, 
0x7cff, 0x7cff, 0x7cff, 0x7cff, 0x7cff, 0x7cff, 0x7cff, 0x7cff, 
0x7cff, 0x7cff, 0x7cff, 0x7cff, 0x7cff, 0x7cff, 0x7cff, 0x7cff, 
0x7cff, 0x7cff, 0x7cff, 0x7cff, 0x7cff, 0x7cff, 0x7cff, 0x7cff, 
0x7cff, 0x7cff, 0x7cff, 0x7cff, 0x7cff, 0x7cff, 0x7cff, 0x7cff, 
0x7cff, 0x7cff, 0x7cff, 0x7cff, 0x7cff, 0x7cff, 0x7cff, 0x7cff, 
0x7cff, 0x7cff, 0x7cff, 0x7cff, 0x7cff, 0x7cff, 0x7cff, 0x7cff, 
0xe2ff, 0xe2ff, 0xe2ff, 0xe2ff, 0xe2ff, 0xe2ff, 0xe2ff, 0xe2ff, 
0xe2ff, 0xe2ff, 0xe2ff, 0xe2ff, 0xe2ff, 0xe2ff, 0xe2ff, 0xe2ff, 
0xe2ff, 0xe2ff, 0xe2ff, 0xe2ff, 0xe2ff, 0xe2ff, 0xe2ff, 0xe2ff, 
0xe2ff, 0xe2ff, 0xe2ff, 0xe2ff, 0xe2ff, 0xe2ff, 0xe2ff, 0xe2ff, 
0xe2ff, 0xe2ff, 0xe2ff, 0xe2ff, 0xe2ff, 0xe2ff, 0xe2ff, 0xe2ff, 
0xe2ff, 0xe2ff, 0xe2ff, 0xe2ff, 0xe2ff, 0xe2ff, 0xe2ff, 0xe2ff, 
0xe2ff, 0xe2ff, 0xe2ff, 0xe2ff, 0xe2ff, 0xe2ff, 0xe2ff, 0xe2ff, 
0xb0ff, 0xb0ff, 0xb0ff, 0xb0ff, 0xb0ff, 0xb0ff, 0xb0ff, 0xb0ff, 
0xb0ff, 0xb0ff, 0xb0ff, 0xb0ff, 0xb0ff, 0xb0ff, 0xb0ff, 0xb0ff, 
0xb0ff, 0xb0ff, 0xb0ff, 0xb0ff, 0xb0ff, 0xb0ff, 0xb0ff, 0xb0ff, 
0xb0ff, 0xb0ff, 0xb0ff, 0xb0ff, 0xb0ff, 0xb0ff, 0xb0ff, 0xb0ff, 
0xb0ff, 0xb0ff, 0xb0ff, 0xb0ff, 0xb0ff, 0xb0ff, 0xb0ff, 0xb0ff, 
0xb0ff, 0xb0ff, 0xb0ff, 0xb0ff, 0xb0ff, 0xb0ff, 0xb0ff, 0xb0ff, 
0xb0ff, 0xb0ff, 0xb0ff, 0xb0ff, 0xb0ff, 0xb0ff, 0xb0ff, 0xb0ff, 
0x83ff, 0x83ff, 0x83ff, 0x83ff, 0x83ff, 0x83ff, 0x83ff, 0x83ff, 
0x83ff, 0x83ff, 0x83ff, 0x83ff, 0x83ff, 0x83ff, 0x83ff, 0x83ff, 
0x83ff, 0x83ff, 0x83ff, 0x83ff, 0x83ff, 0x83ff, 0x83ff, 0x83ff, 
0x83ff, 0x83ff, 0x83ff, 0x83ff, 0x83ff, 0x83ff, 0x83ff, 0x83ff, 
0x83ff, 0x83ff, 0x83ff, 0x83ff, 0x83ff, 0x83ff, 0x83ff, 0x83ff, 
0x83ff, 0x83ff, 0x83ff, 0x83ff, 0x83ff, 0x83ff, 0x83ff, 0x83ff, 
0x83ff, 0x83ff, 0x83ff, 0x83ff, 0x83ff, 0x83ff, 0x83ff, 0x83ff, 
0x7cff, 0x7cff, 0x7cff, 0x7cff, 0x7cff, 0x7cff, 0x7cff, 0x7cff, 
0x7cff, 0x7cff, 0x7cff, 0x7cff, 0x7cff, 0x7cff, 0x7cff, 0x7cff, 
0x7cff, 0x7cff, 0x7cff, 0x7cff, 0x7cff, 0x7cff, 0x7cff, 0x7cff, 
0x7cff, 0x7cff, 0x7cff, 0x7cff, 0x7cff, 0x7cff, 0x7cff, 0x7cff, 
0x7cff, 0x7cff, 0x7cff, 0x7cff, 0x7cff, 0x7cff, 0x7cff, 0x7cff, 
0x7cff, 0x7cff, 0x7cff, 0x7cff, 0x7cff, 0x7cff, 0x7cff, 0x7cff, 
0x7cff, 0x7cff, 0x7cff, 0x7cff, 0x7cff, 0x7cff, 0x7cff, 0x7cff, 
0xe2ff, 0xe2ff, 0xe2ff, 0xe2ff, 0xe2ff, 0xe2ff, 0xe2ff, 0xe2ff, 
0xe2ff, 0xe2ff, 0xe2ff, 0xe2ff, 0xe2ff, 0xe2ff, 0xe2ff, 0xe2ff, 
0xe2ff, 0xe2ff, 0xe2ff, 0xe2ff, 0xe2ff, 0xe2ff, 0xe2ff, 0xe2ff, 
0xe2ff, 0xe2ff, 0xe2ff, 0xe2ff, 0xe2ff, 0xe2ff, 0xe2ff, 0xe2ff, 
0xe2ff, 0xe2ff, 0xe2ff, 0xe2ff, 0xe2ff, 0xe2ff, 0xe2ff, 0xe2ff, 
0xe2ff, 0xe2ff, 0xe2ff, 0xe2ff, 0xe2ff, 0xe2ff, 0xe2ff, 0xe2ff, 
0xe2ff, 0xe2ff, 0xe2ff, 0xe2ff, 0xe2ff, 0xe2ff, 0xe2ff, 0xe2ff, 
0xb0ff, 0xb0ff, 0xb0ff, 0xb0ff, 0xb0ff, 0xb0ff, 0xb0ff, 0xb0ff, 
0xb0ff, 0xb0ff, 0xb0ff, 0xb0ff, 0xb0ff, 0xb0ff, 0xb0ff, 0xb0ff, 
0xb0ff, 0xb0ff, 0xb0ff, 0xb0ff, 0xb0ff, 0xb0ff, 0xb0ff, 0xb0ff, 
0xb0ff, 0xb0ff, 0xb0ff, 0xb0ff, 0xb0ff, 0xb0ff, 0xb0ff, 0xb0ff, 
0xb0ff, 0xb0ff, 0xb0ff, 0xb0ff, 0xb0ff, 0xb0ff, 0xb0ff, 0xb0ff, 
0xb0ff, 0xb0ff, 0xb0ff, 0xb0ff, 0xb0ff, 0xb0ff, 0xb0ff, 0xb0ff, 
0xb0ff, 0xb0ff, 0xb0ff, 0xb0ff, 0xb0ff, 0xb0ff, 0xb0ff, 0xb0ff, 
0x83ff, 0x83ff, 0x83ff, 0x83ff, 0x83ff, 0x83ff, 0x83ff, 0x83ff, 
0x83ff, 0x83ff, 0x83ff, 0x83ff, 0x83ff, 0x83ff, 0x83ff, 0x83ff, 
0x83ff, 0x83ff, 0x83ff, 0x83ff, 0x83ff, 0x83ff, 0x83ff, 0x83ff, 
0x83ff, 0x83ff, 0x83ff, 0x83ff, 0x83ff, 0x83ff, 0x83ff, 0x83ff, 
0x83ff, 0x83ff, 0x83ff, 0x83ff, 0x83ff, 0x83ff, 0x83ff, 0x83ff, 
0x83ff, 0x83ff, 0x83ff, 0x83ff, 0x83ff, 0x83ff, 0x83ff, 0x83ff, 
0x83ff, 0x83ff, 0x83ff, 0x83ff, 0x83ff, 0x83ff, 0x83ff, 0x83ff, 
0x7cff, 0x7cff, 0x7cff, 0x7cff, 0x7cff, 0x7cff, 0x7cff, 0x7cff, 
0x7cff, 0x7cff, 0x7cff, 0x7cff, 0x7cff, 0x7cff, 0x7cff, 0x7cff, 
0x7cff, 0x7cff, 0x7cff, 0x7cff, 0x7cff, 0x7cff, 0x7cff, 0x7cff, 
0x7cff, 0x7cff, 0x7cff, 0x7cff, 0x7cff, 0x7cff, 0x7cff, 0x7cff, 
0x7cff, 0x7cff, 0x7cff, 0x7cff, 0x7cff, 0x7cff, 0x7cff, 0x7cff, 
0x7cff, 0x7cff, 0x7cff, 0x7cff, 0x7cff, 0x7cff, 0x7cff, 0x7cff, 
0x7cff, 0x7cff, 0x7cff, 0x7cff, 0x7cff, 0x7cff, 0x7cff, 0x7cff, 
0xe2ff, 0xe2ff, 0xe2ff, 0xe2ff, 0xe2ff, 0xe2ff, 0xe2ff, 0xe2ff, 
0xe2ff, 0xe2ff, 0xe2ff, 0xe2ff, 0xe2ff, 0xe2ff, 0xe2ff, 0xe2ff, 
0xe2ff, 0xe2ff, 0xe2ff, 0xe2ff, 0xe2ff, 0xe2ff, 0xe2ff, 0xe2ff, 
0xe2ff, 0xe2ff, 0xe2ff, 0xe2ff, 0xe2ff, 0xe2ff, 0xe2ff, 0xe2ff, 
0xe2ff, 0xe2ff, 0xe2ff, 0xe2ff, 0xe2ff, 0xe2ff, 0xe2ff, 0xe2ff, 
0xe2ff, 0xe2ff, 0xe2ff, 0xe2ff, 0xe2ff, 0xe2ff, 0xe2ff, 0xe2ff, 
0xe2ff, 0xe2ff, 0xe2ff, 0xe2ff, 0xe2ff, 0xe2ff, 0xe2ff, 0xe2ff, 
0xb0ff, 0xb0ff, 0xb0ff, 0xb0ff, 0xb0ff, 0xb0ff, 0xb0ff, 0xb0ff, 
0xb0ff, 0xb0ff, 0xb0ff, 0xb0ff, 0xb0ff, 0xb0ff, 0xb0ff, 0xb0ff, 
0xb0ff, 0xb0ff, 0xb0ff, 0xb0ff, 0xb0ff, 0xb0ff, 0xb0ff, 0xb0ff, 
0xb0ff, 0xb0ff, 0xb0ff, 0xb0ff, 0xb0ff, 0xb0ff, 0xb0ff, 0xb0ff, 
0xb0ff, 0xb0ff, 0xb0ff, 0xb0ff, 0xb0ff, 0xb0ff, 0xb0ff, 0xb0ff, 
0xb0ff, 0xb0ff, 0xb0ff, 0xb0ff, 0xb0ff, 0xb0ff, 0xb0ff, 0xb0ff, 
0xb0ff, 0xb0ff, 0xb0ff, 0xb0ff, 0xb0ff, 0xb0ff, 0xb0ff, 0xb0ff, 
0x83ff, 0x83ff, 0x83ff, 0x83ff, 0x83ff, 0x83ff, 0x83ff, 0x83ff, 
0x83ff, 0x83ff, 0x83ff, 0x83ff, 0x83ff, 0x83ff, 0x83ff, 0x83ff, 
0x83ff, 0x83ff, 0x83ff, 0x83ff, 0x83ff, 0x83ff, 0x83ff, 0x83ff, 
0x83ff, 0x83ff, 0x83ff, 0x83ff, 0x83ff, 0x83ff, 0x83ff, 0x83ff, 
0x83ff, 0x83ff, 0x83ff, 0x83ff, 0x83ff, 0x83ff, 0x83ff, 0x83ff, 
0x83ff, 0x83ff, 0x83ff, 0x83ff, 0x83ff, 0x83ff, 0x83ff, 0x83ff, 
0x83ff, 0x83ff, 0x83ff, 0x83ff, 0x83ff, 0x83ff, 0x83ff, 0x83ff, 
0x7cff, 0x7cff, 0x7cff, 0x7cff, 0x7cff, 0x7cff, 0x7cff, 0x7cff, 
0x7cff, 0x7cff, 0x7cff, 0x7cff, 0x7cff, 0x7cff, 0x7cff, 0x7cff, 
0x7cff, 0x7cff, 0x7cff, 0x7cff, 0x7cff, 0x7cff, 0x7cff, 0x7cff, 
0x7cff, 0x7cff, 0x7cff, 0x7cff, 0x7cff, 0x7cff, 0x7cff, 0x7cff, 
0x7cff, 0x7cff, 0x7cff, 0x7cff, 0x7cff, 0x7cff, 0x7cff, 0x7cff, 
0x7cff, 0x7cff, 0x7cff, 0x7cff, 0x7cff, 0x7cff, 0x7cff, 0x7cff, 
0x7cff, 0x7cff, 0x7cff, 0x7cff, 0x7cff, 0x7cff, 0x7cff, 0x7cff, 
0xe2ff, 0xe2ff, 0xe2ff, 0xe2ff, 0xe2ff, 0xe2ff, 0xe2ff, 0xe2ff, 
0xe2ff, 0xe2ff, 0xe2ff, 0xe2ff, 0xe2ff, 0xe2ff, 0xe2ff, 0xe2ff, 
0xe2ff, 0xe2ff, 0xe2ff, 0xe2ff, 0xe2ff, 0xe2ff, 0xe2ff, 0xe2ff, 
0xe2ff, 0xe2ff, 0xe2ff, 0xe2ff, 0xe2ff, 0xe2ff, 0xe2ff, 0xe2ff, 
0xe2ff, 0xe2ff, 0xe2ff, 0xe2ff, 0xe2ff, 0xe2ff, 0xe2ff, 0xe2ff, 
0xe2ff, 0xe2ff, 0xe2ff, 0xe2ff, 0xe2ff, 0xe2ff, 0xe2ff, 0xe2ff, 
0xe2ff, 0xe2ff, 0xe2ff, 0xe2ff, 0xe2ff, 0xe2ff, 0xe2ff, 0xe2ff, 
0xb0ff, 0xb0ff, 0xb0ff, 0xb0ff, 0xb0ff, 0xb0ff, 0xb0ff, 0xb0ff, 
0xb0ff, 0xb0ff, 0xb0ff, 0xb0ff, 0xb0ff, 0xb0ff, 0xb0ff, 0xb0ff, 
0xb0ff, 0xb0ff, 0xb0ff, 0xb0ff, 0xb0ff, 0xb0ff, 0xb0ff, 0xb0ff, 
0xb0ff, 0xb0ff, 0xb0ff, 0xb0ff, 0xb0ff, 0xb0ff, 0xb0ff, 0xb0ff, 
0xb0ff, 0xb0ff, 0xb0ff, 0xb0ff, 0xb0ff, 0xb0ff, 0xb0ff, 0xb0ff, 
0xb0ff, 0xb0ff, 0xb0ff, 0xb0ff, 0xb0ff, 0xb0ff, 0xb0ff, 0xb0ff, 
0xb0ff, 0xb0ff, 0xb0ff, 0xb0ff, 0xb0ff, 0xb0ff, 0xb0ff, 0xb0ff, 
0x83ff, 0x83ff, 0x83ff, 0x83ff, 0x83ff, 0x83ff, 0x83ff, 0x83ff, 
0x83ff, 0x83ff, 0x83ff, 0x83ff, 0x83ff, 0x83ff, 0x83ff, 0x83ff, 
0x83ff, 0x83ff, 0x83ff, 0x83ff, 0x83ff, 0x83ff, 0x83ff, 0x83ff, 
0x83ff, 0x83ff, 0x83ff, 0x83ff, 0x83ff, 0x83ff, 0x83ff, 0x83ff, 
0x83ff, 0x83ff, 0x83ff, 0x83ff, 0x83ff, 0x83ff, 0x83ff, 0x83ff, 
0x83ff, 0x83ff, 0x83ff, 0x83ff, 0x83ff, 0x83ff, 0x83ff, 0x83ff, 
0x83ff, 0x83ff, 0x83ff, 0x83ff, 0x83ff, 0x83ff, 0x83ff, 0x83ff, 
0x7cff, 0x7cff, 0x7cff, 0x7cff, 0x7cff, 0x7cff, 0x7cff, 0x7cff, 
0x7cff, 0x7cff, 0x7cff, 0x7cff, 0x7cff, 0x7cff, 0x7cff, 0x7cff, 
0x7cff, 0x7cff, 0x7cff, 0x7cff, 0x7cff, 0x7cff, 0x7cff, 0x7cff, 
0x7cff, 0x7cff, 0x7cff, 0x7cff, 0x7cff, 0x7cff, 0x7cff, 0x7cff, 
0x7cff, 0x7cff, 0x7cff, 0x7cff, 0x7cff, 0x7cff, 0x7cff, 0x7cff, 
0x7cff, 0x7cff, 0x7cff, 0x7cff, 0x7cff, 0x7cff, 0x7cff, 0x7cff, 
0x7cff, 0x7cff, 0x7cff, 0x7cff, 0x7cff, 0x7cff, 0x7cff, 0x7cff, 
0xe2ff, 0xe2ff, 0xe2ff, 0xe2ff, 0xe2ff, 0xe2ff, 0xe2ff, 0xe2ff, 
0xe2ff, 0xe2ff, 0xe2ff, 0xe2ff, 0xe2ff, 0xe2ff, 0xe2ff, 0xe2ff, 
0xe2ff, 0xe2ff, 0xe2ff, 0xe2ff, 0xe2ff, 0xe2ff, 0xe2ff, 0xe2ff, 
0xe2ff, 0xe2ff, 0xe2ff, 0xe2ff, 0xe2ff, 0xe2ff, 0xe2ff, 0xe2ff, 
0xe2ff, 0xe2ff, 0xe2ff, 0xe2ff, 0xe2ff, 0xe2ff, 0xe2ff, 0xe2ff, 
0xe2ff, 0xe2ff, 0xe2ff, 0xe2ff, 0xe2ff, 0xe2ff, 0xe2ff, 0xe2ff, 
0xe2ff, 0xe2ff, 0xe2ff, 0xe2ff, 0xe2ff, 0xe2ff, 0xe2ff, 0xe2ff, 
0xb0ff, 0xb0ff, 0xb0ff, 0xb0ff, 0xb0ff, 0xb0ff, 0xb0ff, 0xb0ff, 
0xb0ff, 0xb0ff, 0xb0ff, 0xb0ff, 0xb0ff, 0xb0ff, 0xb0ff, 0xb0ff, 
0xb0ff, 0xb0ff, 0xb0ff, 0xb0ff, 0xb0ff, 0xb0ff, 0xb0ff, 0xb0ff, 
0xb0ff, 0xb0ff, 0xb0ff, 0xb0ff, 0xb0ff, 0xb0ff, 0xb0ff, 0xb0ff, 
0xb0ff, 0xb0ff, 0xb0ff, 0xb0ff, 0xb0ff, 0xb0ff, 0xb0ff, 0xb0ff, 
0xb0ff, 0xb0ff, 0xb0ff, 0xb0ff, 0xb0ff, 0xb0ff, 0xb0ff, 0xb0ff, 
0xb0ff, 0xb0ff, 0xb0ff, 0xb0ff, 0xb0ff, 0xb0ff, 0xb0ff, 0xb0ff, 
0x83ff, 0x83ff, 0x83ff, 0x83ff, 0x83ff, 0x83ff, 0x83ff, 0x83ff, 
0x83ff, 0x83ff, 0x83ff, 0x83ff, 0x83ff, 0x83ff, 0x83ff, 0x83ff, 
0x83ff, 0x83ff, 0x83ff, 0x83ff, 0x83ff, 0x83ff, 0x83ff, 0x83ff, 
0x83ff, 0x83ff, 0x83ff, 0x83ff, 0x83ff, 0x83ff, 0x83ff, 0x83ff, 
0x83ff, 0x83ff, 0x83ff, 0x83ff, 0x83ff, 0x83ff, 0x83ff, 0x83ff, 
0x83ff, 0x83ff, 0x83ff, 0x83ff, 0x83ff, 0x83ff, 0x83ff, 0x83ff, 
0x83ff, 0x83ff, 0x83ff, 0x83ff, 0x83ff, 0x83ff, 0x83ff, 0x83ff, 
0x7cff, 0x7cff, 0x7cff, 0x7cff, 0x7cff, 0x7cff, 0x7cff, 0x7cff, 
0x7cff, 0x7cff, 0x7cff, 0x7cff, 0x7cff, 0x7cff, 0x7cff, 0x7cff, 
0x7cff, 0x7cff, 0x7cff, 0x7cff, 0x7cff, 0x7cff, 0x7cff, 0x7cff, 
0x7cff, 0x7cff, 0x7cff, 0x7cff, 0x7cff, 0x7cff, 0x7cff, 0x7cff, 
0x7cff, 0x7cff, 0x7cff, 0x7cff, 0x7cff, 0x7cff, 0x7cff, 0x7cff, 
0x7cff, 0x7cff, 0x7cff, 0x7cff, 0x7cff, 0x7cff, 0x7cff, 0x7cff, 
0x7cff, 0x7cff, 0x7cff, 0x7cff, 0x7cff, 0x7cff, 0x7cff, 0x7cff, 
0xe2ff, 0xe2ff, 0xe2ff, 0xe2ff, 0xe2ff, 0xe2ff, 0xe2ff, 0xe2ff, 
0xe2ff, 0xe2ff, 0xe2ff, 0xe2ff, 0xe2ff, 0xe2ff, 0xe2ff, 0xe2ff, 
0xe2ff, 0xe2ff, 0xe2ff, 0xe2ff, 0xe2ff, 0xe2ff, 0xe2ff, 0xe2ff, 
0xe2ff, 0xe2ff, 0xe2ff, 0xe2ff, 0xe2ff, 0xe2ff, 0xe2ff, 0xe2ff, 
0xe2ff, 0xe2ff, 0xe2ff, 0xe2ff, 0xe2ff, 0xe2ff, 0xe2ff, 0xe2ff, 
0xe2ff, 0xe2ff, 0xe2ff, 0xe2ff, 0xe2ff, 0xe2ff, 0xe2ff, 0xe2ff, 
0xe2ff, 0xe2ff, 0xe2ff, 0xe2ff, 0xe2ff, 0xe2ff, 0xe2ff, 0xe2ff, 
0xb0ff, 0xb0ff, 0xb0ff, 0xb0ff, 0xb0ff, 0xb0ff, 0xb0ff, 0xb0ff, 
0xb0ff, 0xb0ff, 0xb0ff, 0xb0ff, 0xb0ff, 0xb0ff, 0xb0ff, 0xb0ff, 
0xb0ff, 0xb0ff, 0xb0ff, 0xb0ff, 0xb0ff, 0xb0ff, 0xb0ff, 0xb0ff, 
0xb0ff, 0xb0ff, 0xb0ff, 0xb0ff, 0xb0ff, 0xb0ff, 0xb0ff, 0xb0ff, 
0xb0ff, 0xb0ff, 0xb0ff, 0xb0ff, 0xb0ff, 0xb0ff, 0xb0ff, 0xb0ff, 
0xb0ff, 0xb0ff, 0xb0ff, 0xb0ff, 0xb0ff, 0xb0ff, 0xb0ff, 0xb0ff, 
0xb0ff, 0xb0ff, 0xb0ff, 0xb0ff, 0xb0ff, 0xb0ff, 0xb0ff, 0xb0ff, 
0x83ff, 0x83ff, 0x83ff, 0x83ff, 0x83ff, 0x83ff, 0x83ff, 0x83ff, 
0x83ff, 0x83ff, 0x83ff, 0x83ff, 0x83ff, 0x83ff, 0x83ff, 0x83ff, 
0x83ff, 0x83ff, 0x83ff, 0x83ff, 0x83ff, 0x83ff, 0x83ff, 0x83ff, 
0x83ff, 0x83ff, 0x83ff, 0x83ff, 0x83ff, 0x83ff, 0x83ff, 0x83ff, 
0x83ff, 0x83ff, 0x83ff, 0x83ff, 0x83ff, 0x83ff, 0x83ff, 0x83ff, 
0x83ff, 0x83ff, 0x83ff, 0x83ff, 0x83ff, 0x83ff, 0x83ff, 0x83ff, 
0x83ff, 0x83ff, 0x83ff, 0x83ff, 0x83ff, 0x83ff, 0x83ff, 0x83ff, 
0x7cff, 0x7cff, 0x7cff, 0x7cff, 0x7cff, 0x7cff, 0x7cff, 0x7cff, 
0x7cff, 0x7cff, 0x7cff, 0x7cff, 0x7cff, 0x7cff, 0x7cff, 0x7cff, 
0x7cff, 0x7cff, 0x7cff, 0x7cff, 0x7cff, 0x7cff, 0x7cff, 0x7cff, 
0x7cff, 0x7cff, 0x7cff, 0x7cff, 0x7cff, 0x7cff, 0x7cff, 0x7cff, 
0x7cff, 0x7cff, 0x7cff, 0x7cff, 0x7cff, 0x7cff, 0x7cff, 0x7cff, 
0x7cff, 0x7cff, 0x7cff, 0x7cff, 0x7cff, 0x7cff, 0x7cff, 0x7cff, 
0x7cff, 0x7cff, 0x7cff, 0x7cff, 0x7cff, 0x7cff, 0x7cff, 0x7cff, 
0xe2ff, 0xe2ff, 0xe2ff, 0xe2ff, 0xe2ff, 0xe2ff, 0xe2ff, 0xe2ff, 
0xe2ff, 0xe2ff, 0xe2ff, 0xe2ff, 0xe2ff, 0xe2ff, 0xe2ff, 0xe2ff, 
0xe2ff, 0xe2ff, 0xe2ff, 0xe2ff, 0xe2ff, 0xe2ff, 0xe2ff, 0xe2ff, 
0xe2ff, 0xe2ff, 0xe2ff, 0xe2ff, 0xe2ff, 0xe2ff, 0xe2ff, 0xe2ff, 
0xe2ff, 0xe2ff, 0xe2ff, 0xe2ff, 0xe2ff, 0xe2ff, 0xe2ff, 0xe2ff, 
0xe2ff, 0xe2ff, 0xe2ff, 0xe2ff, 0xe2ff, 0xe2ff, 0xe2ff, 0xe2ff, 
0xe2ff, 0xe2ff, 0xe2ff, 0xe2ff, 0xe2ff, 0xe2ff, 0xe2ff, 0xe2ff, 
0xb0ff, 0xb0ff, 0xb0ff, 0xb0ff, 0xb0ff, 0xb0ff, 0xb0ff, 0xb0ff, 
0xb0ff, 0xb0ff, 0xb0ff, 0xb0ff, 0xb0ff, 0xb0ff, 0xb0ff, 0xb0ff, 
0xb0ff, 0xb0ff, 0xb0ff, 0xb0ff, 0xb0ff, 0xb0ff, 0xb0ff, 0xb0ff, 
0xb0ff, 0xb0ff, 0xb0ff, 0xb0ff, 0xb0ff, 0xb0ff, 0xb0ff, 0xb0ff, 
0xb0ff, 0xb0ff, 0xb0ff, 0xb0ff, 0xb0ff, 0xb0ff, 0xb0ff, 0xb0ff, 
0xb0ff, 0xb0ff, 0xb0ff, 0xb0ff, 0xb0ff, 0xb0ff, 0xb0ff, 0xb0ff, 
0xb0ff, 0xb0ff, 0xb0ff, 0xb0ff, 0xb0ff, 0xb0ff, 0xb0ff, 0xb0ff, 
0x83ff, 0x83ff, 0x83ff, 0x83ff, 0x83ff, 0x83ff, 0x83ff, 0x83ff, 
0x83ff, 0x83ff, 0x83ff, 0x83ff, 0x83ff, 0x83ff, 0x83ff, 0x83ff, 
0x83ff, 0x83ff, 0x83ff, 0x83ff, 0x83ff, 0x83ff, 0x83ff, 0x83ff, 
0x83ff, 0x83ff, 0x83ff, 0x83ff, 0x83ff, 0x83ff, 0x83ff, 0x83ff, 
0x83ff, 0x83ff, 0x83ff, 0x83ff, 0x83ff, 0x83ff, 0x83ff, 0x83ff, 
0x83ff, 0x83ff, 0x83ff, 0x83ff, 0x83ff, 0x83ff, 0x83ff, 0x83ff, 
0x83ff, 0x83ff, 0x83ff, 0x83ff, 0x83ff, 0x83ff, 0x83ff, 0x83ff, 
0x7cff, 0x7cff, 0x7cff, 0x7cff, 0x7cff, 0x7cff, 0x7cff, 0x7cff, 
0x7cff, 0x7cff, 0x7cff, 0x7cff, 0x7cff, 0x7cff, 0x7cff, 0x7cff, 
0x7cff, 0x7cff, 0x7cff, 0x7cff, 0x7cff, 0x7cff, 0x7cff, 0x7cff, 
0x7cff, 0x7cff, 0x7cff, 0x7cff, 0x7cff, 0x7cff, 0x7cff, 0x7cff, 
0x7cff, 0x7cff, 0x7cff, 0x7cff, 0x7cff, 0x7cff, 0x7cff, 0x7cff, 
0x7cff, 0x7cff, 0x7cff, 0x7cff, 0x7cff, 0x7cff, 0x7cff, 0x7cff, 
0x7cff, 0x7cff, 0x7cff, 0x7cff, 0x7cff, 0x7cff, 0x7cff, 0x7cff, 
0xe2ff, 0xe2ff, 0xe2ff, 0xe2ff, 0xe2ff, 0xe2ff, 0xe2ff, 0xe2ff, 
0xe2ff, 0xe2ff, 0xe2ff, 0xe2ff, 0xe2ff, 0xe2ff, 0xe2ff, 0xe2ff, 
0xe2ff, 0xe2ff, 0xe2ff, 0xe2ff, 0xe2ff, 0xe2ff, 0xe2ff, 0xe2ff, 
0xe2ff, 0xe2ff, 0xe2ff, 0xe2ff, 0xe2ff, 0xe2ff, 0xe2ff, 0xe2ff, 
0xe2ff, 0xe2ff, 0xe2ff, 0xe2ff, 0xe2ff, 0xe2ff, 0xe2ff, 0xe2ff, 
0xe2ff, 0xe2ff, 0xe2ff, 0xe2ff, 0xe2ff, 0xe2ff, 0xe2ff, 0xe2ff, 
0xe2ff, 0xe2ff, 0xe2ff, 0xe2ff, 0xe2ff, 0xe2ff, 0xe2ff, 0xe2ff, 
0xb0ff, 0xb0ff, 0xb0ff, 0xb0ff, 0xb0ff, 0xb0ff, 0xb0ff, 0xb0ff, 
0xb0ff, 0xb0ff, 0xb0ff, 0xb0ff, 0xb0ff, 0xb0ff, 0xb0ff, 0xb0ff, 
0xb0ff, 0xb0ff, 0xb0ff, 0xb0ff, 0xb0ff, 0xb0ff, 0xb0ff, 0xb0ff, 
0xb0ff, 0xb0ff, 0xb0ff, 0xb0ff, 0xb0ff, 0xb0ff, 0xb0ff, 0xb0ff, 
0xb0ff, 0xb0ff, 0xb0ff, 0xb0ff, 0xb0ff, 0xb0ff, 0xb0ff, 0xb0ff, 
0xb0ff, 0xb0ff, 0xb0ff, 0xb0ff, 0xb0ff, 0xb0ff, 0xb0ff, 0xb0ff, 
0xb0ff, 0xb0ff, 0xb0ff, 0xb0ff, 0xb0ff, 0xb0ff, 0xb0ff, 0xb0ff, 
0x83ff, 0x83ff, 0x83ff, 0x83ff, 0x83ff, 0x83ff, 0x83ff, 0x83ff, 
0x83ff, 0x83ff, 0x83ff, 0x83ff, 0x83ff, 0x83ff, 0x83ff, 0x83ff, 
0x83ff, 0x83ff, 0x83ff, 0x83ff, 0x83ff, 0x83ff, 0x83ff, 0x83ff, 
0x83ff, 0x83ff, 0x83ff, 0x83ff, 0x83ff, 0x83ff, 0x83ff, 0x83ff, 
0x83ff, 0x83ff, 0x83ff, 0x83ff, 0x83ff, 0x83ff, 0x83ff, 0x83ff, 
0x83ff, 0x83ff, 0x83ff, 0x83ff, 0x83ff, 0x83ff, 0x83ff, 0x83ff, 
0x83ff, 0x83ff, 0x83ff, 0x83ff, 0x83ff, 0x83ff, 0x83ff, 0x83ff, 
0x7cff, 0x7cff, 0x7cff, 0x7cff, 0x7cff, 0x7cff, 0x7cff, 0x7cff, 
0x7cff, 0x7cff, 0x7cff, 0x7cff, 0x7cff, 0x7cff, 0x7cff, 0x7cff, 
0x7cff, 0x7cff, 0x7cff, 0x7cff, 0x7cff, 0x7cff, 0x7cff, 0x7cff, 
0x7cff, 0x7cff, 0x7cff, 0x7cff, 0x7cff, 0x7cff, 0x7cff, 0x7cff, 
0x7cff, 0x7cff, 0x7cff, 0x7cff, 0x7cff, 0x7cff, 0x7cff, 0x7cff, 
0x7cff, 0x7cff, 0x7cff, 0x7cff, 0x7cff, 0x7cff, 0x7cff, 0x7cff, 
0x7cff, 0x7cff, 0x7cff, 0x7cff, 0x7cff, 0x7cff, 0x7cff, 0x7cff, 
0xe2ff, 0xe2ff, 0xe2ff, 0xe2ff, 0xe2ff, 0xe2ff, 0xe2ff, 0xe2ff, 
0xe2ff, 0xe2ff, 0xe2ff, 0xe2ff, 0xe2ff, 0xe2ff, 0xe2ff, 0xe2ff, 
0xe2ff, 0xe2ff, 0xe2ff, 0xe2ff, 0xe2ff, 0xe2ff, 0xe2ff, 0xe2ff, 
0xe2ff, 0xe2ff, 0xe2ff, 0xe2ff, 0xe2ff, 0xe2ff, 0xe2ff, 0xe2ff, 
0xe2ff, 0xe2ff, 0xe2ff, 0xe2ff, 0xe2ff, 0xe2ff, 0xe2ff, 0xe2ff, 
0xe2ff, 0xe2ff, 0xe2ff, 0xe2ff, 0xe2ff, 0xe2ff, 0xe2ff, 0xe2ff, 
0xe2ff, 0xe2ff, 0xe2ff, 0xe2ff, 0xe2ff, 0xe2ff, 0xe2ff, 0xe2ff, 
0xb0ff, 0xb0ff, 0xb0ff, 0xb0ff, 0xb0ff, 0xb0ff, 0xb0ff, 0xb0ff, 
0xb0ff, 0xb0ff, 0xb0ff, 0xb0ff, 0xb0ff, 0xb0ff, 0xb0ff, 0xb0ff, 
0xb0ff, 0xb0ff, 0xb0ff, 0xb0ff, 0xb0ff, 0xb0ff, 0xb0ff, 0xb0ff, 
0xb0ff, 0xb0ff, 0xb0ff, 0xb0ff, 0xb0ff, 0xb0ff, 0xb0ff, 0xb0ff, 
0xb0ff, 0xb0ff, 0xb0ff, 0xb0ff, 0xb0ff, 0xb0ff, 0xb0ff, 0xb0ff, 
0xb0ff, 0xb0ff, 0xb0ff, 0xb0ff, 0xb0ff, 0xb0ff, 0xb0ff, 0xb0ff, 
0xb0ff, 0xb0ff, 0xb0ff, 0xb0ff, 0xb0ff, 0xb0ff, 0xb0ff, 0xb0ff, 
0x83ff, 0x83ff, 0x83ff, 0x83ff, 0x83ff, 0x83ff, 0x83ff, 0x83ff, 
0x83ff, 0x83ff, 0x83ff, 0x83ff, 0x83ff, 0x83ff, 0x83ff, 0x83ff, 
0x83ff, 0x83ff, 0x83ff, 0x83ff, 0x83ff, 0x83ff, 0x83ff, 0x83ff, 
0x83ff, 0x83ff, 0x83ff, 0x83ff, 0x83ff, 0x83ff, 0x83ff, 0x83ff, 
0x83ff, 0x83ff, 0x83ff, 0x83ff, 0x83ff, 0x83ff, 0x83ff, 0x83ff, 
0x83ff, 0x83ff, 0x83ff, 0x83ff, 0x83ff, 0x83ff, 0x83ff, 0x83ff, 
0x83ff, 0x83ff, 0x83ff, 0x83ff, 0x83ff, 0x83ff, 0x83ff, 0x83ff, 
0x7cff, 0x7cff, 0x7cff, 0x7cff, 0x7cff, 0x7cff, 0x7cff, 0x7cff, 
0x7cff, 0x7cff, 0x7cff, 0x7cff, 0x7cff, 0x7cff, 0x7cff, 0x7cff, 
0x7cff, 0x7cff, 0x7cff, 0x7cff, 0x7cff, 0x7cff, 0x7cff, 0x7cff, 
0x7cff, 0x7cff, 0x7cff, 0x7cff, 0x7cff, 0x7cff, 0x7cff, 0x7cff, 
0x7cff, 0x7cff, 0x7cff, 0x7cff, 0x7cff, 0x7cff, 0x7cff, 0x7cff, 
0x7cff, 0x7cff, 0x7cff, 0x7cff, 0x7cff, 0x7cff, 0x7cff, 0x7cff, 
0x7cff, 0x7cff, 0x7cff, 0x7cff, 0x7cff, 0x7cff, 0x7cff, 0x7cff, 
0xe2ff, 0xe2ff, 0xe2ff, 0xe2ff, 0xe2ff, 0xe2ff, 0xe2ff, 0xe2ff, 
0xe2ff, 0xe2ff, 0xe2ff, 0xe2ff, 0xe2ff, 0xe2ff, 0xe2ff, 0xe2ff, 
0xe2ff, 0xe2ff, 0xe2ff, 0xe2ff, 0xe2ff, 0xe2ff, 0xe2ff, 0xe2ff, 
0xe2ff, 0xe2ff, 0xe2ff, 0xe2ff, 0xe2ff, 0xe2ff, 0xe2ff, 0xe2ff, 
0xe2ff, 0xe2ff, 0xe2ff, 0xe2ff, 0xe2ff, 0xe2ff, 0xe2ff, 0xe2ff, 
0xe2ff, 0xe2ff, 0xe2ff, 0xe2ff, 0xe2ff, 0xe2ff, 0xe2ff, 0xe2ff, 
0xe2ff, 0xe2ff, 0xe2ff, 0xe2ff, 0xe2ff, 0xe2ff, 0xe2ff, 0xe2ff, 
0xb0ff, 0xb0ff, 0xb0ff, 0xb0ff, 0xb0ff, 0xb0ff, 0xb0ff, 0xb0ff, 
0xb0ff, 0xb0ff, 0xb0ff, 0xb0ff, 0xb0ff, 0xb0ff, 0xb0ff, 0xb0ff, 
0xb0ff, 0xb0ff, 0xb0ff, 0xb0ff, 0xb0ff, 0xb0ff, 0xb0ff, 0xb0ff, 
0xb0ff, 0xb0ff, 0xb0ff, 0xb0ff, 0xb0ff, 0xb0ff, 0xb0ff, 0xb0ff, 
0xb0ff, 0xb0ff, 0xb0ff, 0xb0ff, 0xb0ff, 0xb0ff, 0xb0ff, 0xb0ff, 
0xb0ff, 0xb0ff, 0xb0ff, 0xb0ff, 0xb0ff, 0xb0ff, 0xb0ff, 0xb0ff, 
0xb0ff, 0xb0ff, 0xb0ff, 0xb0ff, 0xb0ff, 0xb0ff, 0xb0ff, 0xb0ff, 
0x83ff, 0x83ff, 0x83ff, 0x83ff, 0x83ff, 0x83ff, 0x83ff, 0x83ff, 
0x83ff, 0x83ff, 0x83ff, 0x83ff, 0x83ff, 0x83ff, 0x83ff, 0x83ff, 
0x83ff, 0x83ff, 0x83ff, 0x83ff, 0x83ff, 0x83ff, 0x83ff, 0x83ff, 
0x83ff, 0x83ff, 0x83ff, 0x83ff, 0x83ff, 0x83ff, 0x83ff, 0x83ff, 
0x83ff, 0x83ff, 0x83ff, 0x83ff, 0x83ff, 0x83ff, 0x83ff, 0x83ff, 
0x83ff, 0x83ff, 0x83ff, 0x83ff, 0x83ff, 0x83ff, 0x83ff, 0x83ff, 
0x83ff, 0x83ff, 0x83ff, 0x83ff, 0x83ff, 0x83ff, 0x83ff, 0x83ff, 
0x7cff, 0x7cff, 0x7cff, 0x7cff, 0x7cff, 0x7cff, 0x7cff, 0x7cff, 
0x7cff, 0x7cff, 0x7cff, 0x7cff, 0x7cff, 0x7cff, 0x7cff, 0x7cff, 
0x7cff, 0x7cff, 0x7cff, 0x7cff, 0x7cff, 0x7cff, 0x7cff, 0x7cff, 
0x7cff, 0x7cff, 0x7cff, 0x7cff, 0x7cff, 0x7cff, 0x7cff, 0x7cff, 
0x7cff, 0x7cff, 0x7cff, 0x7cff, 0x7cff, 0x7cff, 0x7cff, 0x7cff, 
0x7cff, 0x7cff, 0x7cff, 0x7cff, 0x7cff, 0x7cff, 0x7cff, 0x7cff, 
0x7cff, 0x7cff, 0x7cff, 0x7cff, 0x7cff, 0x7cff, 0x7cff, 0x7cff, 
0xe2ff, 0xe2ff, 0xe2ff, 0xe2ff, 0xe2ff, 0xe2ff, 0xe2ff, 0xe2ff, 
0xe2ff, 0xe2ff, 0xe2ff, 0xe2ff, 0xe2ff, 0xe2ff, 0xe2ff, 0xe2ff, 
0xe2ff, 0xe2ff, 0xe2ff, 0xe2ff, 0xe2ff, 0xe2ff, 0xe2ff, 0xe2ff, 
0xe2ff, 0xe2ff, 0xe2ff, 0xe2ff, 0xe2ff, 0xe2ff, 0xe2ff, 0xe2ff, 
0xe2ff, 0xe2ff, 0xe2ff, 0xe2ff, 0xe2ff, 0xe2ff, 0xe2ff, 0xe2ff, 
0xe2ff, 0xe2ff, 0xe2ff, 0xe2ff, 0xe2ff, 0xe2ff, 0xe2ff, 0xe2ff, 
0xe2ff, 0xe2ff, 0xe2ff, 0xe2ff, 0xe2ff, 0xe2ff, 0xe2ff, 0xe2ff, 
0xb0ff, 0xb0ff, 0xb0ff, 0xb0ff, 0xb0ff, 0xb0ff, 0xb0ff, 0xb0ff, 
0xb0ff, 0xb0ff, 0xb0ff, 0xb0ff, 0xb0ff, 0xb0ff, 0xb0ff, 0xb0ff, 
0xb0ff, 0xb0ff, 0xb0ff, 0xb0ff, 0xb0ff, 0xb0ff, 0xb0ff, 0xb0ff, 
0xb0ff, 0xb0ff, 0xb0ff, 0xb0ff, 0xb0ff, 0xb0ff, 0xb0ff, 0xb0ff, 
0xb0ff, 0xb0ff, 0xb0ff, 0xb0ff, 0xb0ff, 0xb0ff, 0xb0ff, 0xb0ff, 
0xb0ff, 0xb0ff, 0xb0ff, 0xb0ff, 0xb0ff, 0xb0ff, 0xb0ff, 0xb0ff, 
0xb0ff, 0xb0ff, 0xb0ff, 0xb0ff, 0xb0ff, 0xb0ff, 0xb0ff, 0xb0ff, 
0x83ff, 0x83ff, 0x83ff, 0x83ff, 0x83ff, 0x83ff, 0x83ff, 0x83ff, 
0x83ff, 0x83ff, 0x83ff, 0x83ff, 0x83ff, 0x83ff, 0x83ff, 0x83ff, 
0x83ff, 0x83ff, 0x83ff, 0x83ff, 0x83ff, 0x83ff, 0x83ff, 0x83ff, 
0x83ff, 0x83ff, 0x83ff, 0x83ff, 0x83ff, 0x83ff, 0x83ff, 0x83ff, 
0x83ff, 0x83ff, 0x83ff, 0x83ff, 0x83ff, 0x83ff, 0x83ff, 0x83ff, 
0x83ff, 0x83ff, 0x83ff, 0x83ff, 0x83ff, 0x83ff, 0x83ff, 0x83ff, 
0x83ff, 0x83ff, 0x83ff, 0x83ff, 0x83ff, 0x83ff, 0x83ff, 0x83ff, 
0x7cff, 0x7cff, 0x7cff, 0x7cff, 0x7cff, 0x7cff, 0x7cff, 0x7cff, 
0x7cff, 0x7cff, 0x7cff, 0x7cff, 0x7cff, 0x7cff, 0x7cff, 0x7cff, 
0x7cff, 0x7cff, 0x7cff, 0x7cff, 0x7cff, 0x7cff, 0x7cff, 0x7cff, 
0x7cff, 0x7cff, 0x7cff, 0x7cff, 0x7cff, 0x7cff, 0x7cff, 0x7cff, 
0x7cff, 0x7cff, 0x7cff, 0x7cff, 0x7cff, 0x7cff, 0x7cff, 0x7cff, 
0x7cff, 0x7cff, 0x7cff, 0x7cff, 0x7cff, 0x7cff, 0x7cff, 0x7cff, 
0x7cff, 0x7cff, 0x7cff, 0x7cff, 0x7cff, 0x7cff, 0x7cff, 0x7cff, 
0xe2ff, 0xe2ff, 0xe2ff, 0xe2ff, 0xe2ff, 0xe2ff, 0xe2ff, 0xe2ff, 
0xe2ff, 0xe2ff, 0xc2fd, 0x82f9, 0x52f5, 0x32f3, 0x22f2, 0x22f2, 
0x22f2, 0x32f3, 0x42f5, 0x72f7, 0xa2fb, 0xe2ff, 0xe2ff, 0xe2ff, 
0xe2ff, 0xe2ff, 0xe2ff, 0xe2ff, 0xe2ff, 0xe2ff, 0xe2ff, 0xe2ff, 
0xe2ff, 0xe2ff, 0xe2ff, 0xc2fc, 0x72f8, 0x42f5, 0x32f3, 0x22f2, 
0x22f2, 0x22f2, 0x42f4, 0x62f6, 0x92fa, 0xd2fe, 0xe2ff, 0xe2ff, 
0xe2ff, 0xe2ff, 0xe2ff, 0xe2ff, 0xe2ff, 0xe2ff, 0xe2ff, 0xe2ff, 
0xb0ff, 0xb0ff, 0xb0ff, 0xb0ff, 0xb0ff, 0xb0ff, 0xb0ff, 0xb0ff, 
0xb0ff, 0xb0ff, 0xb0ff, 0xb0ff, 0xb0ff, 0xb0ff, 0xb0ff, 0x90fd, 
0x71f9, 0x52f6, 0x32f4, 0x22f3, 0x32f3, 0x61f8, 0xb0ff, 0xb0ff, 
0xb0ff, 0xb0ff, 0xb0ff, 0xb0ff, 0xb0ff, 0xb0ff, 0xb0ff, 0xb0ff, 
0xb0ff, 0xb0ff, 0xb0ff, 0xb0ff, 0xb0ff, 0xb0ff, 0xb0ff, 0xb0ff, 
0xb0fe, 0x71f9, 0x51f6, 0x51f6, 0x51f6, 0x51f6, 0x61f7, 0xa0fd, 
0xb0ff, 0xb0ff, 0xb0ff, 0xb0ff, 0xb0ff, 0xb0ff, 0xb0ff, 0xb0ff, 
0x83ff, 0x83ff, 0x83ff, 0x83ff, 0x83ff, 0x83ff, 0x83ff, 0x83ff, 
0x83ff, 0x83ff, 0x83ff, 0x83ff, 0x83ff, 0x83ff, 0x83ff, 0x83ff, 
0x83ff, 0x83ff, 0x83ff, 0x83ff, 0x83ff, 0x83ff, 0x83ff, 0x83ff, 
0x83ff, 0x83ff, 0x83ff, 0x83ff, 0x83ff, 0x83ff, 0x83ff, 0x83ff, 
0x83ff, 0x83ff, 0x83ff, 0x83ff, 0x83ff, 0x83ff, 0x83ff, 0x83ff, 
0x83ff, 0x83ff, 0x83ff, 0x83ff, 0x83ff, 0x83ff, 0x83ff, 0x83ff, 
0x83ff, 0x83ff, 0x83ff, 0x83ff, 0x83ff, 0x83ff, 0x83ff, 0x83ff, 
0x7cff, 0x7cff, 0x7cff, 0x7cff, 0x7cff, 0x7cff, 0x7cff, 0x7cff, 
0x7cff, 0x7cff, 0x7cff, 0x7cff, 0x7cff, 0x7cff, 0x7cff, 0x7cff, 
0x7cff, 0x7cff, 0x7cff, 0x7cff, 0x7cff, 0x7cff, 0x7cff, 0x7cff, 
0x7cff, 0x7cff, 0x7cff, 0x7cff, 0x7cff, 0x7cff, 0x7cff, 0x7cff, 
0x7cff, 0x7cff, 0x7cff, 0x7cff, 0x7cff, 0x7cff, 0x7cff, 0x7cff, 
0x7cff, 0x7cff, 0x7cff, 0x7cff, 0x7cff, 0x7cff, 0x7cff, 0x7cff, 
0x7cff, 0x7cff, 0x7cff, 0x7cff, 0x7cff, 0x7cff, 0x7cff, 0x7cff, 
0xe2ff, 0xe2ff, 0xe2ff, 0xe2ff, 0xe2ff, 0xe2ff, 0xe2ff, 0xe2ff, 
0xd2fe, 0x72f8, 0x32f3, 0x22f2, 0x22f2, 0x22f2, 0x22f2, 0x22f2, 
0x22f2, 0x22f2, 0x22f2, 0x22f2, 0x22f2, 0x52f5, 0xb2fb, 0xe2ff, 
0xe2ff, 0xe2ff, 0xe2ff, 0xe2ff, 0xe2ff, 0xe2ff, 0xe2ff, 0xe2ff, 
0xe2ff, 0xc2fd, 0x62f6, 0x22f3, 0x22f2, 0x22f2, 0x22f2, 0x22f2, 
0x22f2, 0x22f2, 0x22f2, 0x22f2, 0x22f2, 0x32f4, 0x92f9, 0xe2ff, 
0xe2ff, 0xe2ff, 0xe2ff, 0xe2ff, 0xe2ff, 0xe2ff, 0xe2ff, 0xe2ff, 
0xb0ff, 0xb0ff, 0xb0ff, 0xb0ff, 0xb0ff, 0xb0ff, 0xb0ff, 0xb0ff, 
0xb0ff, 0xb0ff, 0xb0ff, 0xb0ff, 0xb0ff, 0x81fb, 0x51f6, 0x32f3, 
0x22f2, 0x22f2, 0x22f2, 0x22f2, 0x22f2, 0x22f2, 0xa0fd, 0xb0ff, 
0xb0ff, 0xb0ff, 0xb0ff, 0xb0ff, 0xb0ff, 0xb0ff, 0xb0ff, 0xb0ff, 
0xb0ff, 0xb0ff, 0xb0ff, 0xb0ff, 0xb0ff, 0xb0ff, 0xb0ff, 0xb0ff, 
0x52f6, 0x22f2, 0x22f2, 0x22f2, 0x22f2, 0x22f2, 0x22f2, 0x42f5, 
0xb0ff, 0xb0ff, 0xb0ff, 0xb0ff, 0xb0ff, 0xb0ff, 0xb0ff, 0xb0ff, 
0x83ff, 0x83ff, 0x83ff, 0x83ff, 0x83ff, 0x83ff, 0x83ff, 0x83ff, 
0x83ff, 0x83ff, 0x83ff, 0x83ff, 0x83ff, 0x83ff, 0x83ff, 0x83ff, 
0x83ff, 0x83ff, 0x83ff, 0x83ff, 0x83ff, 0x83ff, 0x83ff, 0x83ff, 
0x83ff, 0x83ff, 0x83ff, 0x83ff, 0x83ff, 0x83ff, 0x83ff, 0x83ff, 
0x83ff, 0x83ff, 0x83ff, 0x83ff, 0x83ff, 0x83ff, 0x83ff, 0x83ff, 
0x83ff, 0x83ff, 0x83ff, 0x83ff, 0x83ff, 0x83ff, 0x83ff, 0x83ff, 
0x83ff, 0x83ff, 0x83ff, 0x83ff, 0x83ff, 0x83ff, 0x83ff, 0x83ff, 
0x7cff, 0x7cff, 0x7cff, 0x7cff, 0x7cff, 0x7cff, 0x7cff, 0x7cff, 
0x7cff, 0x7cff, 0x7cff, 0x7cff, 0x7cff, 0x7cff, 0x7cff, 0x7cff, 
0x7cff, 0x7cff, 0x7cff, 0x7cff, 0x7cff, 0x7cff, 0x7cff, 0x7cff, 
0x7cff, 0x7cff, 0x7cff, 0x7cff, 0x7cff, 0x7cff, 0x7cff, 0x7cff, 
0x7cff, 0x7cff, 0x7cff, 0x7cff, 0x7cff, 0x7cff, 0x7cff, 0x7cff, 
0x7cff, 0x7cff, 0x7cff, 0x7cff, 0x7cff, 0x7cff, 0x7cff, 0x7cff, 
0x7cff, 0x7cff, 0x7cff, 0x7cff, 0x7cff, 0x7cff, 0x7cff, 0x7cff, 
0xe2ff, 0xe2ff, 0xe2ff, 0xe2ff, 0xe2ff, 0xe2ff, 0xe2ff, 0xb2fc, 
0x42f4, 0x22f2, 0x22f2, 0x22f3, 0x22f2, 0x22f2, 0x22f2, 0x22f2, 
0x22f2, 0x22f2, 0x22f2, 0x22f3, 0x22f2, 0x22f2, 0x22f2, 0x82f8, 
0xe2ff, 0xe2ff, 0xe2ff, 0xe2ff, 0xe2ff, 0xe2ff, 0xe2ff, 0xe2ff, 
0xa2fb, 0x32f3, 0x22f2, 0x22f2, 0x22f3, 0x22f2, 0x22f2, 0x22f2, 
0x22f2, 0x22f2, 0x22f2, 0x22f2, 0x22f2, 0x22f2, 0x22f2, 0x72f7, 
0xe2ff, 0xe2ff, 0xe2ff, 0xe2ff, 0xe2ff, 0xe2ff, 0xe2ff, 0xe2ff, 
0xb0ff, 0xb0ff, 0xb0ff, 0xb0ff, 0xb0ff, 0xb0ff, 0xb0ff, 0xb0ff, 
0xb0ff, 0xb0ff, 0xb0ff, 0xa0fd, 0x52f6, 0x22f2, 0x22f2, 0x22f2, 
0x22f3, 0x22f2, 0x22f2, 0x22f2, 0x22f3, 0x22f2, 0x91fc, 0xb0ff, 
0xb0ff, 0xb0ff, 0xb0ff, 0xb0ff, 0xb0ff, 0xb0ff, 0xb0ff, 0xb0ff, 
0xb0ff, 0xb0ff, 0xb0ff, 0xb0ff, 0xb0ff, 0xb0ff, 0xb0ff, 0x61f8, 
0x22f2, 0x22f3, 0x22f2, 0x22f3, 0x22f3, 0x22f3, 0x22f3, 0x32f3, 
0xa0fe, 0xb0ff, 0xb0ff, 0xb0ff, 0xb0ff, 0xb0ff, 0xb0ff, 0xb0ff, 
0x83ff, 0x83ff, 0x83ff, 0x83ff, 0x83ff, 0x83ff, 0x83ff, 0x83ff, 
0x83ff, 0x83ff, 0x83ff, 0x83ff, 0x83ff, 0x83ff, 0x83ff, 0x83ff, 
0x83ff, 0x83ff, 0x83ff, 0x83ff, 0x83ff, 0x83ff, 0x83ff, 0x83ff, 
0x83ff, 0x83ff, 0x83ff, 0x83ff, 0x83ff, 0x83ff, 0x83ff, 0x83ff, 
0x83ff, 0x83ff, 0x83ff, 0x83ff, 0x83ff, 0x83ff, 0x83ff, 0x83ff, 
0x83ff, 0x83ff, 0x83ff, 0x83ff, 0x83ff, 0x83ff, 0x83ff, 0x83ff, 
0x83ff, 0x83ff, 0x83ff, 0x83ff, 0x83ff, 0x83ff, 0x83ff, 0x83ff, 
0x7cff, 0x7cff, 0x7cff, 0x7cff, 0x7cff, 0x7cff, 0x7cff, 0x7cff, 
0x7cff, 0x7cff, 0x7cff, 0x7cff, 0x7cff, 0x7cff, 0x7cff, 0x7cff, 
0x7cff, 0x7cff, 0x7cff, 0x7cff, 0x7cff, 0x7cff, 0x7cff, 0x7cff, 
0x7cff, 0x7cff, 0x7cff, 0x7cff, 0x7cff, 0x7cff, 0x7cff, 0x7cff, 
0x7cff, 0x7cff, 0x7cff, 0x7cff, 0x7cff, 0x7cff, 0x7cff, 0x7cff, 
0x7cff, 0x7cff, 0x7cff, 0x7cff, 0x7cff, 0x7cff, 0x7cff, 0x7cff, 
0x7cff, 0x7cff, 0x7cff, 0x7cff, 0x7cff, 0x7cff, 0x7cff, 0x7cff, 
0xe2ff, 0xe2ff, 0xe2ff, 0xe2ff, 0xe2ff, 0xe2ff, 0xd2fd, 0x32f3, 
0x22f2, 0x22f3, 0x22f2, 0x22f2, 0x22f2, 0x22f2, 0x22f2, 0x22f2, 
0x22f2, 0x22f2, 0x22f2, 0x22f2, 0x22f2, 0x22f3, 0x22f3, 0x22f2, 
0x82f9, 0xe2ff, 0xe2ff, 0xe2ff, 0xe2ff, 0xe2ff, 0xe2ff, 0xb2fb, 
0x22f3, 0x22f2, 0x22f3, 0x22f2, 0x22f2, 0x22f2, 0x22f2, 0x22f2, 
0x22f2, 0x22f2, 0x22f2, 0x22f2, 0x22f2, 0x22f2, 0x32f3, 0x22f2, 
0x72f8, 0xe2ff, 0xe2ff, 0xe2ff, 0xe2ff, 0xe2ff, 0xe2ff, 0xe2ff, 
0xb0ff, 0xb0ff, 0xb0ff, 0xb0ff, 0xb0ff, 0xb0ff, 0xb0ff, 0xb0ff, 
0xb0ff, 0xb0ff, 0x81fb, 0x32f3, 0x22f2, 0x22f3, 0x22f3, 0x22f2, 
0x22f2, 0x22f2, 0x22f2, 0x22f2, 0x22f3, 0x22f2, 0x91fc, 0xb0ff, 
0xb0ff, 0xb0ff, 0xb0ff, 0xb0ff, 0xb0ff, 0xb0ff, 0xb0ff, 0xb0ff, 
0xb0ff, 0xb0ff, 0xb0ff, 0xb0ff, 0xb0ff, 0xb0ff, 0x90fd, 0x22f3, 
0x22f3, 0x22f2, 0x22f2, 0x22f2, 0x22f2, 0x22f2, 0x22f2, 0x32f3, 
0xa0fe, 0xb0ff, 0xb0ff, 0xb0ff, 0xb0ff, 0xb0ff, 0xb0ff, 0xb0ff, 
0x83ff, 0x83ff, 0x83ff, 0x83ff, 0x83ff, 0x83ff, 0x83ff, 0x83ff, 
0x83ff, 0x83ff, 0x83ff, 0x83ff, 0x83ff, 0x83ff, 0x83ff, 0x83ff, 
0x83ff, 0x83ff, 0x83ff, 0x83ff, 0x83ff, 0x83ff, 0x83ff, 0x83ff, 
0x83ff, 0x83ff, 0x83ff, 0x83ff, 0x83ff, 0x83ff, 0x83ff, 0x83ff, 
0x83ff, 0x83ff, 0x83ff, 0x83ff, 0x83ff, 0x83ff, 0x83ff, 0x83ff, 
0x83ff, 0x83ff, 0x83ff, 0x83ff, 0x83ff, 0x83ff, 0x83ff, 0x83ff, 
0x83ff, 0x83ff, 0x83ff, 0x83ff, 0x83ff, 0x83ff, 0x83ff, 0x83ff, 
0x7cff, 0x7cff, 0x7cff, 0x7cff, 0x7cff, 0x7cff, 0x7cff, 0x7cff, 
0x7cff, 0x7cff, 0x7cff, 0x7cff, 0x7cff, 0x7cff, 0x7cff, 0x7cff, 
0x7cff, 0x7cff, 0x7cff, 0x7cff, 0x7cff, 0x7cff, 0x7cff, 0x7cff, 
0x7cff, 0x7cff, 0x7cff, 0x7cff, 0x7cff, 0x7cff, 0x7cff, 0x7cff, 
0x7cff, 0x7cff, 0x7cff, 0x7cff, 0x7cff, 0x7cff, 0x7cff, 0x7cff, 
0x7cff, 0x7cff, 0x7cff, 0x7cff, 0x7cff, 0x7cff, 0x7cff, 0x7cff, 
0x7cff, 0x7cff, 0x7cff, 0x7cff, 0x7cff, 0x7cff, 0x7cff, 0x7cff, 
0xe2ff, 0xe2ff, 0xe2ff, 0xe2ff, 0xe2ff, 0xe2ff, 0x52f6, 0x22f2, 
0x22f3, 0x22f2, 0x22f2, 0x22f2, 0x22f2, 0x22f3, 0x22f2, 0x22f2, 
0x22f2, 0x22f3, 0x22f2, 0x22f2, 0x22f2, 0x22f2, 0x22f2, 0x22f3, 
0x22f2, 0xc2fc, 0xe2ff, 0xe2ff, 0xe2ff, 0xe2ff, 0xd2fd, 0x32f3, 
0x22f2, 0x22f2, 0x22f2, 0x22f2, 0x22f2, 0x22f2, 0x22f2, 0x22f2, 
0x22f2, 0x22f3, 0x22f2, 0x22f2, 0x22f2, 0x22f2, 0x22f2, 0x22f3, 
0x22f2, 0xb2fc, 0xe2ff, 0xe2ff, 0xe2ff, 0xe2ff, 0xe2ff, 0xe2ff, 
0xb0ff, 0xb0ff, 0xb0ff, 0xb0ff, 0xb0ff, 0xb0ff, 0xb0ff, 0xb0ff, 
0xb0ff, 0x81fa, 0x22f2, 0x22f2, 0x22f3, 0x22f2, 0x22f2, 0x22f2, 
0x22f2, 0x22f3, 0x22f3, 0x22f2, 0x22f2, 0x22f2, 0xa0fd, 0xb0ff, 
0xb0ff, 0xb0ff, 0xb0ff, 0xb0ff, 0xb0ff, 0xb0ff, 0xb0ff, 0xb0ff, 
0xb0ff, 0xb0ff, 0xb0ff, 0xb0ff, 0xb0ff, 0xb0ff, 0x42f5, 0x22f2, 
0x22f3, 0x22f2, 0x22f2, 0x22f2, 0x22f2, 0x22f2, 0x22f2, 0x32f3, 
0xa0fe, 0xb0ff, 0xb0ff, 0xb0ff, 0xb0ff, 0xb0ff, 0xb0ff, 0xb0ff, 
0x83ff, 0x83ff, 0x83ff, 0x83ff, 0x83ff, 0x83ff, 0x83ff, 0x83ff, 
0x83ff, 0x83ff, 0x83ff, 0x83ff, 0x83ff, 0x83ff, 0x83ff, 0x83ff, 
0x83ff, 0x83ff, 0x83ff, 0x83ff, 0x83ff, 0x83ff, 0x83ff, 0x83ff, 
0x83ff, 0x83ff, 0x83ff, 0x83ff, 0x83ff, 0x83ff, 0x83ff, 0x83ff, 
0x83ff, 0x83ff, 0x83ff, 0x83ff, 0x83ff, 0x83ff, 0x83ff, 0x83ff, 
0x83ff, 0x83ff, 0x83ff, 0x83ff, 0x83ff, 0x83ff, 0x83ff, 0x83ff, 
0x83ff, 0x83ff, 0x83ff, 0x83ff, 0x83ff, 0x83ff, 0x83ff, 0x83ff, 
0x7cff, 0x7cff, 0x7cff, 0x7cff, 0x7cff, 0x7cff, 0x7cff, 0x7cff, 
0x7cff, 0x7cff, 0x7cff, 0x7cff, 0x7cff, 0x7cff, 0x7cff, 0x7cff, 
0x7cff, 0x7cff, 0x7cff, 0x7cff, 0x7cff, 0x7cff, 0x7cff, 0x7cff, 
0x7cff, 0x7cff, 0x7cff, 0x7cff, 0x7cff, 0x7cff, 0x7cff, 0x7cff, 
0x7cff, 0x7cff, 0x7cff, 0x7cff, 0x7cff, 0x7cff, 0x7cff, 0x7cff, 
0x7cff, 0x7cff, 0x7cff, 0x7cff, 0x7cff, 0x7cff, 0x7cff, 0x7cff, 
0x7cff, 0x7cff, 0x7cff, 0x7cff, 0x7cff, 0x7cff, 0x7cff, 0x7cff, 
0xe2ff, 0xe2ff, 0xe2ff, 0xe2ff, 0xe2ff, 0xb2fc, 0x22f2, 0x22f2, 
0x22f2, 0x22f2, 0x22f2, 0x22f2, 0x22f3, 0x22f2, 0x22f2, 0x32f4, 
0x32f3, 0x22f2, 0x22f2, 0x22f2, 0x22f2, 0x22f2, 0x22f2, 0x22f3, 
0x22f2, 0x62f7, 0xe2ff, 0xe2ff, 0xe2ff, 0xe2ff, 0x62f6, 0x22f2, 
0x22f3, 0x22f2, 0x22f2, 0x22f2, 0x22f2, 0x22f2, 0x22f2, 0x32f3, 
0x32f3, 0x22f2, 0x22f2, 0x22f2, 0x22f2, 0x22f2, 0x22f2, 0x22f3, 
0x22f2, 0x62f7, 0xe2ff, 0xe2ff, 0xe2ff, 0xe2ff, 0xe2ff, 0xe2ff, 
0xb0ff, 0xb0ff, 0xb0ff, 0xb0ff, 0xb0ff, 0xb0ff, 0xb0ff, 0xb0ff, 
0x81fb, 0x22f2, 0x22f3, 0x22f2, 0x22f2, 0x22f2, 0x22f2, 0x22f2, 
0x22f2, 0x22f2, 0x22f2, 0x22f3, 0x42f4, 0x81fa, 0xb0ff, 0xb0ff, 
0xb0ff, 0xb0ff, 0xb0ff, 0xb0ff, 0xb0ff, 0xb0ff, 0xb0ff, 0xb0ff, 
0xb0ff, 0xb0ff, 0xb0ff, 0xb0ff, 0xb0ff, 0x81fa, 0x22f2, 0x22f3, 
0x22f2, 0x22f2, 0x22f2, 0x22f2, 0x22f2, 0x22f2, 0x22f2, 0x32f3, 
0xa0fe, 0xb0ff, 0xb0ff, 0xb0ff, 0xb0ff, 0xb0ff, 0xb0ff, 0xb0ff, 
0x83ff, 0x83ff, 0x83ff, 0x83ff, 0x83ff, 0x83ff, 0x83ff, 0x83ff, 
0x83ff, 0x83ff, 0x83ff, 0x83fe, 0x63fb, 0x53f9, 0x73fe, 0x83ff, 
0x83ff, 0x83ff, 0x83ff, 0x83ff, 0x83ff, 0x83ff, 0x83ff, 0x73fd, 
0x52f8, 0x32f4, 0x22f3, 0x22f2, 0x22f3, 0x32f4, 0x52f8, 0x73fd, 
0x83ff, 0x83ff, 0x83ff, 0x83ff, 0x83ff, 0x83ff, 0x83ff, 0x83ff, 
0x63fa, 0x32f5, 0x32f3, 0x22f2, 0x22f2, 0x32f3, 0x42f6, 0x63fb, 
0x83ff, 0x83ff, 0x83ff, 0x83ff, 0x83ff, 0x83ff, 0x83ff, 0x83ff, 
0x7cff, 0x7cff, 0x7cff, 0x7cff, 0x7cff, 0x7cff, 0x7cff, 0x7cff, 
0x7cff, 0x7cff, 0x7cff, 0x7cff, 0x7cff, 0x7cff, 0x7cff, 0x7cff, 
0x7cff, 0x7cff, 0x7cff, 0x7cff, 0x7cff, 0x7cff, 0x7cff, 0x7cff, 
0x7cff, 0x7cff, 0x7cff, 0x7cff, 0x7cff, 0x7cff, 0x7cff, 0x7cff, 
0x7cff, 0x7cff, 0x7cff, 0x7cff, 0x7cff, 0x7cff, 0x7cff, 0x7cff, 
0x7cff, 0x7cff, 0x7cff, 0x7cff, 0x7cff, 0x7cff, 0x7cff, 0x7cff, 
0x7cff, 0x7cff, 0x7cff, 0x7cff, 0x7cff, 0x7cff, 0x7cff, 0x7cff, 
0xe2ff, 0xe2ff, 0xe2ff, 0xe2ff, 0xe2ff, 0x82f8, 0x22f2, 0x32f3, 
0x22f3, 0x22f3, 0x22f3, 0x22f3, 0x22f2, 0x62f7, 0xc2fd, 0xd2fe, 
0xd2fe, 0x92f9, 0x22f2, 0x22f2, 0x22f2, 0x22f2, 0x22f2, 0x22f2, 
0x22f2, 0x32f3, 0xd2fe, 0xe2ff, 0xe2ff, 0xc2fd, 0x22f3, 0x22f2, 
0x22f2, 0x22f2, 0x22f2, 0x22f2, 0x22f2, 0x32f3, 0xa2fa, 0xd2fe, 
0xd2fe, 0x82f9, 0x22f2, 0x22f2, 0x22f2, 0x22f2, 0x22f2, 0x22f2, 
0x22f2, 0x42f4, 0xd2fe, 0xe2ff, 0xe2ff, 0xe2ff, 0xe2ff, 0xe2ff, 
0xb0ff, 0xb0ff, 0xb0ff, 0xb0ff, 0xb0ff, 0xb0ff, 0xb0ff, 0xa0fe, 
0x32f3, 0x22f2, 0x22f2, 0x22f2, 0x22f2, 0x22f2, 0x22f3, 0x22f2, 
0x22f3, 0x51f7, 0x81fb, 0xa0fd, 0xb0ff, 0xb0ff, 0xb0ff, 0xb0ff, 
0xb0ff, 0xb0ff, 0xb0ff, 0xb0ff, 0xb0ff, 0xb0ff, 0xb0ff, 0xb0ff, 
0xb0ff, 0xb0ff, 0xb0ff, 0xb0ff, 0xa0fe, 0x32f3, 0x22f2, 0x22f2, 
0x22f2, 0x22f2, 0x22f2, 0x22f2, 0x22f2, 0x22f2, 0x22f2, 0x32f3, 
0xa0fe, 0xb0ff, 0xb0ff, 0xb0ff, 0xb0ff, 0xb0ff, 0xb0ff, 0xb0ff, 
0x83ff, 0x83ff, 0x83ff, 0x83ff, 0x83ff, 0x83ff, 0x83ff, 0x83ff, 
0x83ff, 0x73fc, 0x52f8, 0x32f4, 0x22f2, 0x22f2, 0x53f9, 0x83ff, 
0x83ff, 0x83ff, 0x83ff, 0x83ff, 0x83ff, 0x83ff, 0x63fa, 0x32f3, 
0x22f2, 0x22f2, 0x22f2, 0x22f2, 0x22f2, 0x22f2, 0x22f2, 0x32f3, 
0x63fb, 0x83ff, 0x83ff, 0x83ff, 0x83ff, 0x83ff, 0x73fd, 0x42f5, 
0x22f2, 0x22f2, 0x22f2, 0x22f2, 0x22f2, 0x22f2, 0x22f2, 0x22f2, 
0x42f7, 0x83ff, 0x83ff, 0x83ff, 0x83ff, 0x83ff, 0x83ff, 0x83ff, 
0x7cff, 0x7cff, 0x7cff, 0x7cff, 0x7cff, 0x7cff, 0x7cff, 0x7cff, 
0x69fb, 0x45f6, 0x33f3, 0x22f2, 0x22f2, 0x33f3, 0x35f6, 0x58fa, 
0x7cff, 0x7cff, 0x7cff, 0x7cff, 0x7cff, 0x7cff, 0x6afd, 0x34f5, 
0x34f5, 0x34f5, 0x34f5, 0x34f5, 0x34f5, 0x34f5, 0x34f5, 0x34f5, 
0x34f5, 0x47f8, 0x7cff, 0x7cff, 0x7cff, 0x7cff, 0x7cff, 0x7cff, 
0x7cff, 0x7cff, 0x6bfe, 0x57f9, 0x34f5, 0x33f3, 0x22f2, 0x46f7, 
0x7cff, 0x7cff, 0x7cff, 0x7cff, 0x7cff, 0x7cff, 0x7cff, 0x7cff, 
0xe2ff, 0xe2ff, 0xe2ff, 0xe2ff, 0xe2ff, 0xa2fa, 0x22f2, 0x22f2, 
0x22f2, 0x22f2, 0x22f2, 0x22f2, 0x72f8, 0xe2ff, 0xe2ff, 0xe2ff, 
0xe2ff, 0xe2ff, 0x72f7, 0x22f2, 0x22f3, 0x22f2, 0x22f2, 0x22f2, 
0x22f2, 0x22f2, 0xc2fd, 0xe2ff, 0xe2ff, 0x92f9, 0x22f2, 0x22f3, 
0x22f2, 0x22f2, 0x22f2, 0x22f3, 0x22f2, 0xa2fb, 0xe2ff, 0xe2ff, 
0xe2ff, 0xe2ff, 0x62f7, 0x22f2, 0x22f3, 0x22f2, 0x22f2, 0x22f2, 
0x22f2, 0x22f3, 0xc2fd, 0xe2ff, 0xe2ff, 0xe2ff, 0xe2ff, 0xe2ff, 
0xb0ff, 0xb0ff, 0xb0ff, 0xb0ff, 0xb0ff, 0xb0ff, 0xb0ff, 0x51f7, 
0x22f2, 0x22f3, 0x22f2, 0x22f2, 0x22f2, 0x22f2, 0x22f2, 0x42f5, 
0x90fc, 0xb0ff, 0xb0ff, 0xb0ff, 0xb0ff, 0xb0ff, 0xb0ff, 0xb0ff, 
0xb0ff, 0xb0ff, 0xb0ff, 0xb0ff, 0xb0ff, 0xb0ff, 0xb0ff, 0xb0ff, 
0xb0ff, 0xb0ff, 0xb0ff, 0xb0ff, 0x61f7, 0x22f2, 0x22f3, 0x22f2, 
0x22f2, 0x22f2, 0x22f2, 0x22f2, 0x22f2, 0x22f2, 0x22f2, 0x32f3, 
0xa0fe, 0xb0ff, 0xb0ff, 0xb0ff, 0xb0ff, 0xb0ff, 0xb0ff, 0xb0ff, 
0x83ff, 0x83ff, 0x83ff, 0x83ff, 0x83ff, 0x83ff, 0x73fc, 0x52f8, 
0x32f4, 0x22f2, 0x22f2, 0x22f2, 0x22f3, 0x22f3, 0x52f8, 0x83ff, 
0x83ff, 0x83ff, 0x83ff, 0x83ff, 0x83ff, 0x63fa, 0x22f2, 0x22f2, 
0x22f3, 0x22f3, 0x22f2, 0x22f2, 0x22f3, 0x22f2, 0x22f3, 0x22f2, 
0x22f3, 0x73fc, 0x83ff, 0x83ff, 0x83ff, 0x83fe, 0x32f4, 0x22f2, 
0x22f3, 0x22f2, 0x22f2, 0x22f2, 0x22f2, 0x22f2, 0x22f2, 0x22f3, 
0x22f2, 0x52f8, 0x83ff, 0x83ff, 0x83ff, 0x83ff, 0x83ff, 0x83ff, 
0x7cff, 0x7cff, 0x7cff, 0x7cff, 0x7cff, 0x7cff, 0x7cff, 0x46f7, 
0x22f2, 0x22f2, 0x22f2, 0x22f2, 0x22f2, 0x22f2, 0x22f2, 0x22f2, 
0x45f6, 0x7cff, 0x7cff, 0x7cff, 0x7cff, 0x7cff, 0x46f7, 0x22f2, 
0x22f2, 0x22f2, 0x22f2, 0x22f2, 0x22f2, 0x22f2, 0x22f2, 0x22f2, 
0x22f2, 0x22f2, 0x6bfe, 0x7cff, 0x7cff, 0x7cff, 0x7cff, 0x7cff, 
0x7cff, 0x57f9, 0x33f3, 0x22f2, 0x22f2, 0x22f2, 0x22f2, 0x33f4, 
0x7cff, 0x7cff, 0x7cff, 0x7cff, 0x7cff, 0x7cff, 0x7cff, 0x7cff, 
0xe2ff, 0xe2ff, 0xe2ff, 0xe2ff, 0xe2ff, 0xe2ff, 0xb2fc, 0x82f8, 
0x72f8, 0x72f8, 0x82f9, 0xb2fb, 0xe2ff, 0xe2ff, 0xe2ff, 0xe2ff, 
0xe2ff, 0xe2ff, 0xb2fc, 0x22f2, 0x22f2, 0x22f2, 0x22f2, 0x22f2, 
0x22f2, 0x22f2, 0xb2fb, 0xe2ff, 0xe2ff, 0x62f7, 0x22f2, 0x32f3, 
0x22f3, 0x22f3, 0x32f3, 0x22f2, 0x42f5, 0xe2ff, 0xe2ff, 0xe2ff, 
0xe2ff, 0xe2ff, 0xa2fa, 0x22f2, 0x22f3, 0x22f2, 0x22f2, 0x22f2, 
0x22f2, 0x22f3, 0xc2fd, 0xe2ff, 0xe2ff, 0xe2ff, 0xe2ff, 0xe2ff, 
0xb0ff, 0xb0ff, 0xb0ff, 0xb0ff, 0xb0ff, 0xb0ff, 0x90fc, 0x22f2, 
0x22f3, 0x22f2, 0x22f2, 0x22f2, 0x22f3, 0x22f2, 0x42f6, 0xb0ff, 
0xb0ff, 0xb0ff, 0xb0ff, 0xb0ff, 0xb0ff, 0xb0ff, 0xb0ff, 0xb0ff, 
0xb0ff, 0xb0ff, 0xb0ff, 0xb0ff, 0xb0ff, 0xb0ff, 0xb0ff, 0xb0ff, 
0xb0ff, 0xb0ff, 0xb0ff, 0x91fc, 0x22f2, 0x22f3, 0x22f2, 0x22f2, 
0x22f2, 0x22f2, 0x22f2, 0x22f2, 0x22f2, 0x22f2, 0x22f2, 0x32f3, 
0xa0fe, 0xb0ff, 0xb0ff, 0xb0ff, 0xb0ff, 0xb0ff, 0xb0ff, 0xb0ff, 
0x83ff, 0x83ff, 0x83ff, 0x83ff, 0x83ff, 0x52f8, 0x22f2, 0x22f2, 
0x22f2, 0x22f2, 0x22f3, 0x22f2, 0x22f3, 0x22f2, 0x52f8, 0x83ff, 
0x83ff, 0x83ff, 0x83ff, 0x83ff, 0x73fd, 0x22f2, 0x22f3, 0x22f2, 
0x22f2, 0x22f2, 0x22f2, 0x22f3, 0x22f2, 0x22f2, 0x22f2, 0x22f3, 
0x22f2, 0x42f6, 0x83ff, 0x83ff, 0x83ff, 0x53f9, 0x22f2, 0x22f3, 
0x22f2, 0x22f2, 0x22f2, 0x22f3, 0x22f2, 0x22f2, 0x22f2, 0x22f2, 
0x22f3, 0x22f2, 0x73fc, 0x83ff, 0x83ff, 0x83ff, 0x83ff, 0x83ff, 
0x7cff, 0x7cff, 0x7cff, 0x7cff, 0x7cff, 0x7cff, 0x46f7, 0x22f2, 
0x22f2, 0x22f2, 0x22f2, 0x22f2, 0x22f2, 0x22f2, 0x22f2, 0x22f3, 
0x22f2, 0x45f7, 0x7cff, 0x7cff, 0x7cff, 0x7cff, 0x34f5, 0x22f2, 
0x22f3, 0x22f2, 0x22f3, 0x22f2, 0x22f2, 0x22f2, 0x22f2, 0x22f2, 
0x22f2, 0x22f2, 0x6bfd, 0x7cff, 0x7cff, 0x7cff, 0x7cff, 0x7bfe, 
0x35f6, 0x22f2, 0x22f2, 0x22f3, 0x22f3, 0x22f2, 0x22f2, 0x33f3, 
0x7cff, 0x7cff, 0x7cff, 0x7cff, 0x7cff, 0x7cff, 0x7cff, 0x7cff, 
0xe2ff, 0xe2ff, 0xe2ff, 0xe2ff, 0xe2ff, 0xe2ff, 0xe2ff, 0xe2ff, 
0xe2ff, 0xe2ff, 0xe2ff, 0xe2ff, 0xe2ff, 0xe2ff, 0xe2ff, 0xe2ff, 
0xe2ff, 0xe2ff, 0xb2fc, 0x22f2, 0x22f2, 0x22f2, 0x22f2, 0x22f2, 
0x22f2, 0x22f2, 0xc2fd, 0xe2ff, 0xe2ff, 0xa2fb, 0x22f2, 0x22f2, 
0x22f2, 0x22f2, 0x22f2, 0x32f3, 0xb2fc, 0xe2ff, 0xe2ff, 0xe2ff, 
0xe2ff, 0xe2ff, 0xa2fb, 0x22f2, 0x22f3, 0x22f2, 0x22f2, 0x22f2, 
0x22f2, 0x22f3, 0xc2fd, 0xe2ff, 0xe2ff, 0xe2ff, 0xe2ff, 0xe2ff, 
0xb0ff, 0xb0ff, 0xb0ff, 0xb0ff, 0xb0ff, 0xb0ff, 0x61f7, 0x22f2, 
0x22f3, 0x22f2, 0x22f2, 0x22f2, 0x22f2, 0x22f3, 0xa0fe, 0xb0ff, 
0xb0ff, 0xb0ff, 0xb0ff, 0xb0ff, 0xb0ff, 0xb0ff, 0xb0ff, 0xb0ff, 
0xb0ff, 0xb0ff, 0xb0ff, 0xb0ff, 0xb0ff, 0xb0ff, 0xb0ff, 0xb0ff, 
0xb0ff, 0xb0ff, 0xb0ff, 0x42f4, 0x22f2, 0x22f2, 0x22f2, 0x22f2, 
0x22f2, 0x22f2, 0x22f2, 0x22f2, 0x22f2, 0x22f2, 0x22f2, 0x32f3, 
0xa0fe, 0xb0ff, 0xb0ff, 0xb0ff, 0xb0ff, 0xb0ff, 0xb0ff, 0xb0ff, 
0x83ff, 0x83ff, 0x83ff, 0x83ff, 0x83ff, 0x22f2, 0x22f3, 0x22f3, 
0x22f3, 0x22f2, 0x22f2, 0x22f2, 0x22f3, 0x22f2, 0x52f8, 0x83ff, 
0x83ff, 0x83ff, 0x83ff, 0x83ff, 0x42f7, 0x22f2, 0x22f3, 0x22f3, 
0x22f3, 0x32f4, 0x73fc, 0x73fe, 0x42f7, 0x22f2, 0x22f2, 0x22f2, 
0x22f2, 0x32f3, 0x73fe, 0x83ff, 0x83ff, 0x42f6, 0x22f2, 0x22f3, 
0x22f3, 0x22f2, 0x42f6, 0x73fd, 0x73fc, 0x32f4, 0x22f2, 0x22f2, 
0x22f3, 0x22f2, 0x53f9, 0x83ff, 0x83ff, 0x83ff, 0x83ff, 0x83ff, 
0x7cff, 0x7cff, 0x7cff, 0x7cff, 0x7cff, 0x58fa, 0x22f2, 0x22f3, 
0x22f2, 0x22f2, 0x22f2, 0x34f4, 0x33f3, 0x22f2, 0x22f2, 0x22f2, 
0x22f3, 0x22f2, 0x6afc, 0x7cff, 0x7cff, 0x7cff, 0x33f4, 0x22f2, 
0x22f2, 0x22f2, 0x22f2, 0x33f3, 0x33f4, 0x33f4, 0x33f4, 0x33f4, 
0x33f4, 0x46f7, 0x7cff, 0x7cff, 0x7cff, 0x7cff, 0x7cff, 0x34f5, 
0x22f2, 0x22f3, 0x22f2, 0x22f2, 0x22f2, 0x22f3, 0x34f5, 0x58fa, 
0x7cff, 0x7cff, 0x7cff, 0x7cff, 0x7cff, 0x7cff, 0x7cff, 0x7cff, 
0xe2ff, 0xe2ff, 0xe2ff, 0xe2ff, 0xe2ff, 0xe2ff, 0xe2ff, 0xe2ff, 
0xe2ff, 0xe2ff, 0xe2ff, 0xe2ff, 0xe2ff, 0xe2ff, 0xe2ff, 0xe2ff, 
0xe2ff, 0xe2ff, 0x72f8, 0x22f2, 0x22f3, 0x22f2, 0x22f2, 0x22f2, 
0x22f2, 0x32f4, 0xe2ff, 0xe2ff, 0xe2ff, 0xe2ff, 0xb2fc, 0x92f9, 
0x82f9, 0x82f9, 0x92fa, 0xc2fd, 0xe2ff, 0xe2ff, 0xe2ff, 0xe2ff, 
0xe2ff, 0xe2ff, 0x92f9, 0x22f2, 0x22f3, 0x22f2, 0x22f2, 0x22f2, 
0x22f2, 0x32f3, 0xd2fe, 0xe2ff, 0xe2ff, 0xe2ff, 0xe2ff, 0xe2ff, 
0xb0ff, 0xb0ff, 0xb0ff, 0xb0ff, 0xb0ff, 0xa0fe, 0x32f3, 0x22f2, 
0x22f2, 0x22f2, 0x22f2, 0x22f2, 0x22f2, 0x22f3, 0x61f8, 0x61f8, 
0x51f6, 0x42f5, 0x42f5, 0x42f5, 0x61f8, 0x91fc, 0xb0ff, 0xb0ff, 
0xb0ff, 0xb0ff, 0xb0ff, 0xb0ff, 0xb0ff, 0xb0ff, 0xb0ff, 0xb0ff, 
0xb0ff, 0xb0ff, 0x71f9, 0x22f2, 0x22f3, 0x22f2, 0x22f2, 0x22f2, 
0x22f2, 0x22f2, 0x22f2, 0x22f2, 0x22f2, 0x22f2, 0x22f2, 0x32f3, 
0xa0fe, 0xb0ff, 0xb0ff, 0xb0ff, 0xb0ff, 0xb0ff, 0xb0ff, 0xb0ff, 
0x83ff, 0x83ff, 0x83ff, 0x83ff, 0x83ff, 0x22f2, 0x22f2, 0x22f2, 
0x22f2, 0x22f2, 0x22f2, 0x22f2, 0x22f3, 0x22f2, 0x52f8, 0x83ff, 
0x83ff, 0x83ff, 0x83ff, 0x83ff, 0x32f4, 0x22f2, 0x22f2, 0x22f2, 
0x22f2, 0x73fc, 0x83ff, 0x83ff, 0x83ff, 0x32f3, 0x22f2, 0x22f2, 
0x22f2, 0x22f2, 0x73fd, 0x83ff, 0x83ff, 0x32f4, 0x22f2, 0x22f2, 
0x22f2, 0x22f2, 0x73fc, 0x83ff, 0x83ff, 0x53f9, 0x22f2, 0x22f3, 
0x22f3, 0x22f2, 0x42f7, 0x83ff, 0x83ff, 0x83ff, 0x83ff, 0x83ff, 
0x7cff, 0x7cff, 0x7cff, 0x7cff, 0x7cff, 0x34f4, 0x22f3, 0x22f3, 
0x22f3, 0x22f2, 0x57f9, 0x7cff, 0x7bfe, 0x34f5, 0x22f2, 0x22f2, 
0x22f3, 0x22f2, 0x57f9, 0x7cff, 0x7cff, 0x7bfe, 0x22f3, 0x22f2, 
0x22f3, 0x22f2, 0x46f7, 0x7bfe, 0x7bfe, 0x7bfe, 0x7cfe, 0x7cfe, 
0x7cff, 0x7cff, 0x7cff, 0x7cff, 0x7cff, 0x7cff, 0x46f8, 0x22f2, 
0x22f3, 0x22f2, 0x22f2, 0x23f3, 0x57f9, 0x6bfd, 0x7cff, 0x7cff, 
0x7cff, 0x7cff, 0x7cff, 0x7cff, 0x7cff, 0x7cff, 0x7cff, 0x7cff, 
0xe2ff, 0xe2ff, 0xe2ff, 0xe2ff, 0xe2ff, 0xe2ff, 0xe2ff, 0xe2ff, 
0xe2ff, 0xe2ff, 0xe2ff, 0xe2ff, 0xe2ff, 0xe2ff, 0xe2ff, 0xe2ff, 
0xe2ff, 0x92fa, 0x22f3, 0x22f2, 0x22f2, 0x22f2, 0x22f2, 0x22f3, 
0x22f2, 0x82f9, 0xe2ff, 0xe2ff, 0xe2ff, 0xe2ff, 0xe2ff, 0xe2ff, 
0xe2ff, 0xe2ff, 0xe2ff, 0xe2ff, 0xe2ff, 0xe2ff, 0xe2ff, 0xe2ff, 
0xe2ff, 0xe2ff, 0x52f5, 0x22f2, 0x22f3, 0x22f2, 0x22f2, 0x22f3, 
0x22f2, 0x52f5, 0xe2ff, 0xe2ff, 0xe2ff, 0xe2ff, 0xe2ff, 0xe2ff, 
0xb0ff, 0xb0ff, 0xb0ff, 0xb0ff, 0xb0ff, 0x81fb, 0x22f2, 0x22f2, 
0x22f2, 0x22f2, 0x22f2, 0x22f2, 0x22f2, 0x22f2, 0x22f2, 0x22f2, 
0x22f2, 0x22f2, 0x22f2, 0x22f2, 0x22f2, 0x22f2, 0x51f7, 0xa0fe, 
0xb0ff, 0xb0ff, 0xb0ff, 0xb0ff, 0xb0ff, 0xb0ff, 0xb0ff, 0xb0ff, 
0xb0ff, 0xa0fd, 0x32f3, 0x22f2, 0x22f2, 0x22f2, 0x22f2, 0x22f2, 
0x22f2, 0x22f2, 0x22f2, 0x22f2, 0x22f2, 0x22f2, 0x22f2, 0x32f3, 
0xa0fe, 0xb0ff, 0xb0ff, 0xb0ff, 0xb0ff, 0xb0ff, 0xb0ff, 0xb0ff, 
0x83ff, 0x83ff, 0x83ff, 0x83ff, 0x83ff, 0x53f8, 0x42f6, 0x53f9, 
0x63fb, 0x42f5, 0x22f2, 0x22f2, 0x22f3, 0x22f2, 0x52f8, 0x83ff, 
0x83ff, 0x83ff, 0x83ff, 0x83ff, 0x42f7, 0x22f3, 0x22f3, 0x22f3, 
0x52f7, 0x83ff, 0x83ff, 0x83ff, 0x83ff, 0x32f4, 0x22f2, 0x22f2, 
0x22f2, 0x22f2, 0x73fd, 0x83ff, 0x83ff, 0x32f5, 0x22f2, 0x22f3, 
0x22f2, 0x22f2, 0x73fd, 0x83ff, 0x83ff, 0x53f9, 0x22f2, 0x22f3, 
0x22f3, 0x22f2, 0x52f8, 0x83ff, 0x83ff, 0x83ff, 0x83ff, 0x83ff, 
0x7cff, 0x7cff, 0x7cff, 0x7cff, 0x7cff, 0x22f2, 0x22f2, 0x22f2, 
0x22f2, 0x34f5, 0x7cff, 0x7cff, 0x7cff, 0x58fa, 0x22f2, 0x22f3, 
0x22f3, 0x22f2, 0x47f8, 0x7cff, 0x7cff, 0x6afd, 0x22f2, 0x22f2, 
0x22f3, 0x22f2, 0x6afc, 0x7cff, 0x7cff, 0x7cff, 0x7cff, 0x7cff, 
0x7cff, 0x7cff, 0x7cff, 0x7cff, 0x7cff, 0x6afd, 0x22f2, 0x22f3, 
0x22f2, 0x22f2, 0x33f4, 0x6bfe, 0x7cff, 0x7cff, 0x7cff, 0x7cff, 
0x7cff, 0x7cff, 0x7cff, 0x7cff, 0x7cff, 0x7cff, 0x7cff, 0x7cff, 
0xe2ff, 0xe2ff, 0xe2ff, 0xe2ff, 0xe2ff, 0xe2ff, 0xe2ff, 0xe2ff, 
0xe2ff, 0xe2ff, 0xe2ff, 0xe2ff, 0xd2fe, 0x82f9, 0x72f7, 0x52f6, 
0x42f4, 0x22f2, 0x22f2, 0x22f2, 0x22f2, 0x22f2, 0x22f2, 0x22f2, 
0x42f4, 0xd2fe, 0xe2ff, 0xe2ff, 0xe2ff, 0xe2ff, 0xe2ff, 0xe2ff, 
0xe2ff, 0xe2ff, 0xe2ff, 0xe2ff, 0xe2ff, 0xe2ff, 0xe2ff, 0xe2ff, 
0xe2ff, 0xb2fb, 0x22f2, 0x22f2, 0x22f2, 0x22f2, 0x22f2, 0x22f3, 
0x22f2, 0x92f9, 0xe2ff, 0xe2ff, 0xe2ff, 0xe2ff, 0xe2ff, 0xe2ff, 
0xb0ff, 0xb0ff, 0xb0ff, 0xb0ff, 0xb0ff, 0x61f8, 0x22f2, 0x22f3, 
0x22f2, 0x22f2, 0x22f2, 0x22f2, 0x22f2, 0x22f2, 0x22f3, 0x22f3, 
0x22f3, 0x22f2, 0x22f2, 0x22f3, 0x22f3, 0x22f3, 0x22f2, 0x42f4, 
0xa0fe, 0xb0ff, 0xb0ff, 0xb0ff, 0xb0ff, 0xb0ff, 0xb0ff, 0xb0ff, 
0xb0ff, 0x51f6, 0x22f2, 0x22f3, 0x22f2, 0x22f2, 0x22f2, 0x32f3, 
0x32f3, 0x22f2, 0x22f2, 0x22f2, 0x22f2, 0x22f2, 0x22f2, 0x32f3, 
0xa0fe, 0xb0ff, 0xb0ff, 0xb0ff, 0xb0ff, 0xb0ff, 0xb0ff, 0xb0ff, 
0x83ff, 0x83ff, 0x83ff, 0x83ff, 0x83ff, 0x83ff, 0x83ff, 0x83ff, 
0x83ff, 0x63fa, 0x22f2, 0x22f3, 0x22f3, 0x22f2, 0x52f8, 0x83ff, 
0x83ff, 0x83ff, 0x83ff, 0x83ff, 0x83ff, 0x73fe, 0x73fd, 0x73fe, 
0x83ff, 0x83ff, 0x83ff, 0x83ff, 0x73fd, 0x22f3, 0x22f2, 0x22f2, 
0x22f2, 0x32f3, 0x83fe, 0x83ff, 0x83ff, 0x52f8, 0x22f2, 0x22f3, 
0x22f3, 0x22f2, 0x42f7, 0x83fe, 0x73fd, 0x32f4, 0x22f2, 0x22f2, 
0x22f3, 0x22f2, 0x63fb, 0x83ff, 0x83ff, 0x83ff, 0x83ff, 0x83ff, 
0x7cff, 0x7cff, 0x7cff, 0x7cff, 0x7cff, 0x57f9, 0x35f6, 0x34f5, 
0x45f6, 0x6afd, 0x7cff, 0x7cff, 0x7cff, 0x58fa, 0x22f2, 0x22f3, 
0x22f3, 0x22f2, 0x57f9, 0x7cff, 0x7cff, 0x69fb, 0x22f2, 0x22f3, 
0x22f2, 0x22f2, 0x58f9, 0x6afd, 0x6afc, 0x6afc, 0x7bfe, 0x7cff, 
0x7cff, 0x7cff, 0x7cff, 0x7cff, 0x7cff, 0x46f8, 0x22f2, 0x22f3, 
0x22f3, 0x22f2, 0x45f6, 0x6afc, 0x58fa, 0x58f9, 0x59fb, 0x7bfe, 
0x7cff, 0x7cff, 0x7cff, 0x7cff, 0x7cff, 0x7cff, 0x7cff, 0x7cff, 
0xe2ff, 0xe2ff, 0xe2ff, 0xe2ff, 0xe2ff, 0xe2ff, 0xe2ff, 0xe2ff, 
0xe2ff, 0xe2ff, 0xe2ff, 0xe2ff, 0x52f5, 0x22f2, 0x22f2, 0x22f2, 
0x22f2, 0x22f2, 0x22f2, 0x22f2, 0x22f2, 0x22f2, 0x22f2, 0x32f3, 
0xc2fd, 0xe2ff, 0xe2ff, 0xe2ff, 0xe2ff, 0xe2ff, 0xe2ff, 0xe2ff, 
0xe2ff, 0xe2ff, 0xe2ff, 0xe2ff, 0xe2ff, 0xe2ff, 0xe2ff, 0xe2ff, 
0xd2fe, 0x42f4, 0x22f2, 0x22f2, 0x22f2, 0x22f2, 0x22f2, 0x22f2, 
0x32f3, 0xd2fe, 0xe2ff, 0xe2ff, 0xe2ff, 0xe2ff, 0xe2ff, 0xe2ff, 
0xb0ff, 0xb0ff, 0xb0ff, 0xb0ff, 0xb0ff, 0x42f5, 0x22f2, 0x22f2, 
0x22f2, 0x22f2, 0x22f2, 0x22f2, 0x22f2, 0x22f2, 0x22f2, 0x22f2, 
0x22f2, 0x22f2, 0x22f2, 0x22f2, 0x22f2, 0x22f2, 0x22f3, 0x22f2, 
0x42f5, 0xb0ff, 0xb0ff, 0xb0ff, 0xb0ff, 0xb0ff, 0xb0ff, 0xb0ff, 
0x81fb, 0x22f2, 0x22f3, 0x22f2, 0x22f2, 0x22f2, 0x32f3, 0xa0fd, 
0x71f9, 0x22f2, 0x22f3, 0x22f2, 0x22f2, 0x22f2, 0x22f2, 0x32f3, 
0xa0fe, 0xb0ff, 0xb0ff, 0xb0ff, 0xb0ff, 0xb0ff, 0xb0ff, 0xb0ff, 
0x83ff, 0x83ff, 0x83ff, 0x83ff, 0x83ff, 0x83ff, 0x83ff, 0x83ff, 
0x83ff, 0x63fa, 0x22f2, 0x22f3, 0x22f3, 0x22f2, 0x52f8, 0x83ff, 
0x83ff, 0x83ff, 0x83ff, 0x83ff, 0x83ff, 0x83ff, 0x83ff, 0x83ff, 
0x83ff, 0x83ff, 0x83ff, 0x83ff, 0x52f7, 0x22f2, 0x22f3, 0x22f3, 
0x22f2, 0x42f7, 0x83ff, 0x83ff, 0x83ff, 0x73fe, 0x32f3, 0x22f2, 
0x22f2, 0x22f2, 0x22f2, 0x32f3, 0x32f3, 0x22f2, 0x22f2, 0x22f2, 
0x22f2, 0x42f6, 0x83ff, 0x83ff, 0x83ff, 0x83ff, 0x83ff, 0x83ff, 
0x7cff, 0x7cff, 0x7cff, 0x7cff, 0x7cff, 0x7cff, 0x7cff, 0x7cff, 
0x7cff, 0x7cff, 0x7cff, 0x7cff, 0x7cff, 0x45f6, 0x22f2, 0x22f3, 
0x22f3, 0x22f2, 0x69fb, 0x7cff, 0x7cff, 0x58fa, 0x22f2, 0x22f3, 
0x22f2, 0x22f2, 0x22f2, 0x22f2, 0x22f2, 0x22f2, 0x33f3, 0x46f7, 
0x6bfd, 0x7cff, 0x7cff, 0x7cff, 0x7cff, 0x33f4, 0x22f2, 0x22f2, 
0x22f2, 0x22f2, 0x22f2, 0x22f2, 0x22f2, 0x22f2, 0x22f2, 0x33f3, 
0x58fa, 0x7cff, 0x7cff, 0x7cff, 0x7cff, 0x7cff, 0x7cff, 0x7cff, 
0xe2ff, 0xe2ff, 0xe2ff, 0xe2ff, 0xe2ff, 0xe2ff, 0xe2ff, 0xe2ff, 
0xe2ff, 0xe2ff, 0xe2ff, 0xc2fd, 0x22f2, 0x22f3, 0x22f3, 0x22f3, 
0x22f2, 0x22f2, 0x22f2, 0x22f2, 0x22f2, 0x22f3, 0x22f2, 0xa2fa, 
0xe2ff, 0xe2ff, 0xe2ff, 0xe2ff, 0xe2ff, 0xe2ff, 0xe2ff, 0xe2ff, 
0xe2ff, 0xe2ff, 0xe2ff, 0xe2ff, 0xe2ff, 0xe2ff, 0xe2ff, 0xe2ff, 
0x62f7, 0x22f2, 0x22f3, 0x22f2, 0x22f2, 0x22f2, 0x22f3, 0x22f2, 
0x92f9, 0xe2ff, 0xe2ff, 0xe2ff, 0xe2ff, 0xe2ff, 0xe2ff, 0xe2ff, 
0xb0ff, 0xb0ff, 0xb0ff, 0xb0ff, 0xb0ff, 0x32f4, 0x22f2, 0x22f2, 
0x22f2, 0x22f2, 0x22f2, 0x22f2, 0x22f2, 0x22f2, 0x22f2, 0x22f2, 
0x22f2, 0x22f3, 0x22f2, 0x22f2, 0x22f2, 0x22f2, 0x22f2, 0x22f3, 
0x22f2, 0x71f9, 0xb0ff, 0xb0ff, 0xb0ff, 0xb0ff, 0xb0ff, 0xb0fe, 
0x32f4, 0x22f2, 0x22f2, 0x22f2, 0x22f3, 0x22f2, 0x81fa, 0xb0ff, 
0x81fa, 0x22f2, 0x22f3, 0x22f2, 0x22f2, 0x22f2, 0x22f2, 0x32f3, 
0xa0fe, 0xb0ff, 0xb0ff, 0xb0ff, 0xb0ff, 0xb0ff, 0xb0ff, 0xb0ff, 
0x83ff, 0x83ff, 0x83ff, 0x83ff, 0x83ff, 0x83ff, 0x83ff, 0x83ff, 
0x83ff, 0x63fa, 0x22f2, 0x22f3, 0x22f3, 0x22f2, 0x52f8, 0x83ff, 
0x83ff, 0x83ff, 0x83ff, 0x83ff, 0x83ff, 0x83ff, 0x83ff, 0x83ff, 
0x83ff, 0x83ff, 0x83ff, 0x63fc, 0x22f2, 0x22f2, 0x22f2, 0x22f3, 
0x22f2, 0x73fd, 0x83ff, 0x83ff, 0x83ff, 0x83ff, 0x63fb, 0x22f3, 
0x22f2, 0x22f2, 0x22f2, 0x22f2, 0x22f2, 0x22f2, 0x22f2, 0x22f2, 
0x32f3, 0x73fe, 0x83ff, 0x83ff, 0x83ff, 0x83ff, 0x83ff, 0x83ff, 
0x7cff, 0x7cff, 0x7cff, 0x7cff, 0x7cff, 0x7cff, 0x7cff, 0x7cff, 
0x7cff, 0x7cff, 0x7cff, 0x7cff, 0x69fc, 0x22f2, 0x22f2, 0x22f3, 
0x22f2, 0x33f4, 0x7cff, 0x7cff, 0x7cff, 0x47f8, 0x22f3, 0x22f3, 
0x22f2, 0x22f3, 0x22f3, 0x22f2, 0x22f3, 0x22f2, 0x22f2, 0x22f2, 
0x33f3, 0x6afd, 0x7cff, 0x7cff, 0x6bfd, 0x22f3, 0x22f2, 0x22f2, 
0x22f2, 0x22f2, 0x22f3, 0x22f3, 0x22f3, 0x22f3, 0x22f3, 0x22f2, 
0x22f2, 0x58f9, 0x7cff, 0x7cff, 0x7cff, 0x7cff, 0x7cff, 0x7cff, 
0xe2ff, 0xe2ff, 0xe2ff, 0xe2ff, 0xe2ff, 0xe2ff, 0xe2ff, 0xe2ff, 
0xe2ff, 0xe2ff, 0xe2ff, 0xb2fc, 0x22f2, 0x22f3, 0x22f2, 0x22f2, 
0x22f2, 0x22f2, 0x22f2, 0x22f2, 0x22f2, 0x22f3, 0x22f2, 0x92f9, 
0xe2ff, 0xe2ff, 0xe2ff, 0xe2ff, 0xe2ff, 0xe2ff, 0xe2ff, 0xe2ff, 
0xe2ff, 0xe2ff, 0xe2ff, 0xe2ff, 0xe2ff, 0xe2ff, 0xe2ff, 0x82f9, 
0x22f2, 0x22f3, 0x22f2, 0x22f2, 0x22f2, 0x22f3, 0x22f2, 0x52f5, 
0xe2ff, 0xe2ff, 0xe2ff, 0xe2ff, 0xe2ff, 0xe2ff, 0xe2ff, 0xe2ff, 
0xb0ff, 0xb0ff, 0xb0ff, 0xb0ff, 0xb0ff, 0x32f3, 0x22f2, 0x22f2, 
0x22f2, 0x22f2, 0x22f2, 0x22f2, 0x22f2, 0x22f2, 0x22f2, 0x22f3, 
0x22f2, 0x22f2, 0x22f2, 0x22f2, 0x22f2, 0x22f2, 0x22f2, 0x22f2, 
0x22f2, 0x32f4, 0xb0fe, 0xb0ff, 0xb0ff, 0xb0ff, 0xb0ff, 0x61f8, 
0x22f2, 0x22f3, 0x22f2, 0x22f3, 0x22f2, 0x42f6, 0xb0ff, 0xb0ff, 
0x91fc, 0x22f2, 0x22f3, 0x22f2, 0x22f2, 0x22f2, 0x22f2, 0x32f3, 
0xa0fe, 0xb0ff, 0xb0ff, 0xb0ff, 0xb0ff, 0xb0ff, 0xb0ff, 0xb0ff, 
0x83ff, 0x83ff, 0x83ff, 0x83ff, 0x83ff, 0x83ff, 0x83ff, 0x83ff, 
0x83ff, 0x63fa, 0x22f2, 0x22f3, 0x22f3, 0x22f2, 0x52f8, 0x83ff, 
0x83ff, 0x83ff, 0x83ff, 0x83ff, 0x83ff, 0x83ff, 0x83ff, 0x83ff, 
0x83ff, 0x83ff, 0x73fd, 0x32f3, 0x22f2, 0x22f2, 0x22f3, 0x22f2, 
0x52f8, 0x83ff, 0x83ff, 0x83ff, 0x83ff, 0x83ff, 0x73fd, 0x22f3, 
0x22f2, 0x22f2, 0x22f2, 0x22f3, 0x22f3, 0x22f2, 0x22f2, 0x22f2, 
0x32f4, 0x83ff, 0x83ff, 0x83ff, 0x83ff, 0x83ff, 0x83ff, 0x83ff, 
0x7cff, 0x7cff, 0x7cff, 0x7cff, 0x7cff, 0x7cff, 0x7cff, 0x7cff, 
0x7cff, 0x7cff, 0x7cff, 0x7bfe, 0x33f4, 0x22f2, 0x22f2, 0x22f3, 
0x22f2, 0x59fb, 0x7cff, 0x7cff, 0x7cff, 0x57f9, 0x22f2, 0x22f2, 
0x22f2, 0x22f2, 0x22f2, 0x22f2, 0x22f2, 0x22f2, 0x22f2, 0x22f3, 
0x22f2, 0x34f5, 0x7cff, 0x7cff, 0x6afc, 0x22f2, 0x22f2, 0x22f2, 
0x22f2, 0x22f2, 0x22f2, 0x22f2, 0x22f2, 0x22f2, 0x22f2, 0x22f2, 
0x22f2, 0x22f3, 0x6bfd, 0x7cff, 0x7cff, 0x7cff, 0x7cff, 0x7cff, 
0xe2ff, 0xe2ff, 0xe2ff, 0xe2ff, 0xe2ff, 0xe2ff, 0xe2ff, 0xe2ff, 
0xe2ff, 0xe2ff, 0xe2ff, 0xd2fe, 0x22f3, 0x22f2, 0x22f2, 0x22f2, 
0x22f2, 0x22f3, 0x22f2, 0x22f2, 0x22f2, 0x22f2, 0x22f2, 0x22f3, 
0xa2fb, 0xe2ff, 0xe2ff, 0xe2ff, 0xe2ff, 0xe2ff, 0xe2ff, 0xe2ff, 
0xe2ff, 0xe2ff, 0xe2ff, 0xe2ff, 0xe2ff, 0xe2ff, 0xa2fa, 0x22f2, 
0x22f3, 0x22f2, 0x22f2, 0x22f2, 0x22f2, 0x22f2, 0x32f3, 0xd2fd, 
0xe2ff, 0xe2ff, 0xe2ff, 0xe2ff, 0xe2ff, 0xe2ff, 0xe2ff, 0xe2ff, 
0xb0ff, 0xb0ff, 0xb0ff, 0xb0ff, 0xb0ff, 0x22f2, 0x22f2, 0x22f2, 
0x22f2, 0x22f2, 0x22f2, 0x22f2, 0x22f2, 0x42f5, 0x91fc, 0xa0fd, 
0xa0fd, 0x61f8, 0x22f3, 0x22f2, 0x22f2, 0x22f2, 0x22f2, 0x22f2, 
0x22f2, 0x22f2, 0x81fb, 0xb0ff, 0xb0ff, 0xb0ff, 0x90fc, 0x22f2, 
0x22f3, 0x22f2, 0x22f2, 0x22f2, 0x22f3, 0x90fc, 0xb0ff, 0xb0ff, 
0x81fb, 0x22f2, 0x22f3, 0x22f2, 0x22f2, 0x22f2, 0x22f2, 0x32f3, 
0xa0fe, 0xb0ff, 0xb0ff, 0xb0ff, 0xb0ff, 0xb0ff, 0xb0ff, 0xb0ff, 
0x83ff, 0x83ff, 0x83ff, 0x83ff, 0x83ff, 0x83ff, 0x83ff, 0x83ff, 
0x83ff, 0x63fa, 0x22f2, 0x22f3, 0x22f3, 0x22f2, 0x52f8, 0x83ff, 
0x83ff, 0x83ff, 0x83ff, 0x83ff, 0x83ff, 0x83ff, 0x83ff, 0x83ff, 
0x83ff, 0x73fe, 0x32f4, 0x22f2, 0x22f2, 0x22f3, 0x22f2, 0x42f6, 
0x83ff, 0x83ff, 0x83ff, 0x83ff, 0x83ff, 0x73fe, 0x32f4, 0x22f2, 
0x22f2, 0x22f2, 0x22f2, 0x22f2, 0x22f2, 0x22f2, 0x22f2, 0x22f2, 
0x22f2, 0x42f7, 0x83ff, 0x83ff, 0x83ff, 0x83ff, 0x83ff, 0x83ff, 
0x7cff, 0x7cff, 0x7cff, 0x7cff, 0x7cff, 0x7cff, 0x7cff, 0x7cff, 
0x7cff, 0x7cff, 0x7cff, 0x34f5, 0x22f2, 0x22f2, 0x22f3, 0x22f2, 
0x46f7, 0x7cff, 0x7cff, 0x7cff, 0x7cff, 0x7bfe, 0x57f8, 0x34f5, 
0x33f4, 0x45f6, 0x59fb, 0x6afc, 0x57f9, 0x23f3, 0x22f2, 0x22f2, 
0x22f3, 0x22f2, 0x69fb, 0x7cff, 0x69fb, 0x22f2, 0x22f3, 0x22f2, 
0x22f2, 0x22f2, 0x45f6, 0x58fa, 0x57f8, 0x22f3, 0x22f2, 0x22f2, 
0x22f3, 0x22f2, 0x46f8, 0x7cff, 0x7cff, 0x7cff, 0x7cff, 0x7cff, 
0xe2ff, 0xe2ff, 0xe2ff, 0xe2ff, 0xe2ff, 0xe2ff, 0xe2ff, 0xe2ff, 
0xe2ff, 0xe2ff, 0xe2ff, 0xe2ff, 0x92fa, 0x42f4, 0x32f3, 0x32f3, 
0x22f2, 0x22f2, 0x22f2, 0x22f2, 0x22f2, 0x22f2, 0x22f2, 0x22f2, 
0x22f2, 0xb2fc, 0xe2ff, 0xe2ff, 0xe2ff, 0xe2ff, 0xe2ff, 0xe2ff, 
0xe2ff, 0xe2ff, 0xe2ff, 0xe2ff, 0xe2ff, 0xa2fb, 0x22f2, 0x22f3, 
0x22f2, 0x22f2, 0x22f2, 0x22f2, 0x22f3, 0x32f3, 0xb2fc, 0xe2ff, 
0xe2ff, 0xe2ff, 0xe2ff, 0xe2ff, 0xe2ff, 0xe2ff, 0xe2ff, 0xe2ff, 
0xb0ff, 0xb0ff, 0xb0ff, 0xb0ff, 0xb0ff, 0x22f2, 0x22f2, 0x22f2, 
0x22f2, 0x22f2, 0x22f2, 0x22f2, 0x32f4, 0xa0fe, 0xb0ff, 0xb0ff, 
0xb0ff, 0xb0ff, 0x71f9, 0x22f2, 0x22f3, 0x22f2, 0x22f2, 0x22f2, 
0x22f3, 0x22f2, 0x61f8, 0xb0ff, 0xb0ff, 0xb0ff, 0x42f5, 0x22f2, 
0x22f3, 0x22f2, 0x22f2, 0x22f2, 0x22f3, 0xa0fe, 0xb0ff, 0xb0ff, 
0x61f7, 0x22f2, 0x22f3, 0x22f2, 0x22f2, 0x22f2, 0x22f3, 0x22f2, 
0x81fb, 0xb0ff, 0xb0ff, 0xb0ff, 0xb0ff, 0xb0ff, 0xb0ff, 0xb0ff, 
0x83ff, 0x83ff, 0x83ff, 0x83ff, 0x83ff, 0x83ff, 0x83ff, 0x83ff, 
0x83ff, 0x63fa, 0x22f2, 0x22f3, 0x22f3, 0x22f2, 0x52f8, 0x83ff, 
0x83ff, 0x83ff, 0x83ff, 0x83ff, 0x83ff, 0x83ff, 0x83ff, 0x83ff, 
0x73fe, 0x32f4, 0x22f2, 0x22f3, 0x22f3, 0x22f2, 0x32f5, 0x83fe, 
0x83ff, 0x83ff, 0x83ff, 0x83ff, 0x83ff, 0x42f6, 0x22f2, 0x22f3, 
0x22f2, 0x22f2, 0x32f5, 0x63fa, 0x53f9, 0x32f3, 0x22f2, 0x22f2, 
0x22f3, 0x22f2, 0x63fa, 0x83ff, 0x83ff, 0x83ff, 0x83ff, 0x83ff, 
0x7cff, 0x7cff, 0x7cff, 0x7cff, 0x7cff, 0x7cff, 0x7cff, 0x7cff, 
0x7cff, 0x7cff, 0x35f6, 0x22f2, 0x22f3, 0x22f3, 0x22f2, 0x45f6, 
0x7cff, 0x7cff, 0x7cff, 0x7cff, 0x7cff, 0x7cff, 0x7cff, 0x7cff, 
0x7cff, 0x7cff, 0x7cff, 0x7cff, 0x7cff, 0x58fa, 0x22f2, 0x22f3, 
0x22f3, 0x22f2, 0x46f8, 0x7cff, 0x59fb, 0x22f2, 0x22f3, 0x22f3, 
0x22f2, 0x34f5, 0x7cff, 0x7cff, 0x7cff, 0x58fa, 0x22f2, 0x22f3, 
0x22f2, 0x22f2, 0x34f4, 0x7cff, 0x7cff, 0x7cff, 0x7cff, 0x7cff, 
0xe2ff, 0xe2ff, 0xe2ff, 0xe2ff, 0xe2ff, 0xe2ff, 0xe2ff, 0xe2ff, 
0xe2ff, 0xe2ff, 0xe2ff, 0xe2ff, 0xe2ff, 0xe2ff, 0xd2fe, 0xd2fe, 
0xb2fc, 0x72f8, 0x22f3, 0x22f2, 0x22f2, 0x22f2, 0x22f2, 0x22f3, 
0x22f2, 0x42f4, 0xe2ff, 0xe2ff, 0xe2ff, 0xe2ff, 0xe2ff, 0xe2ff, 
0xe2ff, 0xe2ff, 0xe2ff, 0xe2ff, 0xa2fb, 0x22f2, 0x22f2, 0x22f2, 
0x22f2, 0x22f2, 0x22f2, 0x22f3, 0x22f2, 0xa2fb, 0xe2ff, 0xe2ff, 
0xe2ff, 0xe2ff, 0xe2ff, 0xe2ff, 0xe2ff, 0xe2ff, 0xe2ff, 0xe2ff, 
0xb0ff, 0xb0ff, 0xb0ff, 0xb0ff, 0xb0ff, 0x22f2, 0x22f2, 0x22f2, 
0x22f2, 0x22f2, 0x22f3, 0x22f2, 0x61f8, 0xb0ff, 0xb0ff, 0xb0ff, 
0xb0ff, 0xb0ff, 0xb0ff, 0x32f4, 0x22f2, 0x22f2, 0x22f2, 0x22f2, 
0x22f3, 0x22f2, 0x52f6, 0xb0ff, 0xb0ff, 0x81fa, 0x22f2, 0x22f3, 
0x22f2, 0x22f2, 0x22f2, 0x22f2, 0x22f2, 0x42f5, 0x61f7, 0x51f6, 
0x22f2, 0x22f2, 0x22f2, 0x22f2, 0x22f2, 0x22f2, 0x22f2, 0x22f2, 
0x32f3, 0x71f9, 0xb0fe, 0xb0ff, 0xb0ff, 0xb0ff, 0xb0ff, 0xb0ff, 
0x83ff, 0x83ff, 0x83ff, 0x83ff, 0x83ff, 0x83ff, 0x83ff, 0x83ff, 
0x83ff, 0x63fa, 0x22f2, 0x22f3, 0x22f3, 0x22f2, 0x52f8, 0x83ff, 
0x83ff, 0x83ff, 0x83ff, 0x83ff, 0x83ff, 0x83ff, 0x83ff, 0x83ff, 
0x32f5, 0x22f2, 0x22f3, 0x22f2, 0x22f2, 0x32f4, 0x73fe, 0x83ff, 
0x83ff, 0x83ff, 0x83ff, 0x83ff, 0x73fd, 0x22f3, 0x22f2, 0x22f2, 
0x22f2, 0x32f3, 0x83fe, 0x83ff, 0x83ff, 0x63fb, 0x22f2, 0x22f2, 
0x22f2, 0x22f2, 0x32f4, 0x83ff, 0x83ff, 0x83ff, 0x83ff, 0x83ff, 
0x7cff, 0x7cff, 0x7cff, 0x7cff, 0x7cff, 0x7cff, 0x7cff, 0x7cff, 
0x7cff, 0x45f6, 0x22f2, 0x22f3, 0x22f3, 0x22f2, 0x34f5, 0x7bfe, 
0x7cff, 0x7cff, 0x7cff, 0x7cff, 0x7cff, 0x7cff, 0x7cff, 0x7cff, 
0x7cff, 0x7cff, 0x7cff, 0x7cff, 0x7cff, 0x6afd, 0x22f2, 0x22f2, 
0x22f3, 0x22f2, 0x45f6, 0x7cff, 0x69fb, 0x22f2, 0x22f2, 0x22f3, 
0x22f2, 0x47f8, 0x7cff, 0x7cff, 0x7cff, 0x7cfe, 0x33f3, 0x22f2, 
0x22f2, 0x22f2, 0x33f3, 0x7cff, 0x7cff, 0x7cff, 0x7cff, 0x7cff, 
0xe2ff, 0xe2ff, 0xe2ff, 0xe2ff, 0xe2ff, 0xe2ff, 0xe2ff, 0xe2ff, 
0xe2ff, 0xe2ff, 0xe2ff, 0xe2ff, 0xe2ff, 0xe2ff, 0xe2ff, 0xe2ff, 
0xe2ff, 0xe2ff, 0x92f9, 0x22f2, 0x22f3, 0x22f2, 0x22f2, 0x22f2, 
0x22f3, 0x22f2, 0xa2fb, 0xe2ff, 0xe2ff, 0xe2ff, 0xe2ff, 0xe2ff, 
0xe2ff, 0xe2ff, 0xe2ff, 0xb2fc, 0x22f2, 0x22f2, 0x22f2, 0x22f2, 
0x22f2, 0x22f2, 0x22f3, 0x22f2, 0x92fa, 0xe2ff, 0xe2ff, 0xe2ff, 
0xe2ff, 0xe2ff, 0xe2ff, 0xe2ff, 0xe2ff, 0xe2ff, 0xe2ff, 0xe2ff, 
0xb0ff, 0xb0ff, 0xb0ff, 0xb0ff, 0xb0ff, 0x32f3, 0x22f2, 0x22f2, 
0x22f2, 0x22f2, 0x22f3, 0x22f2, 0x71f9, 0xb0ff, 0xb0ff, 0xb0ff, 
0xb0ff, 0xb0ff, 0xb0ff, 0x51f7, 0x22f2, 0x22f3, 0x22f2, 0x22f2, 
0x22f2, 0x22f2, 0x42f5, 0xb0ff, 0xb0ff, 0x42f5, 0x22f2, 0x22f3, 
0x22f2, 0x22f2, 0x22f2, 0x22f2, 0x22f2, 0x22f2, 0x22f2, 0x22f2, 
0x22f2, 0x22f2, 0x22f2, 0x22f2, 0x22f2, 0x22f2, 0x22f2, 0x22f2, 
0x22f2, 0x22f2, 0x52f6, 0xb0ff, 0xb0ff, 0xb0ff, 0xb0ff, 0xb0ff, 
0x83ff, 0x83ff, 0x83ff, 0x83ff, 0x83ff, 0x83ff, 0x83ff, 0x83ff, 
0x83ff, 0x63fa, 0x22f2, 0x22f3, 0x22f3, 0x22f2, 0x52f8, 0x83ff, 
0x83ff, 0x83ff, 0x83ff, 0x83ff, 0x83ff, 0x83ff, 0x83ff, 0x42f6, 
0x22f2, 0x22f3, 0x22f2, 0x22f2, 0x32f3, 0x73fd, 0x83ff, 0x83ff, 
0x83ff, 0x83ff, 0x83ff, 0x83ff, 0x63fb, 0x22f2, 0x22f3, 0x22f3, 
0x22f2, 0x42f5, 0x83ff, 0x83ff, 0x83ff, 0x83fe, 0x22f3, 0x22f2, 
0x22f2, 0x22f2, 0x22f3, 0x83ff, 0x83ff, 0x83ff, 0x83ff, 0x83ff, 
0x7cff, 0x7cff, 0x7cff, 0x7cff, 0x7cff, 0x7cff, 0x7cff, 0x7cff, 
0x45f7, 0x22f2, 0x22f3, 0x22f2, 0x22f2, 0x34f5, 0x7bfe, 0x7cff, 
0x7cff, 0x7cff, 0x7cff, 0x7cff, 0x7cff, 0x7cff, 0x7bfe, 0x7bfe, 
0x7bfe, 0x7cff, 0x7cff, 0x7cff, 0x7cff, 0x6bfd, 0x22f2, 0x22f2, 
0x22f3, 0x22f2, 0x34f5, 0x7cff, 0x6afc, 0x22f2, 0x22f2, 0x22f3, 
0x22f2, 0x46f8, 0x7cff, 0x7cff, 0x7cff, 0x7cff, 0x33f4, 0x22f2, 
0x22f3, 0x22f2, 0x33f3, 0x7cff, 0x7cff, 0x7cff, 0x7cff, 0x7cff, 
0xe2ff, 0xe2ff, 0xe2ff, 0xe2ff, 0xe2ff, 0xe2ff, 0xe2ff, 0xe2ff, 
0xe2ff, 0xe2ff, 0xe2ff, 0xe2ff, 0xe2ff, 0xe2ff, 0xe2ff, 0xe2ff, 
0xe2ff, 0xe2ff, 0xe2ff, 0x42f4, 0x22f2, 0x22f2, 0x22f2, 0x22f2, 
0x22f3, 0x22f2, 0x72f8, 0xe2ff, 0xe2ff, 0xe2ff, 0xe2ff, 0xe2ff, 
0xe2ff, 0xe2ff, 0xc2fc, 0x32f3, 0x22f2, 0x22f2, 0x22f2, 0x22f2, 
0x22f2, 0x22f3, 0x22f2, 0x92fa, 0xe2ff, 0xe2ff, 0xe2ff, 0xe2ff, 
0xe2ff, 0xe2ff, 0xe2ff, 0xe2ff, 0xe2ff, 0xe2ff, 0xe2ff, 0xe2ff, 
0xb0ff, 0xb0ff, 0xb0ff, 0xb0ff, 0xb0ff, 0x32f4, 0x22f2, 0x22f2, 
0x22f2, 0x22f2, 0x22f3, 0x22f2, 0x71f9, 0xb0ff, 0xb0ff, 0xb0ff, 
0xb0ff, 0xb0ff, 0xb0ff, 0x61f8, 0x22f2, 0x22f3, 0x22f2, 0x22f2, 
0x22f2, 0x22f2, 0x32f3, 0xb0ff, 0xa0fe, 0x22f3, 0x22f2, 0x22f2, 
0x22f2, 0x22f2, 0x22f2, 0x22f2, 0x22f2, 0x22f2, 0x22f3, 0x22f3, 
0x22f2, 0x22f2, 0x22f2, 0x22f2, 0x22f2, 0x22f2, 0x22f2, 0x22f2, 
0x22f2, 0x22f3, 0x22f2, 0xb0ff, 0xb0ff, 0xb0ff, 0xb0ff, 0xb0ff, 
0x83ff, 0x83ff, 0x83ff, 0x83ff, 0x83ff, 0x83ff, 0x83ff, 0x83ff, 
0x83ff, 0x63fa, 0x22f2, 0x22f3, 0x22f3, 0x22f2, 0x52f8, 0x83ff, 
0x83ff, 0x83ff, 0x83ff, 0x83ff, 0x83ff, 0x83ff, 0x42f6, 0x22f2, 
0x22f3, 0x22f2, 0x22f2, 0x22f3, 0x73fd, 0x83ff, 0x83ff, 0x83ff, 
0x83ff, 0x83ff, 0x83ff, 0x83ff, 0x63fb, 0x22f2, 0x22f3, 0x22f2, 
0x22f2, 0x32f4, 0x83ff, 0x83ff, 0x83ff, 0x73fd, 0x22f3, 0x22f2, 
0x22f2, 0x22f2, 0x22f2, 0x83ff, 0x83ff, 0x83ff, 0x83ff, 0x83ff, 
0x7cff, 0x7cff, 0x7cff, 0x7cff, 0x7cff, 0x7cff, 0x7cff, 0x45f7, 
0x22f2, 0x22f3, 0x22f2, 0x22f2, 0x33f4, 0x7bfe, 0x7cff, 0x7cff, 
0x7cff, 0x7cff, 0x7cff, 0x7cff, 0x7cff, 0x46f7, 0x33f3, 0x33f4, 
0x33f3, 0x57f9, 0x7cff, 0x7cff, 0x7cff, 0x6afc, 0x22f2, 0x22f2, 
0x22f3, 0x22f2, 0x45f7, 0x7cff, 0x7bfe, 0x33f3, 0x22f2, 0x22f3, 
0x22f2, 0x34f5, 0x7cff, 0x7cff, 0x7cff, 0x6bfd, 0x22f3, 0x22f2, 
0x22f2, 0x22f2, 0x33f4, 0x7cff, 0x7cff, 0x7cff, 0x7cff, 0x7cff, 
0xe2ff, 0xe2ff, 0xe2ff, 0xe2ff, 0xe2ff, 0xe2ff, 0xd2fe, 0xc2fd, 
0xc2fd, 0xc2fd, 0xd2fe, 0xe2ff, 0xe2ff, 0xe2ff, 0xe2ff, 0xe2ff, 
0xe2ff, 0xe2ff, 0xe2ff, 0x62f6, 0x22f2, 0x22f3, 0x22f2, 0x22f2, 
0x22f3, 0x22f2, 0x62f6, 0xe2ff, 0xe2ff, 0xe2ff, 0xe2ff, 0xe2ff, 
0xe2ff, 0xc2fc, 0x32f3, 0x22f2, 0x22f2, 0x22f2, 0x22f2, 0x22f2, 
0x22f3, 0x22f2, 0x82f8, 0xe2ff, 0xe2ff, 0xe2ff, 0xe2ff, 0xe2ff, 
0xe2ff, 0xe2ff, 0xe2ff, 0xe2ff, 0xe2ff, 0xe2ff, 0xe2ff, 0xe2ff, 
0xb0ff, 0xb0ff, 0xb0ff, 0xb0ff, 0xb0ff, 0x42f5, 0x22f2, 0x22f2, 
0x22f2, 0x22f2, 0x22f3, 0x22f2, 0x61f8, 0xb0ff, 0xb0ff, 0xb0ff, 
0xb0ff, 0xb0ff, 0xb0ff, 0x51f7, 0x22f2, 0x22f3, 0x22f2, 0x22f2, 
0x22f2, 0x22f2, 0x42f4, 0xb0ff, 0xa0fd, 0x22f3, 0x22f2, 0x22f2, 
0x22f2, 0x22f2, 0x22f2, 0x22f2, 0x22f2, 0x22f2, 0x22f2, 0x22f2, 
0x22f2, 0x22f2, 0x22f2, 0x22f2, 0x22f2, 0x22f2, 0x22f2, 0x22f2, 
0x22f2, 0x22f2, 0x22f3, 0xb0ff, 0xb0ff, 0xb0ff, 0xb0ff, 0xb0ff, 
0x83ff, 0x83ff, 0x83ff, 0x83ff, 0x83ff, 0x83ff, 0x83ff, 0x83ff, 
0x83ff, 0x63fa, 0x22f2, 0x22f3, 0x22f3, 0x22f2, 0x52f8, 0x83ff, 
0x83ff, 0x83ff, 0x83ff, 0x83ff, 0x83ff, 0x42f7, 0x22f2, 0x22f3, 
0x22f2, 0x22f2, 0x22f2, 0x32f3, 0x73fc, 0x73fd, 0x73fd, 0x73fd, 
0x73fd, 0x73fe, 0x83ff, 0x83ff, 0x73fd, 0x22f2, 0x22f2, 0x22f2, 
0x22f2, 0x22f2, 0x52f8, 0x73fe, 0x73fd, 0x42f5, 0x22f2, 0x22f2, 
0x22f2, 0x22f2, 0x32f4, 0x83ff, 0x83ff, 0x83ff, 0x83ff, 0x83ff, 
0x7cff, 0x7cff, 0x7cff, 0x7cff, 0x7cff, 0x7cff, 0x46f8, 0x22f2, 
0x22f3, 0x22f2, 0x22f3, 0x22f2, 0x46f7, 0x7cff, 0x7bfe, 0x7cff, 
0x7cff, 0x7cff, 0x7cff, 0x7cff, 0x7cff, 0x33f4, 0x22f2, 0x22f2, 
0x22f2, 0x22f2, 0x58fa, 0x7cff, 0x7bfe, 0x45f6, 0x22f2, 0x22f3, 
0x22f3, 0x22f2, 0x58fa, 0x7cff, 0x7cff, 0x45f6, 0x22f2, 0x22f3, 
0x22f2, 0x22f2, 0x58fa, 0x7cff, 0x7bfe, 0x45f6, 0x22f2, 0x22f3, 
0x22f3, 0x22f2, 0x46f7, 0x7cff, 0x7cff, 0x7cff, 0x7cff, 0x7cff, 
0xe2ff, 0xe2ff, 0xe2ff, 0xe2ff, 0xe2ff, 0x72f8, 0x32f3, 0x22f3, 
0x22f3, 0x22f3, 0x32f3, 0x72f8, 0xe2ff, 0xe2ff, 0xe2ff, 0xe2ff, 
0xe2ff, 0xe2ff, 0xe2ff, 0x52f5, 0x22f2, 0x22f2, 0x22f2, 0x22f2, 
0x22f3, 0x22f2, 0x62f6, 0xe2ff, 0xe2ff, 0xe2ff, 0xe2ff, 0xe2ff, 
0xc2fd, 0x32f3, 0x22f2, 0x22f3, 0x22f2, 0x22f2, 0x22f2, 0x22f3, 
0x22f2, 0x62f7, 0xe2ff, 0xe2ff, 0xe2ff, 0xe2ff, 0xe2ff, 0xe2ff, 
0xe2ff, 0xe2ff, 0xe2ff, 0xe2ff, 0xe2ff, 0xe2ff, 0xe2ff, 0xe2ff, 
0xb0ff, 0xb0ff, 0xb0ff, 0xb0ff, 0xb0ff, 0x61f8, 0x22f2, 0x22f3, 
0x22f2, 0x22f2, 0x22f2, 0x22f2, 0x42f5, 0xb0ff, 0xb0ff, 0xb0ff, 
0xb0ff, 0xb0ff, 0xb0ff, 0x32f4, 0x22f2, 0x22f2, 0x22f2, 0x22f2, 
0x22f3, 0x22f2, 0x51f6, 0xb0ff, 0xb0ff, 0x32f4, 0x22f2, 0x22f3, 
0x22f3, 0x22f3, 0x22f3, 0x22f3, 0x22f3, 0x22f3, 0x22f3, 0x22f3, 
0x22f2, 0x22f2, 0x22f2, 0x22f2, 0x22f2, 0x22f2, 0x22f2, 0x22f2, 
0x22f2, 0x22f2, 0x22f2, 0xb0ff, 0xb0ff, 0xb0ff, 0xb0ff, 0xb0ff, 
0x83ff, 0x83ff, 0x83ff, 0x83ff, 0x83ff, 0x83ff, 0x83ff, 0x83ff, 
0x83ff, 0x63fa, 0x22f2, 0x22f3, 0x22f3, 0x22f2, 0x52f8, 0x83ff, 
0x83ff, 0x83ff, 0x83ff, 0x83ff, 0x63fa, 0x22f2, 0x22f3, 0x22f2, 
0x22f2, 0x22f2, 0x22f2, 0x22f2, 0x22f2, 0x22f2, 0x22f2, 0x22f2, 
0x22f2, 0x22f3, 0x63fa, 0x83ff, 0x83ff, 0x42f5, 0x22f2, 0x22f3, 
0x22f2, 0x22f2, 0x22f2, 0x22f3, 0x22f3, 0x22f2, 0x22f2, 0x22f2, 
0x22f3, 0x22f2, 0x53f8, 0x83ff, 0x83ff, 0x83ff, 0x83ff, 0x83ff, 
0x7cff, 0x7cff, 0x7cff, 0x7cff, 0x7cff, 0x58f9, 0x22f2, 0x22f3, 
0x22f2, 0x22f2, 0x22f2, 0x22f2, 0x22f2, 0x33f3, 0x33f4, 0x33f4, 
0x33f4, 0x33f4, 0x46f8, 0x7cff, 0x7cff, 0x57f9, 0x22f2, 0x22f3, 
0x22f2, 0x22f2, 0x22f2, 0x34f4, 0x33f4, 0x22f2, 0x22f2, 0x22f2, 
0x22f3, 0x23f3, 0x7bfe, 0x7cff, 0x7cff, 0x6afc, 0x22f2, 0x22f3, 
0x22f2, 0x22f2, 0x22f2, 0x34f4, 0x33f4, 0x22f2, 0x22f2, 0x22f2, 
0x22f3, 0x22f3, 0x6afd, 0x7cff, 0x7cff, 0x7cff, 0x7cff, 0x7cff, 
0xe2ff, 0xe2ff, 0xe2ff, 0xe2ff, 0xe2ff, 0x22f2, 0x22f2, 0x22f2, 
0x22f2, 0x22f2, 0x22f2, 0x22f2, 0x72f8, 0xe2ff, 0xe2ff, 0xe2ff, 
0xe2ff, 0xe2ff, 0xb2fc, 0x22f2, 0x22f2, 0x22f2, 0x22f2, 0x22f2, 
0x22f3, 0x22f2, 0x72f8, 0xe2ff, 0xe2ff, 0xe2ff, 0xe2ff, 0xd2fe, 
0x32f4, 0x22f2, 0x22f3, 0x22f2, 0x22f2, 0x22f2, 0x22f2, 0x22f2, 
0x32f3, 0xe2ff, 0xe2ff, 0xe2ff, 0xe2ff, 0xe2ff, 0xe2ff, 0xe2ff, 
0xe2ff, 0xe2ff, 0xe2ff, 0xe2ff, 0xe2ff, 0xe2ff, 0xe2ff, 0xe2ff, 
0xb0ff, 0xb0ff, 0xb0ff, 0xb0ff, 0xb0ff, 0x90fc, 0x22f2, 0x22f2, 
0x22f2, 0x22f2, 0x22f2, 0x22f3, 0x22f2, 0x81fb, 0xb0ff, 0xb0ff, 
0xb0ff, 0xb0ff, 0x81fa, 0x22f2, 0x22f3, 0x22f2, 0x22f2, 0x22f2, 
0x22f3, 0x22f2, 0x71f9, 0xb0ff, 0xb0ff, 0x81fa, 0x32f3, 0x22f2, 
0x22f2, 0x22f2, 0x22f2, 0x22f2, 0x22f2, 0x22f2, 0x22f2, 0x22f2, 
0x22f2, 0x22f2, 0x22f2, 0x22f2, 0x22f2, 0x22f2, 0x22f2, 0x22f2, 
0x22f2, 0x22f2, 0x61f8, 0xb0ff, 0xb0ff, 0xb0ff, 0xb0ff, 0xb0ff, 
0x83ff, 0x83ff, 0x83ff, 0x83ff, 0x83ff, 0x83ff, 0x83ff, 0x83ff, 
0x83ff, 0x63fa, 0x22f2, 0x22f3, 0x22f3, 0x22f2, 0x52f8, 0x83ff, 
0x83ff, 0x83ff, 0x83ff, 0x83ff, 0x42f7, 0x22f3, 0x22f3, 0x22f2, 
0x22f2, 0x22f2, 0x22f2, 0x22f2, 0x22f3, 0x22f2, 0x22f2, 0x22f2, 
0x22f3, 0x22f2, 0x42f6, 0x83ff, 0x83ff, 0x73fc, 0x22f2, 0x22f2, 
0x22f3, 0x22f2, 0x22f3, 0x22f2, 0x22f2, 0x22f3, 0x22f2, 0x22f3, 
0x22f2, 0x32f4, 0x83fe, 0x83ff, 0x83ff, 0x83ff, 0x83ff, 0x83ff, 
0x7cff, 0x7cff, 0x7cff, 0x7cff, 0x7cff, 0x34f5, 0x22f3, 0x22f3, 
0x22f2, 0x22f2, 0x22f2, 0x22f2, 0x22f2, 0x22f2, 0x22f2, 0x22f2, 
0x22f2, 0x22f2, 0x22f2, 0x6bfe, 0x7cff, 0x7cff, 0x34f5, 0x22f2, 
0x22f3, 0x22f3, 0x22f2, 0x22f2, 0x22f2, 0x22f3, 0x22f3, 0x22f2, 
0x22f2, 0x58fa, 0x7cff, 0x7cff, 0x7cff, 0x7cff, 0x57f8, 0x22f2, 
0x22f2, 0x22f3, 0x22f2, 0x22f2, 0x22f2, 0x22f3, 0x22f3, 0x22f2, 
0x22f2, 0x57f9, 0x7cff, 0x7cff, 0x7cff, 0x7cff, 0x7cff, 0x7cff, 
0xe2ff, 0xe2ff, 0xe2ff, 0xe2ff, 0xe2ff, 0x32f3, 0x22f2, 0x22f2, 
0x22f2, 0x22f2, 0x22f2, 0x22f3, 0x22f2, 0x72f7, 0xd2fd, 0xd2fe, 
0xd2fe, 0xa2fb, 0x32f3, 0x22f2, 0x22f2, 0x22f2, 0x22f2, 0x22f2, 
0x22f3, 0x22f2, 0xa2fb, 0xe2ff, 0xe2ff, 0xe2ff, 0xd2fe, 0x42f5, 
0x22f2, 0x22f3, 0x22f2, 0x22f2, 0x22f2, 0x22f2, 0x22f2, 0x22f2, 
0x32f3, 0xa2fa, 0xc2fd, 0xc2fd, 0xc2fd, 0xc2fd, 0xc2fd, 0xc2fd, 
0xc2fd, 0xe2ff, 0xe2ff, 0xe2ff, 0xe2ff, 0xe2ff, 0xe2ff, 0xe2ff, 
0xb0ff, 0xb0ff, 0xb0ff, 0xb0ff, 0xb0ff, 0xb0ff, 0x42f5, 0x22f2, 
0x22f2, 0x22f2, 0x22f2, 0x22f2, 0x22f2, 0x32f3, 0x81fb, 0xb0fe, 
0xa0fe, 0x71fa, 0x32f3, 0x22f2, 0x22f2, 0x22f2, 0x22f2, 0x22f2, 
0x22f2, 0x22f3, 0xa0fd, 0xb0ff, 0xb0ff, 0xb0ff, 0xa0fd, 0x81fb, 
0x81fb, 0x81fb, 0x81fb, 0x81fb, 0x81fb, 0x81fb, 0x81fb, 0x61f8, 
0x32f3, 0x22f2, 0x22f2, 0x22f2, 0x22f2, 0x22f2, 0x22f2, 0x22f2, 
0x32f4, 0x81fb, 0xb0ff, 0xb0ff, 0xb0ff, 0xb0ff, 0xb0ff, 0xb0ff, 
0x83ff, 0x83ff, 0x83ff, 0x83ff, 0x83ff, 0x83ff, 0x83ff, 0x83ff, 
0x83ff, 0x63fa, 0x22f2, 0x22f2, 0x22f2, 0x22f2, 0x52f8, 0x83ff, 
0x83ff, 0x83ff, 0x83ff, 0x83ff, 0x42f7, 0x22f2, 0x22f2, 0x22f2, 
0x22f2, 0x22f2, 0x22f2, 0x22f2, 0x22f2, 0x22f2, 0x22f2, 0x22f2, 
0x22f2, 0x22f2, 0x42f7, 0x83ff, 0x83ff, 0x83ff, 0x63fb, 0x32f4, 
0x22f2, 0x22f2, 0x22f2, 0x22f2, 0x22f2, 0x22f2, 0x22f2, 0x22f2, 
0x42f5, 0x73fd, 0x83ff, 0x83ff, 0x83ff, 0x83ff, 0x83ff, 0x83ff, 
0x7cff, 0x7cff, 0x7cff, 0x7cff, 0x7cff, 0x34f5, 0x22f2, 0x22f2, 
0x22f2, 0x22f2, 0x22f2, 0x22f2, 0x22f2, 0x22f2, 0x22f2, 0x22f2, 
0x22f2, 0x22f2, 0x22f3, 0x7bfe, 0x7cff, 0x7cff, 0x7bfe, 0x45f6, 
0x22f2, 0x22f2, 0x22f2, 0x22f2, 0x22f2, 0x22f2, 0x22f2, 0x22f3, 
0x57f9, 0x7cff, 0x7cff, 0x7cff, 0x7cff, 0x7cff, 0x7cff, 0x57f9, 
0x22f3, 0x22f2, 0x22f2, 0x22f2, 0x22f2, 0x22f2, 0x22f2, 0x22f3, 
0x57f9, 0x7cff, 0x7cff, 0x7cff, 0x7cff, 0x7cff, 0x7cff, 0x7cff, 
0xe2ff, 0xe2ff, 0xe2ff, 0xe2ff, 0xe2ff, 0x62f7, 0x22f2, 0x22f3, 
0x22f2, 0x22f2, 0x22f2, 0x22f2, 0x22f3, 0x22f2, 0x32f3, 0x32f4, 
0x32f3, 0x22f2, 0x22f2, 0x22f2, 0x22f2, 0x22f2, 0x22f2, 0x22f2, 
0x22f2, 0x32f3, 0xd2fe, 0xe2ff, 0xe2ff, 0xe2ff, 0x62f6, 0x22f2, 
0x22f3, 0x22f2, 0x22f2, 0x22f2, 0x22f2, 0x22f2, 0x22f2, 0x22f2, 
0x22f2, 0x22f2, 0x22f2, 0x22f2, 0x22f2, 0x22f2, 0x22f2, 0x22f2, 
0x22f2, 0x42f4, 0xa2fb, 0xe2ff, 0xe2ff, 0xe2ff, 0xe2ff, 0xe2ff, 
0xb0ff, 0xb0ff, 0xb0ff, 0xb0ff, 0xb0ff, 0xb0ff, 0x81fa, 0x22f2, 
0x22f3, 0x22f2, 0x22f2, 0x22f2, 0x22f2, 0x22f2, 0x22f2, 0x32f3, 
0x32f3, 0x22f2, 0x22f2, 0x22f2, 0x22f2, 0x22f2, 0x22f2, 0x22f3, 
0x22f2, 0x51f6, 0xb0ff, 0xb0ff, 0xb0ff, 0xb0ff, 0xb0ff, 0xb0ff, 
0xb0ff, 0xb0ff, 0xb0ff, 0xb0ff, 0xb0ff, 0xb0ff, 0xb0ff, 0xb0ff, 
0x61f8, 0x22f2, 0x22f3, 0x22f2, 0x22f2, 0x22f2, 0x22f3, 0x22f2, 
0x81fb, 0xb0ff, 0xb0ff, 0xb0ff, 0xb0ff, 0xb0ff, 0xb0ff, 0xb0ff, 
0x83ff, 0x83ff, 0x83ff, 0x83ff, 0x83ff, 0x83ff, 0x83ff, 0x83ff, 
0x83ff, 0x83fe, 0x42f7, 0x32f5, 0x32f5, 0x42f6, 0x73fd, 0x83ff, 
0x83ff, 0x83ff, 0x83ff, 0x83ff, 0x73fd, 0x42f5, 0x32f5, 0x32f5, 
0x32f5, 0x32f5, 0x32f5, 0x32f5, 0x32f5, 0x32f5, 0x32f5, 0x32f5, 
0x32f5, 0x42f5, 0x73fd, 0x83ff, 0x83ff, 0x83ff, 0x83ff, 0x73fe, 
0x53f9, 0x32f5, 0x22f3, 0x22f2, 0x22f2, 0x32f3, 0x42f6, 0x63fa, 
0x83ff, 0x83ff, 0x83ff, 0x83ff, 0x83ff, 0x83ff, 0x83ff, 0x83ff, 
0x7cff, 0x7cff, 0x7cff, 0x7cff, 0x7cff, 0x69fb, 0x34f5, 0x34f5, 
0x34f5, 0x34f5, 0x34f5, 0x34f5, 0x34f5, 0x34f5, 0x34f5, 0x34f5, 
0x34f5, 0x34f5, 0x57f9, 0x7cff, 0x7cff, 0x7cff, 0x7cff, 0x7cff, 
0x59fb, 0x45f6, 0x33f3, 0x22f2, 0x22f2, 0x33f4, 0x46f7, 0x6afc, 
0x7cff, 0x7cff, 0x7cff, 0x7cff, 0x7cff, 0x7cff, 0x7cff, 0x7cff, 
0x6afc, 0x45f7, 0x33f4, 0x22f2, 0x22f2, 0x33f4, 0x46f7, 0x6afd, 
0x7cff, 0x7cff, 0x7cff, 0x7cff, 0x7cff, 0x7cff, 0x7cff, 0x7cff, 
0xe2ff, 0xe2ff, 0xe2ff, 0xe2ff, 0xe2ff, 0xc2fd, 0x32f3, 0x22f2, 
0x22f2, 0x22f2, 0x22f2, 0x22f2, 0x22f2, 0x22f3, 0x22f2, 0x22f2, 
0x22f2, 0x22f2, 0x22f2, 0x22f2, 0x22f2, 0x22f2, 0x22f2, 0x32f3, 
0x22f2, 0x92f9, 0xe2ff, 0xe2ff, 0xe2ff, 0xc2fd, 0x22f2, 0x22f2, 
0x22f2, 0x22f2, 0x22f2, 0x22f2, 0x22f2, 0x22f2, 0x22f2, 0x22f2, 
0x22f2, 0x22f3, 0x22f2, 0x22f2, 0x22f2, 0x22f2, 0x22f2, 0x22f2, 
0x22f2, 0x22f2, 0x32f3, 0xe2ff, 0xe2ff, 0xe2ff, 0xe2ff, 0xe2ff, 
0xb0ff, 0xb0ff, 0xb0ff, 0xb0ff, 0xb0ff, 0xb0ff, 0xb0ff, 0x51f6, 
0x22f2, 0x22f3, 0x22f2, 0x22f2, 0x22f2, 0x22f2, 0x22f2, 0x22f2, 
0x22f2, 0x22f3, 0x22f2, 0x22f2, 0x22f2, 0x22f2, 0x22f2, 0x22f3, 
0x32f3, 0xa0fd, 0xb0ff, 0xb0ff, 0xb0ff, 0xb0ff, 0xb0ff, 0xb0ff, 
0xb0ff, 0xb0ff, 0xb0ff, 0xb0ff, 0xb0ff, 0xb0ff, 0xb0ff, 0xb0ff, 
0x81fb, 0x22f2, 0x22f3, 0x22f2, 0x22f2, 0x22f2, 0x22f2, 0x32f3, 
0xa0fe, 0xb0ff, 0xb0ff, 0xb0ff, 0xb0ff, 0xb0ff, 0xb0ff, 0xb0ff, 
0x83ff, 0x83ff, 0x83ff, 0x83ff, 0x83ff, 0x83ff, 0x83ff, 0x83ff, 
0x83ff, 0x83ff, 0x83ff, 0x83ff, 0x83ff, 0x83ff, 0x83ff, 0x83ff, 
0x83ff, 0x83ff, 0x83ff, 0x83ff, 0x83ff, 0x83ff, 0x83ff, 0x83ff, 
0x83ff, 0x83ff, 0x83ff, 0x83ff, 0x83ff, 0x83ff, 0x83ff, 0x83ff, 
0x83ff, 0x83ff, 0x83ff, 0x83ff, 0x83ff, 0x83ff, 0x83ff, 0x83ff, 
0x83ff, 0x83ff, 0x83ff, 0x83ff, 0x83ff, 0x83ff, 0x83ff, 0x83ff, 
0x83ff, 0x83ff, 0x83ff, 0x83ff, 0x83ff, 0x83ff, 0x83ff, 0x83ff, 
0x7cff, 0x7cff, 0x7cff, 0x7cff, 0x7cff, 0x7cff, 0x7cff, 0x7cff, 
0x7cff, 0x7cff, 0x7cff, 0x7cff, 0x7cff, 0x7cff, 0x7cff, 0x7cff, 
0x7cff, 0x7cff, 0x7cff, 0x7cff, 0x7cff, 0x7cff, 0x7cff, 0x7cff, 
0x7cff, 0x7cff, 0x7cff, 0x7cff, 0x7cff, 0x7cff, 0x7cff, 0x7cff, 
0x7cff, 0x7cff, 0x7cff, 0x7cff, 0x7cff, 0x7cff, 0x7cff, 0x7cff, 
0x7cff, 0x7cff, 0x7cff, 0x7cff, 0x7cff, 0x7cff, 0x7cff, 0x7cff, 
0x7cff, 0x7cff, 0x7cff, 0x7cff, 0x7cff, 0x7cff, 0x7cff, 0x7cff, 
0xe2ff, 0xe2ff, 0xe2ff, 0xe2ff, 0xe2ff, 0xe2ff, 0xa2fb, 0x22f2, 
0x22f2, 0x22f3, 0x22f2, 0x22f2, 0x22f2, 0x22f2, 0x22f2, 0x22f2, 
0x22f2, 0x22f2, 0x22f2, 0x22f2, 0x22f2, 0x22f3, 0x22f3, 0x22f2, 
0x62f6, 0xe2ff, 0xe2ff, 0xe2ff, 0xe2ff, 0xb2fc, 0x22f2, 0x22f2, 
0x22f2, 0x22f2, 0x22f2, 0x22f2, 0x22f2, 0x22f2, 0x22f2, 0x22f2, 
0x22f2, 0x22f2, 0x22f2, 0x22f2, 0x22f2, 0x22f2, 0x22f2, 0x22f2, 
0x22f2, 0x22f2, 0x22f2, 0xe2ff, 0xe2ff, 0xe2ff, 0xe2ff, 0xe2ff, 
0xb0ff, 0xb0ff, 0xb0ff, 0xb0ff, 0xb0ff, 0xb0ff, 0xb0ff, 0xa0fe, 
0x42f4, 0x22f2, 0x22f3, 0x22f2, 0x22f2, 0x22f2, 0x22f2, 0x22f2, 
0x22f2, 0x22f2, 0x22f2, 0x22f2, 0x22f2, 0x22f3, 0x22f2, 0x22f2, 
0x81fb, 0xb0ff, 0xb0ff, 0xb0ff, 0xb0ff, 0xb0ff, 0xb0ff, 0xb0ff, 
0xb0ff, 0xb0ff, 0xb0ff, 0xb0ff, 0xb0ff, 0xb0ff, 0xb0ff, 0xb0ff, 
0x91fb, 0x22f2, 0x22f3, 0x22f2, 0x22f2, 0x22f2, 0x22f2, 0x32f3, 
0xa0fe, 0xb0ff, 0xb0ff, 0xb0ff, 0xb0ff, 0xb0ff, 0xb0ff, 0xb0ff, 
0x83ff, 0x83ff, 0x83ff, 0x83ff, 0x83ff, 0x83ff, 0x83ff, 0x83ff, 
0x83ff, 0x83ff, 0x83ff, 0x83ff, 0x83ff, 0x83ff, 0x83ff, 0x83ff, 
0x83ff, 0x83ff, 0x83ff, 0x83ff, 0x83ff, 0x83ff, 0x83ff, 0x83ff, 
0x83ff, 0x83ff, 0x83ff, 0x83ff, 0x83ff, 0x83ff, 0x83ff, 0x83ff, 
0x83ff, 0x83ff, 0x83ff, 0x83ff, 0x83ff, 0x83ff, 0x83ff, 0x83ff, 
0x83ff, 0x83ff, 0x83ff, 0x83ff, 0x83ff, 0x83ff, 0x83ff, 0x83ff, 
0x83ff, 0x83ff, 0x83ff, 0x83ff, 0x83ff, 0x83ff, 0x83ff, 0x83ff, 
0x7cff, 0x7cff, 0x7cff, 0x7cff, 0x7cff, 0x7cff, 0x7cff, 0x7cff, 
0x7cff, 0x7cff, 0x7cff, 0x7cff, 0x7cff, 0x7cff, 0x7cff, 0x7cff, 
0x7cff, 0x7cff, 0x7cff, 0x7cff, 0x7cff, 0x7cff, 0x7cff, 0x7cff, 
0x7cff, 0x7cff, 0x7cff, 0x7cff, 0x7cff, 0x7cff, 0x7cff, 0x7cff, 
0x7cff, 0x7cff, 0x7cff, 0x7cff, 0x7cff, 0x7cff, 0x7cff, 0x7cff, 
0x7cff, 0x7cff, 0x7cff, 0x7cff, 0x7cff, 0x7cff, 0x7cff, 0x7cff, 
0x7cff, 0x7cff, 0x7cff, 0x7cff, 0x7cff, 0x7cff, 0x7cff, 0x7cff, 
0xe2ff, 0xe2ff, 0xe2ff, 0xe2ff, 0xe2ff, 0xe2ff, 0xe2ff, 0xa2fa, 
0x32f3, 0x22f2, 0x22f2, 0x22f3, 0x22f2, 0x22f2, 0x22f2, 0x22f2, 
0x22f2, 0x22f2, 0x22f2, 0x22f3, 0x22f2, 0x22f2, 0x22f2, 0x72f7, 
0xe2ff, 0xe2ff, 0xe2ff, 0xe2ff, 0xe2ff, 0xb2fc, 0x22f2, 0x22f3, 
0x22f3, 0x22f3, 0x22f3, 0x22f3, 0x22f3, 0x22f3, 0x22f3, 0x22f3, 
0x22f3, 0x22f3, 0x22f3, 0x22f3, 0x22f3, 0x22f3, 0x22f3, 0x22f3, 
0x22f3, 0x22f3, 0x22f2, 0xe2ff, 0xe2ff, 0xe2ff, 0xe2ff, 0xe2ff, 
0xb0ff, 0xb0ff, 0xb0ff, 0xb0ff, 0xb0ff, 0xb0ff, 0xb0ff, 0xb0ff, 
0xa0fe, 0x42f5, 0x22f2, 0x22f2, 0x22f3, 0x22f2, 0x22f2, 0x22f2, 
0x22f2, 0x22f2, 0x22f2, 0x22f3, 0x22f2, 0x22f2, 0x22f3, 0x81fa, 
0xb0ff, 0xb0ff, 0xb0ff, 0xb0ff, 0xb0ff, 0xb0ff, 0xb0ff, 0xb0ff, 
0xb0ff, 0xb0ff, 0xb0ff, 0xb0ff, 0xb0ff, 0xb0ff, 0xb0ff, 0xb0ff, 
0x81fb, 0x22f2, 0x22f3, 0x22f3, 0x22f3, 0x22f3, 0x22f3, 0x32f3, 
0xa0fe, 0xb0ff, 0xb0ff, 0xb0ff, 0xb0ff, 0xb0ff, 0xb0ff, 0xb0ff, 
0x83ff, 0x83ff, 0x83ff, 0x83ff, 0x83ff, 0x83ff, 0x83ff, 0x83ff, 
0x83ff, 0x83ff, 0x83ff, 0x83ff, 0x83ff, 0x83ff, 0x83ff, 0x83ff, 
0x83ff, 0x83ff, 0x83ff, 0x83ff, 0x83ff, 0x83ff, 0x83ff, 0x83ff, 
0x83ff, 0x83ff, 0x83ff, 0x83ff, 0x83ff, 0x83ff, 0x83ff, 0x83ff, 
0x83ff, 0x83ff, 0x83ff, 0x83ff, 0x83ff, 0x83ff, 0x83ff, 0x83ff, 
0x83ff, 0x83ff, 0x83ff, 0x83ff, 0x83ff, 0x83ff, 0x83ff, 0x83ff, 
0x83ff, 0x83ff, 0x83ff, 0x83ff, 0x83ff, 0x83ff, 0x83ff, 0x83ff, 
0x7cff, 0x7cff, 0x7cff, 0x7cff, 0x7cff, 0x7cff, 0x7cff, 0x7cff, 
0x7cff, 0x7cff, 0x7cff, 0x7cff, 0x7cff, 0x7cff, 0x7cff, 0x7cff, 
0x7cff, 0x7cff, 0x7cff, 0x7cff, 0x7cff, 0x7cff, 0x7cff, 0x7cff, 
0x7cff, 0x7cff, 0x7cff, 0x7cff, 0x7cff, 0x7cff, 0x7cff, 0x7cff, 
0x7cff, 0x7cff, 0x7cff, 0x7cff, 0x7cff, 0x7cff, 0x7cff, 0x7cff, 
0x7cff, 0x7cff, 0x7cff, 0x7cff, 0x7cff, 0x7cff, 0x7cff, 0x7cff, 
0x7cff, 0x7cff, 0x7cff, 0x7cff, 0x7cff, 0x7cff, 0x7cff, 0x7cff, 
0xe2ff, 0xe2ff, 0xe2ff, 0xe2ff, 0xe2ff, 0xe2ff, 0xe2ff, 0xe2ff, 
0xc2fd, 0x62f7, 0x32f3, 0x22f2, 0x22f2, 0x22f2, 0x22f2, 0x22f2, 
0x22f2, 0x22f2, 0x22f2, 0x22f2, 0x22f2, 0x52f5, 0xa2fb, 0xe2ff, 
0xe2ff, 0xe2ff, 0xe2ff, 0xe2ff, 0xe2ff, 0xd2fe, 0x32f3, 0x22f2, 
0x22f2, 0x22f2, 0x22f2, 0x22f2, 0x22f2, 0x22f2, 0x22f2, 0x22f2, 
0x22f2, 0x22f2, 0x22f2, 0x22f2, 0x22f2, 0x22f2, 0x22f2, 0x22f2, 
0x22f2, 0x22f2, 0x62f6, 0xe2ff, 0xe2ff, 0xe2ff, 0xe2ff, 0xe2ff, 
0xb0ff, 0xb0ff, 0xb0ff, 0xb0ff, 0xb0ff, 0xb0ff, 0xb0ff, 0xb0ff, 
0xb0ff, 0xb0ff, 0x61f8, 0x32f3, 0x22f2, 0x22f2, 0x22f2, 0x22f2, 
0x22f2, 0x22f2, 0x22f2, 0x22f2, 0x22f3, 0x51f6, 0x90fd, 0xb0ff, 
0xb0ff, 0xb0ff, 0xb0ff, 0xb0ff, 0xb0ff, 0xb0ff, 0xb0ff, 0xb0ff, 
0xb0ff, 0xb0ff, 0xb0ff, 0xb0ff, 0xb0ff, 0xb0ff, 0xb0ff, 0xb0ff, 
0xa0fe, 0x32f3, 0x22f2, 0x22f2, 0x22f2, 0x22f2, 0x22f2, 0x42f5, 
0xb0ff, 0xb0ff, 0xb0ff, 0xb0ff, 0xb0ff, 0xb0ff, 0xb0ff, 0xb0ff, 
0x83ff, 0x83ff, 0x83ff, 0x83ff, 0x83ff, 0x83ff, 0x83ff, 0x83ff, 
0x83ff, 0x83ff, 0x83ff, 0x83ff, 0x83ff, 0x83ff, 0x83ff, 0x83ff, 
0x83ff, 0x83ff, 0x83ff, 0x83ff, 0x83ff, 0x83ff, 0x83ff, 0x83ff, 
0x83ff, 0x83ff, 0x83ff, 0x83ff, 0x83ff, 0x83ff, 0x83ff, 0x83ff, 
0x83ff, 0x83ff, 0x83ff, 0x83ff, 0x83ff, 0x83ff, 0x83ff, 0x83ff, 
0x83ff, 0x83ff, 0x83ff, 0x83ff, 0x83ff, 0x83ff, 0x83ff, 0x83ff, 
0x83ff, 0x83ff, 0x83ff, 0x83ff, 0x83ff, 0x83ff, 0x83ff, 0x83ff, 
0x7cff, 0x7cff, 0x7cff, 0x7cff, 0x7cff, 0x7cff, 0x7cff, 0x7cff, 
0x7cff, 0x7cff, 0x7cff, 0x7cff, 0x7cff, 0x7cff, 0x7cff, 0x7cff, 
0x7cff, 0x7cff, 0x7cff, 0x7cff, 0x7cff, 0x7cff, 0x7cff, 0x7cff, 
0x7cff, 0x7cff, 0x7cff, 0x7cff, 0x7cff, 0x7cff, 0x7cff, 0x7cff, 
0x7cff, 0x7cff, 0x7cff, 0x7cff, 0x7cff, 0x7cff, 0x7cff, 0x7cff, 
0x7cff, 0x7cff, 0x7cff, 0x7cff, 0x7cff, 0x7cff, 0x7cff, 0x7cff, 
0x7cff, 0x7cff, 0x7cff, 0x7cff, 0x7cff, 0x7cff, 0x7cff, 0x7cff, 
0xe2ff, 0xe2ff, 0xe2ff, 0xe2ff, 0xe2ff, 0xe2ff, 0xe2ff, 0xe2ff, 
0xe2ff, 0xe2ff, 0xc2fd, 0x82f9, 0x52f5, 0x32f3, 0x22f2, 0x22f2, 
0x22f2, 0x32f3, 0x42f5, 0x72f8, 0xb2fc, 0xe2ff, 0xe2ff, 0xe2ff, 
0xe2ff, 0xe2ff, 0xe2ff, 0xe2ff, 0xe2ff, 0xe2ff, 0xc2fc, 0x62f7, 
0x62f6, 0x62f6, 0x62f6, 0x62f6, 0x62f6, 0x62f6, 0x62f6, 0x62f6, 
0x62f6, 0x62f6, 0x62f6, 0x62f6, 0x62f6, 0x62f6, 0x62f6, 0x62f6, 
0x62f6, 0x72f8, 0xd2fe, 0xe2ff, 0xe2ff, 0xe2ff, 0xe2ff, 0xe2ff, 
0xb0ff, 0xb0ff, 0xb0ff, 0xb0ff, 0xb0ff, 0xb0ff, 0xb0ff, 0xb0ff, 
0xb0ff, 0xb0ff, 0xb0ff, 0xa0fd, 0x71f9, 0x42f5, 0x32f3, 0x22f2, 
0x22f2, 0x22f3, 0x42f4, 0x61f8, 0x90fc, 0xb0ff, 0xb0ff, 0xb0ff, 
0xb0ff, 0xb0ff, 0xb0ff, 0xb0ff, 0xb0ff, 0xb0ff, 0xb0ff, 0xb0ff, 
0xb0ff, 0xb0ff, 0xb0ff, 0xb0ff, 0xb0ff, 0xb0ff, 0xb0ff, 0xb0ff, 
0xb0ff, 0x91fc, 0x51f7, 0x51f6, 0x51f6, 0x51f6, 0x61f7, 0xa0fd, 
0xb0ff, 0xb0ff, 0xb0ff, 0xb0ff, 0xb0ff, 0xb0ff, 0xb0ff, 0xb0ff, 
0x83ff, 0x83ff, 0x83ff, 0x83ff, 0x83ff, 0x83ff, 0x83ff, 0x83ff, 
0x83ff, 0x83ff, 0x83ff, 0x83ff, 0x83ff, 0x83ff, 0x83ff, 0x83ff, 
0x83ff, 0x83ff, 0x83ff, 0x83ff, 0x83ff, 0x83ff, 0x83ff, 0x83ff, 
0x83ff, 0x83ff, 0x83ff, 0x83ff, 0x83ff, 0x83ff, 0x83ff, 0x83ff, 
0x83ff, 0x83ff, 0x83ff, 0x83ff, 0x83ff, 0x83ff, 0x83ff, 0x83ff, 
0x83ff, 0x83ff, 0x83ff, 0x83ff, 0x83ff, 0x83ff, 0x83ff, 0x83ff, 
0x83ff, 0x83ff, 0x83ff, 0x83ff, 0x83ff, 0x83ff, 0x83ff, 0x83ff, 
0x7cff, 0x7cff, 0x7cff, 0x7cff, 0x7cff, 0x7cff, 0x7cff, 0x7cff, 
0x7cff, 0x7cff, 0x7cff, 0x7cff, 0x7cff, 0x7cff, 0x7cff, 0x7cff, 
0x7cff, 0x7cff, 0x7cff, 0x7cff, 0x7cff, 0x7cff, 0x7cff, 0x7cff, 
0x7cff, 0x7cff, 0x7cff, 0x7cff, 0x7cff, 0x7cff, 0x7cff, 0x7cff, 
0x7cff, 0x7cff, 0x7cff, 0x7cff, 0x7cff, 0x7cff, 0x7cff, 0x7cff, 
0x7cff, 0x7cff, 0x7cff, 0x7cff, 0x7cff, 0x7cff, 0x7cff, 0x7cff, 
0x7cff, 0x7cff, 0x7cff, 0x7cff, 0x7cff, 0x7cff, 0x7cff, 0x7cff, 
0xe2ff, 0xe2ff, 0xe2ff, 0xe2ff, 0xe2ff, 0xe2ff, 0xe2ff, 0xe2ff, 
0xe2ff, 0xe2ff, 0xe2ff, 0xe2ff, 0xe2ff, 0xe2ff, 0xe2ff, 0xe2ff, 
0xe2ff, 0xe2ff, 0xe2ff, 0xe2ff, 0xe2ff, 0xe2ff, 0xe2ff, 0xe2ff, 
0xe2ff, 0xe2ff, 0xe2ff, 0xe2ff, 0xe2ff, 0xe2ff, 0xe2ff, 0xe2ff, 
0xe2ff, 0xe2ff, 0xe2ff, 0xe2ff, 0xe2ff, 0xe2ff, 0xe2ff, 0xe2ff, 
0xe2ff, 0xe2ff, 0xe2ff, 0xe2ff, 0xe2ff, 0xe2ff, 0xe2ff, 0xe2ff, 
0xe2ff, 0xe2ff, 0xe2ff, 0xe2ff, 0xe2ff, 0xe2ff, 0xe2ff, 0xe2ff, 
0xb0ff, 0xb0ff, 0xb0ff, 0xb0ff, 0xb0ff, 0xb0ff, 0xb0ff, 0xb0ff, 
0xb0ff, 0xb0ff, 0xb0ff, 0xb0ff, 0xb0ff, 0xb0ff, 0xb0ff, 0xb0ff, 
0xb0ff, 0xb0ff, 0xb0ff, 0xb0ff, 0xb0ff, 0xb0ff, 0xb0ff, 0xb0ff, 
0xb0ff, 0xb0ff, 0xb0ff, 0xb0ff, 0xb0ff, 0xb0ff, 0xb0ff, 0xb0ff, 
0xb0ff, 0xb0ff, 0xb0ff, 0xb0ff, 0xb0ff, 0xb0ff, 0xb0ff, 0xb0ff, 
0xb0ff, 0xb0ff, 0xb0ff, 0xb0ff, 0xb0ff, 0xb0ff, 0xb0ff, 0xb0ff, 
0xb0ff, 0xb0ff, 0xb0ff, 0xb0ff, 0xb0ff, 0xb0ff, 0xb0ff, 0xb0ff, 
0x83ff, 0x83ff, 0x83ff, 0x83ff, 0x83ff, 0x83ff, 0x83ff, 0x83ff, 
0x83ff, 0x83ff, 0x83ff, 0x83ff, 0x83ff, 0x83ff, 0x83ff, 0x83ff, 
0x83ff, 0x83ff, 0x83ff, 0x83ff, 0x83ff, 0x83ff, 0x83ff, 0x83ff, 
0x83ff, 0x83ff, 0x83ff, 0x83ff, 0x83ff, 0x83ff, 0x83ff, 0x83ff, 
0x83ff, 0x83ff, 0x83ff, 0x83ff, 0x83ff, 0x83ff, 0x83ff, 0x83ff, 
0x83ff, 0x83ff, 0x83ff, 0x83ff, 0x83ff, 0x83ff, 0x83ff, 0x83ff, 
0x83ff, 0x83ff, 0x83ff, 0x83ff, 0x83ff, 0x83ff, 0x83ff, 0x83ff, 
0x7cff, 0x7cff, 0x7cff, 0x7cff, 0x7cff, 0x7cff, 0x7cff, 0x7cff, 
0x7cff, 0x7cff, 0x7cff, 0x7cff, 0x7cff, 0x7cff, 0x7cff, 0x7cff, 
0x7cff, 0x7cff, 0x7cff, 0x7cff, 0x7cff, 0x7cff, 0x7cff, 0x7cff, 
0x7cff, 0x7cff, 0x7cff, 0x7cff, 0x7cff, 0x7cff, 0x7cff, 0x7cff, 
0x7cff, 0x7cff, 0x7cff, 0x7cff, 0x7cff, 0x7cff, 0x7cff, 0x7cff, 
0x7cff, 0x7cff, 0x7cff, 0x7cff, 0x7cff, 0x7cff, 0x7cff, 0x7cff, 
0x7cff, 0x7cff, 0x7cff, 0x7cff, 0x7cff, 0x7cff, 0x7cff, 0x7cff, 
0xe2ff, 0xe2ff, 0xe2ff, 0xe2ff, 0xe2ff, 0xe2ff, 0xe2ff, 0xe2ff, 
0xe2ff, 0xe2ff, 0xe2ff, 0xe2ff, 0xe2ff, 0xe2ff, 0xe2ff, 0xe2ff, 
0xe2ff, 0xe2ff, 0xe2ff, 0xe2ff, 0xe2ff, 0xe2ff, 0xe2ff, 0xe2ff, 
0xe2ff, 0xe2ff, 0xe2ff, 0xe2ff, 0xe2ff, 0xe2ff, 0xe2ff, 0xe2ff, 
0xe2ff, 0xe2ff, 0xe2ff, 0xe2ff, 0xe2ff, 0xe2ff, 0xe2ff, 0xe2ff, 
0xe2ff, 0xe2ff, 0xe2ff, 0xe2ff, 0xe2ff, 0xe2ff, 0xe2ff, 0xe2ff, 
0xe2ff, 0xe2ff, 0xe2ff, 0xe2ff, 0xe2ff, 0xe2ff, 0xe2ff, 0xe2ff, 
0xb0ff, 0xb0ff, 0xb0ff, 0xb0ff, 0xb0ff, 0xb0ff, 0xb0ff, 0xb0ff, 
0xb0ff, 0xb0ff, 0xb0ff, 0xb0ff, 0xb0ff, 0xb0ff, 0xb0ff, 0xb0ff, 
0xb0ff, 0xb0ff, 0xb0ff, 0xb0ff, 0xb0ff, 0xb0ff, 0xb0ff, 0xb0ff, 
0xb0ff, 0xb0ff, 0xb0ff, 0xb0ff, 0xb0ff, 0xb0ff, 0xb0ff, 0xb0ff, 
0xb0ff, 0xb0ff, 0xb0ff, 0xb0ff, 0xb0ff, 0xb0ff, 0xb0ff, 0xb0ff, 
0xb0ff, 0xb0ff, 0xb0ff, 0xb0ff, 0xb0ff, 0xb0ff, 0xb0ff, 0xb0ff, 
0xb0ff, 0xb0ff, 0xb0ff, 0xb0ff, 0xb0ff, 0xb0ff, 0xb0ff, 0xb0ff, 
0x83ff, 0x83ff, 0x83ff, 0x83ff, 0x83ff, 0x83ff, 0x83ff, 0x83ff, 
0x83ff, 0x83ff, 0x83ff, 0x83ff, 0x83ff, 0x83ff, 0x83ff, 0x83ff, 
0x83ff, 0x83ff, 0x83ff, 0x83ff, 0x83ff, 0x83ff, 0x83ff, 0x83ff, 
0x83ff, 0x83ff, 0x83ff, 0x83ff, 0x83ff, 0x83ff, 0x83ff, 0x83ff, 
0x83ff, 0x83ff, 0x83ff, 0x83ff, 0x83ff, 0x83ff, 0x83ff, 0x83ff, 
0x83ff, 0x83ff, 0x83ff, 0x83ff, 0x83ff, 0x83ff, 0x83ff, 0x83ff, 
0x83ff, 0x83ff, 0x83ff, 0x83ff, 0x83ff, 0x83ff, 0x83ff, 0x83ff, 
0x7cff, 0x7cff, 0x7cff, 0x7cff, 0x7cff, 0x7cff, 0x7cff, 0x7cff, 
0x7cff, 0x7cff, 0x7cff, 0x7cff, 0x7cff, 0x7cff, 0x7cff, 0x7cff, 
0x7cff, 0x7cff, 0x7cff, 0x7cff, 0x7cff, 0x7cff, 0x7cff, 0x7cff, 
0x7cff, 0x7cff, 0x7cff, 0x7cff, 0x7cff, 0x7cff, 0x7cff, 0x7cff, 
0x7cff, 0x7cff, 0x7cff, 0x7cff, 0x7cff, 0x7cff, 0x7cff, 0x7cff, 
0x7cff, 0x7cff, 0x7cff, 0x7cff, 0x7cff, 0x7cff, 0x7cff, 0x7cff, 
0x7cff, 0x7cff, 0x7cff, 0x7cff, 0x7cff, 0x7cff, 0x7cff, 0x7cff, 
0xe2ff, 0xe2ff, 0xe2ff, 0xe2ff, 0xe2ff, 0xe2ff, 0xe2ff, 0xe2ff, 
0xe2ff, 0xe2ff, 0xe2ff, 0xe2ff, 0xe2ff, 0xe2ff, 0xe2ff, 0xe2ff, 
0xe2ff, 0xe2ff, 0xe2ff, 0xe2ff, 0xe2ff, 0xe2ff, 0xe2ff, 0xe2ff, 
0xe2ff, 0xe2ff, 0xe2ff, 0xe2ff, 0xe2ff, 0xe2ff, 0xe2ff, 0xe2ff, 
0xe2ff, 0xe2ff, 0xe2ff, 0xe2ff, 0xe2ff, 0xe2ff, 0xe2ff, 0xe2ff, 
0xe2ff, 0xe2ff, 0xe2ff, 0xe2ff, 0xe2ff, 0xe2ff, 0xe2ff, 0xe2ff, 
0xe2ff, 0xe2ff, 0xe2ff, 0xe2ff, 0xe2ff, 0xe2ff, 0xe2ff, 0xe2ff, 
0xb0ff, 0xb0ff, 0xb0ff, 0xb0ff, 0xb0ff, 0xb0ff, 0xb0ff, 0xb0ff, 
0xb0ff, 0xb0ff, 0xb0ff, 0xb0ff, 0xb0ff, 0xb0ff, 0xb0ff, 0xb0ff, 
0xb0ff, 0xb0ff, 0xb0ff, 0xb0ff, 0xb0ff, 0xb0ff, 0xb0ff, 0xb0ff, 
0xb0ff, 0xb0ff, 0xb0ff, 0xb0ff, 0xb0ff, 0xb0ff, 0xb0ff, 0xb0ff, 
0xb0ff, 0xb0ff, 0xb0ff, 0xb0ff, 0xb0ff, 0xb0ff, 0xb0ff, 0xb0ff, 
0xb0ff, 0xb0ff, 0xb0ff, 0xb0ff, 0xb0ff, 0xb0ff, 0xb0ff, 0xb0ff, 
0xb0ff, 0xb0ff, 0xb0ff, 0xb0ff, 0xb0ff, 0xb0ff, 0xb0ff, 0xb0ff, 
0x83ff, 0x83ff, 0x83ff, 0x83ff, 0x83ff, 0x83ff, 0x83ff, 0x83ff, 
0x83ff, 0x83ff, 0x83ff, 0x83ff, 0x83ff, 0x83ff, 0x83ff, 0x83ff, 
0x83ff, 0x83ff, 0x83ff, 0x83ff, 0x83ff, 0x83ff, 0x83ff, 0x83ff, 
0x83ff, 0x83ff, 0x83ff, 0x83ff, 0x83ff, 0x83ff, 0x83ff, 0x83ff, 
0x83ff, 0x83ff, 0x83ff, 0x83ff, 0x83ff, 0x83ff, 0x83ff, 0x83ff, 
0x83ff, 0x83ff, 0x83ff, 0x83ff, 0x83ff, 0x83ff, 0x83ff, 0x83ff, 
0x83ff, 0x83ff, 0x83ff, 0x83ff, 0x83ff, 0x83ff, 0x83ff, 0x83ff, 
0x7cff, 0x7cff, 0x7cff, 0x7cff, 0x7cff, 0x7cff, 0x7cff, 0x7cff, 
0x7cff, 0x7cff, 0x7cff, 0x7cff, 0x7cff, 0x7cff, 0x7cff, 0x7cff, 
0x7cff, 0x7cff, 0x7cff, 0x7cff, 0x7cff, 0x7cff, 0x7cff, 0x7cff, 
0x7cff, 0x7cff, 0x7cff, 0x7cff, 0x7cff, 0x7cff, 0x7cff, 0x7cff, 
0x7cff, 0x7cff, 0x7cff, 0x7cff, 0x7cff, 0x7cff, 0x7cff, 0x7cff, 
0x7cff, 0x7cff, 0x7cff, 0x7cff, 0x7cff, 0x7cff, 0x7cff, 0x7cff, 
0x7cff, 0x7cff, 0x7cff, 0x7cff, 0x7cff, 0x7cff, 0x7cff, 0x7cff, 
0xe2ff, 0xe2ff, 0xe2ff, 0xe2ff, 0xe2ff, 0xe2ff, 0xe2ff, 0xe2ff, 
0xe2ff, 0xe2ff, 0xe2ff, 0xe2ff, 0xe2ff, 0xe2ff, 0xe2ff, 0xe2ff, 
0xe2ff, 0xe2ff, 0xe2ff, 0xe2ff, 0xe2ff, 0xe2ff, 0xe2ff, 0xe2ff, 
0xe2ff, 0xe2ff, 0xe2ff, 0xe2ff, 0xe2ff, 0xe2ff, 0xe2ff, 0xe2ff, 
0xe2ff, 0xe2ff, 0xe2ff, 0xe2ff, 0xe2ff, 0xe2ff, 0xe2ff, 0xe2ff, 
0xe2ff, 0xe2ff, 0xe2ff, 0xe2ff, 0xe2ff, 0xe2ff, 0xe2ff, 0xe2ff, 
0xe2ff, 0xe2ff, 0xe2ff, 0xe2ff, 0xe2ff, 0xe2ff, 0xe2ff, 0xe2ff, 
0xb0ff, 0xb0ff, 0xb0ff, 0xb0ff, 0xb0ff, 0xb0ff, 0xb0ff, 0xb0ff, 
0xb0ff, 0xb0ff, 0xb0ff, 0xb0ff, 0xb0ff, 0xb0ff, 0xb0ff, 0xb0ff, 
0xb0ff, 0xb0ff, 0xb0ff, 0xb0ff, 0xb0ff, 0xb0ff, 0xb0ff, 0xb0ff, 
0xb0ff, 0xb0ff, 0xb0ff, 0xb0ff, 0xb0ff, 0xb0ff, 0xb0ff, 0xb0ff, 
0xb0ff, 0xb0ff, 0xb0ff, 0xb0ff, 0xb0ff, 0xb0ff, 0xb0ff, 0xb0ff, 
0xb0ff, 0xb0ff, 0xb0ff, 0xb0ff, 0xb0ff, 0xb0ff, 0xb0ff, 0xb0ff, 
0xb0ff, 0xb0ff, 0xb0ff, 0xb0ff, 0xb0ff, 0xb0ff, 0xb0ff, 0xb0ff, 
0x83ff, 0x83ff, 0x83ff, 0x83ff, 0x83ff, 0x83ff, 0x83ff, 0x83ff, 
0x83ff, 0x83ff, 0x83ff, 0x83ff, 0x83ff, 0x83ff, 0x83ff, 0x83ff, 
0x83ff, 0x83ff, 0x83ff, 0x83ff, 0x83ff, 0x83ff, 0x83ff, 0x83ff, 
0x83ff, 0x83ff, 0x83ff, 0x83ff, 0x83ff, 0x83ff, 0x83ff, 0x83ff, 
0x83ff, 0x83ff, 0x83ff, 0x83ff, 0x83ff, 0x83ff, 0x83ff, 0x83ff, 
0x83ff, 0x83ff, 0x83ff, 0x83ff, 0x83ff, 0x83ff, 0x83ff, 0x83ff, 
0x83ff, 0x83ff, 0x83ff, 0x83ff, 0x83ff, 0x83ff, 0x83ff, 0x83ff, 
0x7cff, 0x7cff, 0x7cff, 0x7cff, 0x7cff, 0x7cff, 0x7cff, 0x7cff, 
0x7cff, 0x7cff, 0x7cff, 0x7cff, 0x7cff, 0x7cff, 0x7cff, 0x7cff, 
0x7cff, 0x7cff, 0x7cff, 0x7cff, 0x7cff, 0x7cff, 0x7cff, 0x7cff, 
0x7cff, 0x7cff, 0x7cff, 0x7cff, 0x7cff, 0x7cff, 0x7cff, 0x7cff, 
0x7cff, 0x7cff, 0x7cff, 0x7cff, 0x7cff, 0x7cff, 0x7cff, 0x7cff, 
0x7cff, 0x7cff, 0x7cff, 0x7cff, 0x7cff, 0x7cff, 0x7cff, 0x7cff, 
0x7cff, 0x7cff, 0x7cff, 0x7cff, 0x7cff, 0x7cff, 0x7cff, 0x7cff, 
0xe2ff, 0xe2ff, 0xe2ff, 0xe2ff, 0xe2ff, 0xe2ff, 0xe2ff, 0xe2ff, 
0xe2ff, 0xe2ff, 0xe2ff, 0xe2ff, 0xe2ff, 0xe2ff, 0xe2ff, 0xe2ff, 
0xe2ff, 0xe2ff, 0xe2ff, 0xe2ff, 0xe2ff, 0xe2ff, 0xe2ff, 0xe2ff, 
0xe2ff, 0xe2ff, 0xe2ff, 0xe2ff, 0xe2ff, 0xe2ff, 0xe2ff, 0xe2ff, 
0xe2ff, 0xe2ff, 0xe2ff, 0xe2ff, 0xe2ff, 0xe2ff, 0xe2ff, 0xe2ff, 
0xe2ff, 0xe2ff, 0xe2ff, 0xe2ff, 0xe2ff, 0xe2ff, 0xe2ff, 0xe2ff, 
0xe2ff, 0xe2ff, 0xe2ff, 0xe2ff, 0xe2ff, 0xe2ff, 0xe2ff, 0xe2ff, 
0xb0ff, 0xb0ff, 0xb0ff, 0xb0ff, 0xb0ff, 0xb0ff, 0xb0ff, 0xb0ff, 
0xb0ff, 0xb0ff, 0xb0ff, 0xb0ff, 0xb0ff, 0xb0ff, 0xb0ff, 0xb0ff, 
0xb0ff, 0xb0ff, 0xb0ff, 0xb0ff, 0xb0ff, 0xb0ff, 0xb0ff, 0xb0ff, 
0xb0ff, 0xb0ff, 0xb0ff, 0xb0ff, 0xb0ff, 0xb0ff, 0xb0ff, 0xb0ff, 
0xb0ff, 0xb0ff, 0xb0ff, 0xb0ff, 0xb0ff, 0xb0ff, 0xb0ff, 0xb0ff, 
0xb0ff, 0xb0ff, 0xb0ff, 0xb0ff, 0xb0ff, 0xb0ff, 0xb0ff, 0xb0ff, 
0xb0ff, 0xb0ff, 0xb0ff, 0xb0ff, 0xb0ff, 0xb0ff, 0xb0ff, 0xb0ff, 
0x83ff, 0x83ff, 0x83ff, 0x83ff, 0x83ff, 0x83ff, 0x83ff, 0x83ff, 
0x83ff, 0x83ff, 0x83ff, 0x83ff, 0x83ff, 0x83ff, 0x83ff, 0x83ff, 
0x83ff, 0x83ff, 0x83ff, 0x83ff, 0x83ff, 0x83ff, 0x83ff, 0x83ff, 
0x83ff, 0x83ff, 0x83ff, 0x83ff, 0x83ff, 0x83ff, 0x83ff, 0x83ff, 
0x83ff, 0x83ff, 0x83ff, 0x83ff, 0x83ff, 0x83ff, 0x83ff, 0x83ff, 
0x83ff, 0x83ff, 0x83ff, 0x83ff, 0x83ff, 0x83ff, 0x83ff, 0x83ff, 
0x83ff, 0x83ff, 0x83ff, 0x83ff, 0x83ff, 0x83ff, 0x83ff, 0x83ff, 
0x7cff, 0x7cff, 0x7cff, 0x7cff, 0x7cff, 0x7cff, 0x7cff, 0x7cff, 
0x7cff, 0x7cff, 0x7cff, 0x7cff, 0x7cff, 0x7cff, 0x7cff, 0x7cff, 
0x7cff, 0x7cff, 0x7cff, 0x7cff, 0x7cff, 0x7cff, 0x7cff, 0x7cff, 
0x7cff, 0x7cff, 0x7cff, 0x7cff, 0x7cff, 0x7cff, 0x7cff, 0x7cff, 
0x7cff, 0x7cff, 0x7cff, 0x7cff, 0x7cff, 0x7cff, 0x7cff, 0x7cff, 
0x7cff, 0x7cff, 0x7cff, 0x7cff, 0x7cff, 0x7cff, 0x7cff, 0x7cff, 
0x7cff, 0x7cff, 0x7cff, 0x7cff, 0x7cff, 0x7cff, 0x7cff, 0x7cff, 
0xe2ff, 0xe2ff, 0xe2ff, 0xe2ff, 0xe2ff, 0xe2ff, 0xe2ff, 0xe2ff, 
0xe2ff, 0xe2ff, 0xe2ff, 0xe2ff, 0xe2ff, 0xe2ff, 0xe2ff, 0xe2ff, 
0xe2ff, 0xe2ff, 0xe2ff, 0xe2ff, 0xe2ff, 0xe2ff, 0xe2ff, 0xe2ff, 
0xe2ff, 0xe2ff, 0xe2ff, 0xe2ff, 0xe2ff, 0xe2ff, 0xe2ff, 0xe2ff, 
0xe2ff, 0xe2ff, 0xe2ff, 0xe2ff, 0xe2ff, 0xe2ff, 0xe2ff, 0xe2ff, 
0xe2ff, 0xe2ff, 0xe2ff, 0xe2ff, 0xe2ff, 0xe2ff, 0xe2ff, 0xe2ff, 
0xe2ff, 0xe2ff, 0xe2ff, 0xe2ff, 0xe2ff, 0xe2ff, 0xe2ff, 0xe2ff, 
0xb0ff, 0xb0ff, 0xb0ff, 0xb0ff, 0xb0ff, 0xb0ff, 0xb0ff, 0xb0ff, 
0xb0ff, 0xb0ff, 0xb0ff, 0xb0ff, 0xb0ff, 0xb0ff, 0xb0ff, 0xb0ff, 
0xb0ff, 0xb0ff, 0xb0ff, 0xb0ff, 0xb0ff, 0xb0ff, 0xb0ff, 0xb0ff, 
0xb0ff, 0xb0ff, 0xb0ff, 0xb0ff, 0xb0ff, 0xb0ff, 0xb0ff, 0xb0ff, 
0xb0ff, 0xb0ff, 0xb0ff, 0xb0ff, 0xb0ff, 0xb0ff, 0xb0ff, 0xb0ff, 
0xb0ff, 0xb0ff, 0xb0ff, 0xb0ff, 0xb0ff, 0xb0ff, 0xb0ff, 0xb0ff, 
0xb0ff, 0xb0ff, 0xb0ff, 0xb0ff, 0xb0ff, 0xb0ff, 0xb0ff, 0xb0ff, 
0x83ff, 0x83ff, 0x83ff, 0x83ff, 0x83ff, 0x83ff, 0x83ff, 0x83ff, 
0x83ff, 0x83ff, 0x83ff, 0x83ff, 0x83ff, 0x83ff, 0x83ff, 0x83ff, 
0x83ff, 0x83ff, 0x83ff, 0x83ff, 0x83ff, 0x83ff, 0x83ff, 0x83ff, 
0x83ff, 0x83ff, 0x83ff, 0x83ff, 0x83ff, 0x83ff, 0x83ff, 0x83ff, 
0x83ff, 0x83ff, 0x83ff, 0x83ff, 0x83ff, 0x83ff, 0x83ff, 0x83ff, 
0x83ff, 0x83ff, 0x83ff, 0x83ff, 0x83ff, 0x83ff, 0x83ff, 0x83ff, 
0x83ff, 0x83ff, 0x83ff, 0x83ff, 0x83ff, 0x83ff, 0x83ff, 0x83ff, 
0x7cff, 0x7cff, 0x7cff, 0x7cff, 0x7cff, 0x7cff, 0x7cff, 0x7cff, 
0x7cff, 0x7cff, 0x7cff, 0x7cff, 0x7cff, 0x7cff, 0x7cff, 0x7cff, 
0x7cff, 0x7cff, 0x7cff, 0x7cff, 0x7cff, 0x7cff, 0x7cff, 0x7cff, 
0x7cff, 0x7cff, 0x7cff, 0x7cff, 0x7cff, 0x7cff, 0x7cff, 0x7cff, 
0x7cff, 0x7cff, 0x7cff, 0x7cff, 0x7cff, 0x7cff, 0x7cff, 0x7cff, 
0x7cff, 0x7cff, 0x7cff, 0x7cff, 0x7cff, 0x7cff, 0x7cff, 0x7cff, 
0x7cff, 0x7cff, 0x7cff, 0x7cff, 0x7cff, 0x7cff, 0x7cff, 0x7cff, 
0xe2ff, 0xe2ff, 0xe2ff, 0xe2ff, 0xe2ff, 0xe2ff, 0xe2ff, 0xe2ff, 
0xe2ff, 0xe2ff, 0xe2ff, 0xe2ff, 0xe2ff, 0xe2ff, 0xe2ff, 0xe2ff, 
0xe2ff, 0xe2ff, 0xe2ff, 0xe2ff, 0xe2ff, 0xe2ff, 0xe2ff, 0xe2ff, 
0xe2ff, 0xe2ff, 0xe2ff, 0xe2ff, 0xe2ff, 0xe2ff, 0xe2ff, 0xe2ff, 
0xe2ff, 0xe2ff, 0xe2ff, 0xe2ff, 0xe2ff, 0xe2ff, 0xe2ff, 0xe2ff, 
0xe2ff, 0xe2ff, 0xe2ff, 0xe2ff, 0xe2ff, 0xe2ff, 0xe2ff, 0xe2ff, 
0xe2ff, 0xe2ff, 0xe2ff, 0xe2ff, 0xe2ff, 0xe2ff, 0xe2ff, 0xe2ff, 
0xb0ff, 0xb0ff, 0xb0ff, 0xb0ff, 0xb0ff, 0xb0ff, 0xb0ff, 0xb0ff, 
0xb0ff, 0xb0ff, 0xb0ff, 0xb0ff, 0xb0ff, 0xb0ff, 0xb0ff, 0xb0ff, 
0xb0ff, 0xb0ff, 0xb0ff, 0xb0ff, 0xb0ff, 0xb0ff, 0xb0ff, 0xb0ff, 
0xb0ff, 0xb0ff, 0xb0ff, 0xb0ff, 0xb0ff, 0xb0ff, 0xb0ff, 0xb0ff, 
0xb0ff, 0xb0ff, 0xb0ff, 0xb0ff, 0xb0ff, 0xb0ff, 0xb0ff, 0xb0ff, 
0xb0ff, 0xb0ff, 0xb0ff, 0xb0ff, 0xb0ff, 0xb0ff, 0xb0ff, 0xb0ff, 
0xb0ff, 0xb0ff, 0xb0ff, 0xb0ff, 0xb0ff, 0xb0ff, 0xb0ff, 0xb0ff, 
0x83ff, 0x83ff, 0x83ff, 0x83ff, 0x83ff, 0x83ff, 0x83ff, 0x83ff, 
0x83ff, 0x83ff, 0x83ff, 0x83ff, 0x83ff, 0x83ff, 0x83ff, 0x83ff, 
0x83ff, 0x83ff, 0x83ff, 0x83ff, 0x83ff, 0x83ff, 0x83ff, 0x83ff, 
0x83ff, 0x83ff, 0x83ff, 0x83ff, 0x83ff, 0x83ff, 0x83ff, 0x83ff, 
0x83ff, 0x83ff, 0x83ff, 0x83ff, 0x83ff, 0x83ff, 0x83ff, 0x83ff, 
0x83ff, 0x83ff, 0x83ff, 0x83ff, 0x83ff, 0x83ff, 0x83ff, 0x83ff, 
0x83ff, 0x83ff, 0x83ff, 0x83ff, 0x83ff, 0x83ff, 0x83ff, 0x83ff, 
0x7cff, 0x7cff, 0x7cff, 0x7cff, 0x7cff, 0x7cff, 0x7cff, 0x7cff, 
0x7cff, 0x7cff, 0x7cff, 0x7cff, 0x7cff, 0x7cff, 0x7cff, 0x7cff, 
0x7cff, 0x7cff, 0x7cff, 0x7cff, 0x7cff, 0x7cff, 0x7cff, 0x7cff, 
0x7cff, 0x7cff, 0x7cff, 0x7cff, 0x7cff, 0x7cff, 0x7cff, 0x7cff, 
0x7cff, 0x7cff, 0x7cff, 0x7cff, 0x7cff, 0x7cff, 0x7cff, 0x7cff, 
0x7cff, 0x7cff, 0x7cff, 0x7cff, 0x7cff, 0x7cff, 0x7cff, 0x7cff, 
0x7cff, 0x7cff, 0x7cff, 0x7cff, 0x7cff, 0x7cff, 0x7cff, 0x7cff, 
0xe2ff, 0xe2ff, 0xe2ff, 0xe2ff, 0xe2ff, 0xe2ff, 0xe2ff, 0xe2ff, 
0xe2ff, 0xe2ff, 0xe2ff, 0xe2ff, 0xe2ff, 0xe2ff, 0xe2ff, 0xe2ff, 
0xe2ff, 0xe2ff, 0xe2ff, 0xe2ff, 0xe2ff, 0xe2ff, 0xe2ff, 0xe2ff, 
0xe2ff, 0xe2ff, 0xe2ff, 0xe2ff, 0xe2ff, 0xe2ff, 0xe2ff, 0xe2ff, 
0xe2ff, 0xe2ff, 0xe2ff, 0xe2ff, 0xe2ff, 0xe2ff, 0xe2ff, 0xe2ff, 
0xe2ff, 0xe2ff, 0xe2ff, 0xe2ff, 0xe2ff, 0xe2ff, 0xe2ff, 0xe2ff, 
0xe2ff, 0xe2ff, 0xe2ff, 0xe2ff, 0xe2ff, 0xe2ff, 0xe2ff, 0xe2ff, 
0xb0ff, 0xb0ff, 0xb0ff, 0xb0ff, 0xb0ff, 0xb0ff, 0xb0ff, 0xb0ff, 
0xb0ff, 0xb0ff, 0xb0ff, 0xb0ff, 0xb0ff, 0xb0ff, 0xb0ff, 0xb0ff, 
0xb0ff, 0xb0ff, 0xb0ff, 0xb0ff, 0xb0ff, 0xb0ff, 0xb0ff, 0xb0ff, 
0xb0ff, 0xb0ff, 0xb0ff, 0xb0ff, 0xb0ff, 0xb0ff, 0xb0ff, 0xb0ff, 
0xb0ff, 0xb0ff, 0xb0ff, 0xb0ff, 0xb0ff, 0xb0ff, 0xb0ff, 0xb0ff, 
0xb0ff, 0xb0ff, 0xb0ff, 0xb0ff, 0xb0ff, 0xb0ff, 0xb0ff, 0xb0ff, 
0xb0ff, 0xb0ff, 0xb0ff, 0xb0ff, 0xb0ff, 0xb0ff, 0xb0ff, 0xb0ff, 
0x83ff, 0x83ff, 0x83ff, 0x83ff, 0x83ff, 0x83ff, 0x83ff, 0x83ff, 
0x83ff, 0x83ff, 0x83ff, 0x83ff, 0x83ff, 0x83ff, 0x83ff, 0x83ff, 
0x83ff, 0x83ff, 0x83ff, 0x83ff, 0x83ff, 0x83ff, 0x83ff, 0x83ff, 
0x83ff, 0x83ff, 0x83ff, 0x83ff, 0x83ff, 0x83ff, 0x83ff, 0x83ff, 
0x83ff, 0x83ff, 0x83ff, 0x83ff, 0x83ff, 0x83ff, 0x83ff, 0x83ff, 
0x83ff, 0x83ff, 0x83ff, 0x83ff, 0x83ff, 0x83ff, 0x83ff, 0x83ff, 
0x83ff, 0x83ff, 0x83ff, 0x83ff, 0x83ff, 0x83ff, 0x83ff, 0x83ff, 
0x7cff, 0x7cff, 0x7cff, 0x7cff, 0x7cff, 0x7cff, 0x7cff, 0x7cff, 
0x7cff, 0x7cff, 0x7cff, 0x7cff, 0x7cff, 0x7cff, 0x7cff, 0x7cff, 
0x7cff, 0x7cff, 0x7cff, 0x7cff, 0x7cff, 0x7cff, 0x7cff, 0x7cff, 
0x7cff, 0x7cff, 0x7cff, 0x7cff, 0x7cff, 0x7cff, 0x7cff, 0x7cff, 
0x7cff, 0x7cff, 0x7cff, 0x7cff, 0x7cff, 0x7cff, 0x7cff, 0x7cff, 
0x7cff, 0x7cff, 0x7cff, 0x7cff, 0x7cff, 0x7cff, 0x7cff, 0x7cff, 
0x7cff, 0x7cff, 0x7cff, 0x7cff, 0x7cff, 0x7cff, 0x7cff, 0x7cff, 
0xe2ff, 0xe2ff, 0xe2ff, 0xe2ff, 0xe2ff, 0xe2ff, 0xe2ff, 0xe2ff, 
0xe2ff, 0xe2ff, 0xe2ff, 0xe2ff, 0xe2ff, 0xe2ff, 0xe2ff, 0xe2ff, 
0xe2ff, 0xe2ff, 0xe2ff, 0xe2ff, 0xe2ff, 0xe2ff, 0xe2ff, 0xe2ff, 
0xe2ff, 0xe2ff, 0xe2ff, 0xe2ff, 0xe2ff, 0xe2ff, 0xe2ff, 0xe2ff, 
0xe2ff, 0xe2ff, 0xe2ff, 0xe2ff, 0xe2ff, 0xe2ff, 0xe2ff, 0xe2ff, 
0xe2ff, 0xe2ff, 0xe2ff, 0xe2ff, 0xe2ff, 0xe2ff, 0xe2ff, 0xe2ff, 
0xe2ff, 0xe2ff, 0xe2ff, 0xe2ff, 0xe2ff, 0xe2ff, 0xe2ff, 0xe2ff, 
0xb0ff, 0xb0ff, 0xb0ff, 0xb0ff, 0xb0ff, 0xb0ff, 0xb0ff, 0xb0ff, 
0xb0ff, 0xb0ff, 0xb0ff, 0xb0ff, 0xb0ff, 0xb0ff, 0xb0ff, 0xb0ff, 
0xb0ff, 0xb0ff, 0xb0ff, 0xb0ff, 0xb0ff, 0xb0ff, 0xb0ff, 0xb0ff, 
0xb0ff, 0xb0ff, 0xb0ff, 0xb0ff, 0xb0ff, 0xb0ff, 0xb0ff, 0xb0ff, 
0xb0ff, 0xb0ff, 0xb0ff, 0xb0ff, 0xb0ff, 0xb0ff, 0xb0ff, 0xb0ff, 
0xb0ff, 0xb0ff, 0xb0ff, 0xb0ff, 0xb0ff, 0xb0ff, 0xb0ff, 0xb0ff, 
0xb0ff, 0xb0ff, 0xb0ff, 0xb0ff, 0xb0ff, 0xb0ff, 0xb0ff, 0xb0ff, 
0x83ff, 0x83ff, 0x83ff, 0x83ff, 0x83ff, 0x83ff, 0x83ff, 0x83ff, 
0x83ff, 0x83ff, 0x83ff, 0x83ff, 0x83ff, 0x83ff, 0x83ff, 0x83ff, 
0x83ff, 0x83ff, 0x83ff, 0x83ff, 0x83ff, 0x83ff, 0x83ff, 0x83ff, 
0x83ff, 0x83ff, 0x83ff, 0x83ff, 0x83ff, 0x83ff, 0x83ff, 0x83ff, 
0x83ff, 0x83ff, 0x83ff, 0x83ff, 0x83ff, 0x83ff, 0x83ff, 0x83ff, 
0x83ff, 0x83ff, 0x83ff, 0x83ff, 0x83ff, 0x83ff, 0x83ff, 0x83ff, 
0x83ff, 0x83ff, 0x83ff, 0x83ff, 0x83ff, 0x83ff, 0x83ff, 0x83ff, 
0x7cff, 0x7cff, 0x7cff, 0x7cff, 0x7cff, 0x7cff, 0x7cff, 0x7cff, 
0x7cff, 0x7cff, 0x7cff, 0x7cff, 0x7cff, 0x7cff, 0x7cff, 0x7cff, 
0x7cff, 0x7cff, 0x7cff, 0x7cff, 0x7cff, 0x7cff, 0x7cff, 0x7cff, 
0x7cff, 0x7cff, 0x7cff, 0x7cff, 0x7cff, 0x7cff, 0x7cff, 0x7cff, 
0x7cff, 0x7cff, 0x7cff, 0x7cff, 0x7cff, 0x7cff, 0x7cff, 0x7cff, 
0x7cff, 0x7cff, 0x7cff, 0x7cff, 0x7cff, 0x7cff, 0x7cff, 0x7cff, 
0x7cff, 0x7cff, 0x7cff, 0x7cff, 0x7cff, 0x7cff, 0x7cff, 0x7cff, 
0xe2ff, 0xe2ff, 0xe2ff, 0xe2ff, 0xe2ff, 0xe2ff, 0xe2ff, 0xe2ff, 
0xe2ff, 0xe2ff, 0xe2ff, 0xe2ff, 0xe2ff, 0xe2ff, 0xe2ff, 0xe2ff, 
0xe2ff, 0xe2ff, 0xe2ff, 0xe2ff, 0xe2ff, 0xe2ff, 0xe2ff, 0xe2ff, 
0xe2ff, 0xe2ff, 0xe2ff, 0xe2ff, 0xe2ff, 0xe2ff, 0xe2ff, 0xe2ff, 
0xe2ff, 0xe2ff, 0xe2ff, 0xe2ff, 0xe2ff, 0xe2ff, 0xe2ff, 0xe2ff, 
0xe2ff, 0xe2ff, 0xe2ff, 0xe2ff, 0xe2ff, 0xe2ff, 0xe2ff, 0xe2ff, 
0xe2ff, 0xe2ff, 0xe2ff, 0xe2ff, 0xe2ff, 0xe2ff, 0xe2ff, 0xe2ff, 
0xb0ff, 0xb0ff, 0xb0ff, 0xb0ff, 0xb0ff, 0xb0ff, 0xb0ff, 0xb0ff, 
0xb0ff, 0xb0ff, 0xb0ff, 0xb0ff, 0xb0ff, 0xb0ff, 0xb0ff, 0xb0ff, 
0xb0ff, 0xb0ff, 0xb0ff, 0xb0ff, 0xb0ff, 0xb0ff, 0xb0ff, 0xb0ff, 
0xb0ff, 0xb0ff, 0xb0ff, 0xb0ff, 0xb0ff, 0xb0ff, 0xb0ff, 0xb0ff, 
0xb0ff, 0xb0ff, 0xb0ff, 0xb0ff, 0xb0ff, 0xb0ff, 0xb0ff, 0xb0ff, 
0xb0ff, 0xb0ff, 0xb0ff, 0xb0ff, 0xb0ff, 0xb0ff, 0xb0ff, 0xb0ff, 
0xb0ff, 0xb0ff, 0xb0ff, 0xb0ff, 0xb0ff, 0xb0ff, 0xb0ff, 0xb0ff, 
0x83ff, 0x83ff, 0x83ff, 0x83ff, 0x83ff, 0x83ff, 0x83ff, 0x83ff, 
0x83ff, 0x83ff, 0x83ff, 0x83ff, 0x83ff, 0x83ff, 0x83ff, 0x83ff, 
0x83ff, 0x83ff, 0x83ff, 0x83ff, 0x83ff, 0x83ff, 0x83ff, 0x83ff, 
0x83ff, 0x83ff, 0x83ff, 0x83ff, 0x83ff, 0x83ff, 0x83ff, 0x83ff, 
0x83ff, 0x83ff, 0x83ff, 0x83ff, 0x83ff, 0x83ff, 0x83ff, 0x83ff, 
0x83ff, 0x83ff, 0x83ff, 0x83ff, 0x83ff, 0x83ff, 0x83ff, 0x83ff, 
0x83ff, 0x83ff, 0x83ff, 0x83ff, 0x83ff, 0x83ff, 0x83ff, 0x83ff, 
0x7cff, 0x7cff, 0x7cff, 0x7cff, 0x7cff, 0x7cff, 0x7cff, 0x7cff, 
0x7cff, 0x7cff, 0x7cff, 0x7cff, 0x7cff, 0x7cff, 0x7cff, 0x7cff, 
0x7cff, 0x7cff, 0x7cff, 0x7cff, 0x7cff, 0x7cff, 0x7cff, 0x7cff, 
0x7cff, 0x7cff, 0x7cff, 0x7cff, 0x7cff, 0x7cff, 0x7cff, 0x7cff, 
0x7cff, 0x7cff, 0x7cff, 0x7cff, 0x7cff, 0x7cff, 0x7cff, 0x7cff, 
0x7cff, 0x7cff, 0x7cff, 0x7cff, 0x7cff, 0x7cff, 0x7cff, 0x7cff, 
0x7cff, 0x7cff, 0x7cff, 0x7cff, 0x7cff, 0x7cff, 0x7cff, 0x7cff, 
0xe2ff, 0xe2ff, 0xe2ff, 0xe2ff, 0xe2ff, 0xe2ff, 0xe2ff, 0xe2ff, 
0xe2ff, 0xe2ff, 0xe2ff, 0xe2ff, 0xe2ff, 0xe2ff, 0xe2ff, 0xe2ff, 
0xe2ff, 0xe2ff, 0xe2ff, 0xe2ff, 0xe2ff, 0xe2ff, 0xe2ff, 0xe2ff, 
0xe2ff, 0xe2ff, 0xe2ff, 0xe2ff, 0xe2ff, 0xe2ff, 0xe2ff, 0xe2ff, 
0xe2ff, 0xe2ff, 0xe2ff, 0xe2ff, 0xe2ff, 0xe2ff, 0xe2ff, 0xe2ff, 
0xe2ff, 0xe2ff, 0xe2ff, 0xe2ff, 0xe2ff, 0xe2ff, 0xe2ff, 0xe2ff, 
0xe2ff, 0xe2ff, 0xe2ff, 0xe2ff, 0xe2ff, 0xe2ff, 0xe2ff, 0xe2ff, 
0xb0ff, 0xb0ff, 0xb0ff, 0xb0ff, 0xb0ff, 0xb0ff, 0xb0ff, 0xb0ff, 
0xb0ff, 0xb0ff, 0xb0ff, 0xb0ff, 0xb0ff, 0xb0ff, 0xb0ff, 0xb0ff, 
0xb0ff, 0xb0ff, 0xb0ff, 0xb0ff, 0xb0ff, 0xb0ff, 0xb0ff, 0xb0ff, 
0xb0ff, 0xb0ff, 0xb0ff, 0xb0ff, 0xb0ff, 0xb0ff, 0xb0ff, 0xb0ff, 
0xb0ff, 0xb0ff, 0xb0ff, 0xb0ff, 0xb0ff, 0xb0ff, 0xb0ff, 0xb0ff, 
0xb0ff, 0xb0ff, 0xb0ff, 0xb0ff, 0xb0ff, 0xb0ff, 0xb0ff, 0xb0ff, 
0xb0ff, 0xb0ff, 0xb0ff, 0xb0ff, 0xb0ff, 0xb0ff, 0xb0ff, 0xb0ff, 
0x83ff, 0x83ff, 0x83ff, 0x83ff, 0x83ff, 0x83ff, 0x83ff, 0x83ff, 
0x83ff, 0x83ff, 0x83ff, 0x83ff, 0x83ff, 0x83ff, 0x83ff, 0x83ff, 
0x83ff, 0x83ff, 0x83ff, 0x83ff, 0x83ff, 0x83ff, 0x83ff, 0x83ff, 
0x83ff, 0x83ff, 0x83ff, 0x83ff, 0x83ff, 0x83ff, 0x83ff, 0x83ff, 
0x83ff, 0x83ff, 0x83ff, 0x83ff, 0x83ff, 0x83ff, 0x83ff, 0x83ff, 
0x83ff, 0x83ff, 0x83ff, 0x83ff, 0x83ff, 0x83ff, 0x83ff, 0x83ff, 
0x83ff, 0x83ff, 0x83ff, 0x83ff, 0x83ff, 0x83ff, 0x83ff, 0x83ff, 
0x7cff, 0x7cff, 0x7cff, 0x7cff, 0x7cff, 0x7cff, 0x7cff, 0x7cff, 
0x7cff, 0x7cff, 0x7cff, 0x7cff, 0x7cff, 0x7cff, 0x7cff, 0x7cff, 
0x7cff, 0x7cff, 0x7cff, 0x7cff, 0x7cff, 0x7cff, 0x7cff, 0x7cff, 
0x7cff, 0x7cff, 0x7cff, 0x7cff, 0x7cff, 0x7cff, 0x7cff, 0x7cff, 
0x7cff, 0x7cff, 0x7cff, 0x7cff, 0x7cff, 0x7cff, 0x7cff, 0x7cff, 
0x7cff, 0x7cff, 0x7cff, 0x7cff, 0x7cff, 0x7cff, 0x7cff, 0x7cff, 
0x7cff, 0x7cff, 0x7cff, 0x7cff, 0x7cff, 0x7cff, 0x7cff, 0x7cff, 
0xe2ff, 0xe2ff, 0xe2ff, 0xe2ff, 0xe2ff, 0xe2ff, 0xe2ff, 0xe2ff, 
0xe2ff, 0xe2ff, 0xe2ff, 0xe2ff, 0xe2ff, 0xe2ff, 0xe2ff, 0xe2ff, 
0xe2ff, 0xe2ff, 0xe2ff, 0xe2ff, 0xe2ff, 0xe2ff, 0xe2ff, 0xe2ff, 
0xe2ff, 0xe2ff, 0xe2ff, 0xe2ff, 0xe2ff, 0xe2ff, 0xe2ff, 0xe2ff, 
0xe2ff, 0xe2ff, 0xe2ff, 0xe2ff, 0xe2ff, 0xe2ff, 0xe2ff, 0xe2ff, 
0xe2ff, 0xe2ff, 0xe2ff, 0xe2ff, 0xe2ff, 0xe2ff, 0xe2ff, 0xe2ff, 
0xe2ff, 0xe2ff, 0xe2ff, 0xe2ff, 0xe2ff, 0xe2ff, 0xe2ff, 0xe2ff, 
0xb0ff, 0xb0ff, 0xb0ff, 0xb0ff, 0xb0ff, 0xb0ff, 0xb0ff, 0xb0ff, 
0xb0ff, 0xb0ff, 0xb0ff, 0xb0ff, 0xb0ff, 0xb0ff, 0xb0ff, 0xb0ff, 
0xb0ff, 0xb0ff, 0xb0ff, 0xb0ff, 0xb0ff, 0xb0ff, 0xb0ff, 0xb0ff, 
0xb0ff, 0xb0ff, 0xb0ff, 0xb0ff, 0xb0ff, 0xb0ff, 0xb0ff, 0xb0ff, 
0xb0ff, 0xb0ff, 0xb0ff, 0xb0ff, 0xb0ff, 0xb0ff, 0xb0ff, 0xb0ff, 
0xb0ff, 0xb0ff, 0xb0ff, 0xb0ff, 0xb0ff, 0xb0ff, 0xb0ff, 0xb0ff, 
0xb0ff, 0xb0ff, 0xb0ff, 0xb0ff, 0xb0ff, 0xb0ff, 0xb0ff, 0xb0ff, 
0x83ff, 0x83ff, 0x83ff, 0x83ff, 0x83ff, 0x83ff, 0x83ff, 0x83ff, 
0x83ff, 0x83ff, 0x83ff, 0x83ff, 0x83ff, 0x83ff, 0x83ff, 0x83ff, 
0x83ff, 0x83ff, 0x83ff, 0x83ff, 0x83ff, 0x83ff, 0x83ff, 0x83ff, 
0x83ff, 0x83ff, 0x83ff, 0x83ff, 0x83ff, 0x83ff, 0x83ff, 0x83ff, 
0x83ff, 0x83ff, 0x83ff, 0x83ff, 0x83ff, 0x83ff, 0x83ff, 0x83ff, 
0x83ff, 0x83ff, 0x83ff, 0x83ff, 0x83ff, 0x83ff, 0x83ff, 0x83ff, 
0x83ff, 0x83ff, 0x83ff, 0x83ff, 0x83ff, 0x83ff, 0x83ff, 0x83ff, 
0x7cff, 0x7cff, 0x7cff, 0x7cff, 0x7cff, 0x7cff, 0x7cff, 0x7cff, 
0x7cff, 0x7cff, 0x7cff, 0x7cff, 0x7cff, 0x7cff, 0x7cff, 0x7cff, 
0x7cff, 0x7cff, 0x7cff, 0x7cff, 0x7cff, 0x7cff, 0x7cff, 0x7cff, 
0x7cff, 0x7cff, 0x7cff, 0x7cff, 0x7cff, 0x7cff, 0x7cff, 0x7cff, 
0x7cff, 0x7cff, 0x7cff, 0x7cff, 0x7cff, 0x7cff, 0x7cff, 0x7cff, 
0x7cff, 0x7cff, 0x7cff, 0x7cff, 0x7cff, 0x7cff, 0x7cff, 0x7cff, 
0x7cff, 0x7cff, 0x7cff, 0x7cff, 0x7cff, 0x7cff, 0x7cff, 0x7cff, 
0xe2ff, 0xe2ff, 0xe2ff, 0xe2ff, 0xe2ff, 0xe2ff, 0xe2ff, 0xe2ff, 
0xe2ff, 0xe2ff, 0xe2ff, 0xe2ff, 0xe2ff, 0xe2ff, 0xe2ff, 0xe2ff, 
0xe2ff, 0xe2ff, 0xe2ff, 0xe2ff, 0xe2ff, 0xe2ff, 0xe2ff, 0xe2ff, 
0xe2ff, 0xe2ff, 0xe2ff, 0xe2ff, 0xe2ff, 0xe2ff, 0xe2ff, 0xe2ff, 
0xe2ff, 0xe2ff, 0xe2ff, 0xe2ff, 0xe2ff, 0xe2ff, 0xe2ff, 0xe2ff, 
0xe2ff, 0xe2ff, 0xe2ff, 0xe2ff, 0xe2ff, 0xe2ff, 0xe2ff, 0xe2ff, 
0xe2ff, 0xe2ff, 0xe2ff, 0xe2ff, 0xe2ff, 0xe2ff, 0xe2ff, 0xe2ff, 
0xb0ff, 0xb0ff, 0xb0ff, 0xb0ff, 0xb0ff, 0xb0ff, 0xb0ff, 0xb0ff, 
0xb0ff, 0xb0ff, 0xb0ff, 0xb0ff, 0xb0ff, 0xb0ff, 0xb0ff, 0xb0ff, 
0xb0ff, 0xb0ff, 0xb0ff, 0xb0ff, 0xb0ff, 0xb0ff, 0xb0ff, 0xb0ff, 
0xb0ff, 0xb0ff, 0xb0ff, 0xb0ff, 0xb0ff, 0xb0ff, 0xb0ff, 0xb0ff, 
0xb0ff, 0xb0ff, 0xb0ff, 0xb0ff, 0xb0ff, 0xb0ff, 0xb0ff, 0xb0ff, 
0xb0ff, 0xb0ff, 0xb0ff, 0xb0ff, 0xb0ff, 0xb0ff, 0xb0ff, 0xb0ff, 
0xb0ff, 0xb0ff, 0xb0ff, 0xb0ff, 0xb0ff, 0xb0ff, 0xb0ff, 0xb0ff, 
0x83ff, 0x83ff, 0x83ff, 0x83ff, 0x83ff, 0x83ff, 0x83ff, 0x83ff, 
0x83ff, 0x83ff, 0x83ff, 0x83ff, 0x83ff, 0x83ff, 0x83ff, 0x83ff, 
0x83ff, 0x83ff, 0x83ff, 0x83ff, 0x83ff, 0x83ff, 0x83ff, 0x83ff, 
0x83ff, 0x83ff, 0x83ff, 0x83ff, 0x83ff, 0x83ff, 0x83ff, 0x83ff, 
0x83ff, 0x83ff, 0x83ff, 0x83ff, 0x83ff, 0x83ff, 0x83ff, 0x83ff, 
0x83ff, 0x83ff, 0x83ff, 0x83ff, 0x83ff, 0x83ff, 0x83ff, 0x83ff, 
0x83ff, 0x83ff, 0x83ff, 0x83ff, 0x83ff, 0x83ff, 0x83ff, 0x83ff, 
0x7cff, 0x7cff, 0x7cff, 0x7cff, 0x7cff, 0x7cff, 0x7cff, 0x7cff, 
0x7cff, 0x7cff, 0x7cff, 0x7cff, 0x7cff, 0x7cff, 0x7cff, 0x7cff, 
0x7cff, 0x7cff, 0x7cff, 0x7cff, 0x7cff, 0x7cff, 0x7cff, 0x7cff, 
0x7cff, 0x7cff, 0x7cff, 0x7cff, 0x7cff, 0x7cff, 0x7cff, 0x7cff, 
0x7cff, 0x7cff, 0x7cff, 0x7cff, 0x7cff, 0x7cff, 0x7cff, 0x7cff, 
0x7cff, 0x7cff, 0x7cff, 0x7cff, 0x7cff, 0x7cff, 0x7cff, 0x7cff, 
0x7cff, 0x7cff, 0x7cff, 0x7cff, 0x7cff, 0x7cff, 0x7cff, 0x7cff, 
0x7fff, 0x7fff, 0x7fff, 0x7fff, 0x7fff, 0x7fff, 0x7fff, 0x7fff, 
0x7fff, 0x7fff, 0x7fff, 0x7fff, 0x7fff, 0x7fff, 0x7fff, 0x7fff, 
0x7fff, 0x7fff, 0x7fff, 0x7fff, 0x7fff, 0x7fff, 0x7fff, 0x7fff, 
0x7fff, 0x7fff, 0x7fff, 0x7fff, 0x7fff, 0x7fff, 0x7fff, 0x7fff, 
0x7fff, 0x7fff, 0x7fff, 0x7fff, 0x7fff, 0x7fff, 0x7fff, 0x7fff, 
0x7fff, 0x7fff, 0x7fff, 0x7fff, 0x7fff, 0x7fff, 0x7fff, 0x7fff, 
0x7fff, 0x7fff, 0x7fff, 0x7fff, 0x7fff, 0x7fff, 0x7fff, 0x7fff, 
0x8ffb, 0x8ffb, 0x8ffb, 0x8ffb, 0x8ffb, 0x8ffb, 0x8ffb, 0x8ffb, 
0x8ffb, 0x8ffb, 0x8ffb, 0x8ffb, 0x8ffb, 0x8ffb, 0x8ffb, 0x8ffb, 
0x8ffb, 0x8ffb, 0x8ffb, 0x8ffb, 0x8ffb, 0x8ffb, 0x8ffb, 0x8ffb, 
0x8ffb, 0x8ffb, 0x8ffb, 0x8ffb, 0x8ffb, 0x8ffb, 0x8ffb, 0x8ffb, 
0x8ffb, 0x8ffb, 0x8ffb, 0x8ffb, 0x8ffb, 0x8ffb, 0x8ffb, 0x8ffb, 
0x8ffb, 0x8ffb, 0x8ffb, 0x8ffb, 0x8ffb, 0x8ffb, 0x8ffb, 0x8ffb, 
0x8ffb, 0x8ffb, 0x8ffb, 0x8ffb, 0x8ffb, 0x8ffb, 0x8ffb, 0x8ffb, 
0x9ff6, 0x9ff6, 0x9ff6, 0x9ff6, 0x9ff6, 0x9ff6, 0x9ff6, 0x9ff6, 
0x9ff6, 0x9ff6, 0x9ff6, 0x9ff6, 0x9ff6, 0x9ff6, 0x9ff6, 0x9ff6, 
0x9ff6, 0x9ff6, 0x9ff6, 0x9ff6, 0x9ff6, 0x9ff6, 0x9ff6, 0x9ff6, 
0x9ff6, 0x9ff6, 0x9ff6, 0x9ff6, 0x9ff6, 0x9ff6, 0x9ff6, 0x9ff6, 
0x9ff6, 0x9ff6, 0x9ff6, 0x9ff6, 0x9ff6, 0x9ff6, 0x9ff6, 0x9ff6, 
0x9ff6, 0x9ff6, 0x9ff6, 0x9ff6, 0x9ff6, 0x9ff6, 0x9ff6, 0x9ff6, 
0x9ff6, 0x9ff6, 0x9ff6, 0x9ff6, 0x9ff6, 0x9ff6, 0x9ff6, 0x9ff6, 
0x0000, 0x0000, 0x0000, 0x0000, 0x0000, 0x0000, 0x0000, 0x0000, 
0x0000, 0x0000, 0x0000, 0x0000, 0x0000, 0x0000, 0x0000, 0x0000, 
0x0000, 0x0000, 0x0000, 0x0000, 0x0000, 0x0000, 0x0000, 0x0000, 
0x0000, 0x0000, 0x0000, 0x0000, 0x0000, 0x0000, 0x0000, 0x0000, 
0x0000, 0x0000, 0x0000, 0x0000, 0x0000, 0x0000, 0x0000, 0x0000, 
0x0000, 0x0000, 0x0000, 0x0000, 0x0000, 0x0000, 0x0000, 0x0000, 
0x0000, 0x0000, 0x0000, 0x0000, 0x0000, 0x0000, 0x0000, 0x0000, 
0x7fff, 0x7fff, 0x7fff, 0x7fff, 0x7fff, 0x7fff, 0x7fff, 0x7fff, 
0x7fff, 0x7fff, 0x7fff, 0x7fff, 0x7fff, 0x7fff, 0x7fff, 0x7fff, 
0x7fff, 0x7fff, 0x7fff, 0x7fff, 0x7fff, 0x7fff, 0x7fff, 0x7fff, 
0x7fff, 0x7fff, 0x7fff, 0x7fff, 0x7fff, 0x7fff, 0x7fff, 0x7fff, 
0x7fff, 0x7fff, 0x7fff, 0x7fff, 0x7fff, 0x7fff, 0x7fff, 0x7fff, 
0x7fff, 0x7fff, 0x7fff, 0x7fff, 0x7fff, 0x7fff, 0x7fff, 0x7fff, 
0x7fff, 0x7fff, 0x7fff, 0x7fff, 0x7fff, 0x7fff, 0x7fff, 0x7fff, 
0x8ffb, 0x8ffb, 0x8ffb, 0x8ffb, 0x8ffb, 0x8ffb, 0x8ffb, 0x8ffb, 
0x8ffb, 0x8ffb, 0x8ffb, 0x8ffb, 0x8ffb, 0x8ffb, 0x8ffb, 0x8ffb, 
0x8ffb, 0x8ffb, 0x8ffb, 0x8ffb, 0x8ffb, 0x8ffb, 0x8ffb, 0x8ffb, 
0x8ffb, 0x8ffb, 0x8ffb, 0x8ffb, 0x8ffb, 0x8ffb, 0x8ffb, 0x8ffb, 
0x8ffb, 0x8ffb, 0x8ffb, 0x8ffb, 0x8ffb, 0x8ffb, 0x8ffb, 0x8ffb, 
0x8ffb, 0x8ffb, 0x8ffb, 0x8ffb, 0x8ffb, 0x8ffb, 0x8ffb, 0x8ffb, 
0x8ffb, 0x8ffb, 0x8ffb, 0x8ffb, 0x8ffb, 0x8ffb, 0x8ffb, 0x8ffb, 
0x9ff6, 0x9ff6, 0x9ff6, 0x9ff6, 0x9ff6, 0x9ff6, 0x9ff6, 0x9ff6, 
0x9ff6, 0x9ff6, 0x9ff6, 0x9ff6, 0x9ff6, 0x9ff6, 0x9ff6, 0x9ff6, 
0x9ff6, 0x9ff6, 0x9ff6, 0x9ff6, 0x9ff6, 0x9ff6, 0x9ff6, 0x9ff6, 
0x9ff6, 0x9ff6, 0x9ff6, 0x9ff6, 0x9ff6, 0x9ff6, 0x9ff6, 0x9ff6, 
0x9ff6, 0x9ff6, 0x9ff6, 0x9ff6, 0x9ff6, 0x9ff6, 0x9ff6, 0x9ff6, 
0x9ff6, 0x9ff6, 0x9ff6, 0x9ff6, 0x9ff6, 0x9ff6, 0x9ff6, 0x9ff6, 
0x9ff6, 0x9ff6, 0x9ff6, 0x9ff6, 0x9ff6, 0x9ff6, 0x9ff6, 0x9ff6, 
0x0000, 0x0000, 0x0000, 0x0000, 0x0000, 0x0000, 0x0000, 0x0000, 
0x0000, 0x0000, 0x0000, 0x0000, 0x0000, 0x0000, 0x0000, 0x0000, 
0x0000, 0x0000, 0x0000, 0x0000, 0x0000, 0x0000, 0x0000, 0x0000, 
0x0000, 0x0000, 0x0000, 0x0000, 0x0000, 0x0000, 0x0000, 0x0000, 
0x0000, 0x0000, 0x0000, 0x0000, 0x0000, 0x0000, 0x0000, 0x0000, 
0x0000, 0x0000, 0x0000, 0x0000, 0x0000, 0x0000, 0x0000, 0x0000, 
0x0000, 0x0000, 0x0000, 0x0000, 0x0000, 0x0000, 0x0000, 0x0000, 
0x7fff, 0x7fff, 0x7fff, 0x7fff, 0x7fff, 0x7fff, 0x7fff, 0x7fff, 
0x7fff, 0x7fff, 0x7fff, 0x7fff, 0x7fff, 0x7fff, 0x7fff, 0x7fff, 
0x7fff, 0x7fff, 0x7fff, 0x7fff, 0x7fff, 0x7fff, 0x7fff, 0x7fff, 
0x7fff, 0x7fff, 0x7fff, 0x7fff, 0x7fff, 0x7fff, 0x7fff, 0x7fff, 
0x7fff, 0x7fff, 0x7fff, 0x7fff, 0x7fff, 0x7fff, 0x7fff, 0x7fff, 
0x7fff, 0x7fff, 0x7fff, 0x7fff, 0x7fff, 0x7fff, 0x7fff, 0x7fff, 
0x7fff, 0x7fff, 0x7fff, 0x7fff, 0x7fff, 0x7fff, 0x7fff, 0x7fff, 
0x8ffb, 0x8ffb, 0x8ffb, 0x8ffb, 0x8ffb, 0x8ffb, 0x8ffb, 0x8ffb, 
0x8ffb, 0x8ffb, 0x8ffb, 0x8ffb, 0x8ffb, 0x8ffb, 0x8ffb, 0x8ffb, 
0x8ffb, 0x8ffb, 0x8ffb, 0x8ffb, 0x8ffb, 0x8ffb, 0x8ffb, 0x8ffb, 
0x8ffb, 0x8ffb, 0x8ffb, 0x8ffb, 0x8ffb, 0x8ffb, 0x8ffb, 0x8ffb, 
0x8ffb, 0x8ffb, 0x8ffb, 0x8ffb, 0x8ffb, 0x8ffb, 0x8ffb, 0x8ffb, 
0x8ffb, 0x8ffb, 0x8ffb, 0x8ffb, 0x8ffb, 0x8ffb, 0x8ffb, 0x8ffb, 
0x8ffb, 0x8ffb, 0x8ffb, 0x8ffb, 0x8ffb, 0x8ffb, 0x8ffb, 0x8ffb, 
0x9ff6, 0x9ff6, 0x9ff6, 0x9ff6, 0x9ff6, 0x9ff6, 0x9ff6, 0x9ff6, 
0x9ff6, 0x9ff6, 0x9ff6, 0x9ff6, 0x9ff6, 0x9ff6, 0x9ff6, 0x9ff6, 
0x9ff6, 0x9ff6, 0x9ff6, 0x9ff6, 0x9ff6, 0x9ff6, 0x9ff6, 0x9ff6, 
0x9ff6, 0x9ff6, 0x9ff6, 0x9ff6, 0x9ff6, 0x9ff6, 0x9ff6, 0x9ff6, 
0x9ff6, 0x9ff6, 0x9ff6, 0x9ff6, 0x9ff6, 0x9ff6, 0x9ff6, 0x9ff6, 
0x9ff6, 0x9ff6, 0x9ff6, 0x9ff6, 0x9ff6, 0x9ff6, 0x9ff6, 0x9ff6, 
0x9ff6, 0x9ff6, 0x9ff6, 0x9ff6, 0x9ff6, 0x9ff6, 0x9ff6, 0x9ff6, 
0x0000, 0x0000, 0x0000, 0x0000, 0x0000, 0x0000, 0x0000, 0x0000, 
0x0000, 0x0000, 0x0000, 0x0000, 0x0000, 0x0000, 0x0000, 0x0000, 
0x0000, 0x0000, 0x0000, 0x0000, 0x0000, 0x0000, 0x0000, 0x0000, 
0x0000, 0x0000, 0x0000, 0x0000, 0x0000, 0x0000, 0x0000, 0x0000, 
0x0000, 0x0000, 0x0000, 0x0000, 0x0000, 0x0000, 0x0000, 0x0000, 
0x0000, 0x0000, 0x0000, 0x0000, 0x0000, 0x0000, 0x0000, 0x0000, 
0x0000, 0x0000, 0x0000, 0x0000, 0x0000, 0x0000, 0x0000, 0x0000, 
0x7fff, 0x7fff, 0x7fff, 0x7fff, 0x7fff, 0x7fff, 0x7fff, 0x7fff, 
0x7fff, 0x7fff, 0x7fff, 0x7fff, 0x7fff, 0x7fff, 0x7fff, 0x7fff, 
0x7fff, 0x7fff, 0x7fff, 0x7fff, 0x7fff, 0x7fff, 0x7fff, 0x7fff, 
0x7fff, 0x7fff, 0x7fff, 0x7fff, 0x7fff, 0x7fff, 0x7fff, 0x7fff, 
0x7fff, 0x7fff, 0x7fff, 0x7fff, 0x7fff, 0x7fff, 0x7fff, 0x7fff, 
0x7fff, 0x7fff, 0x7fff, 0x7fff, 0x7fff, 0x7fff, 0x7fff, 0x7fff, 
0x7fff, 0x7fff, 0x7fff, 0x7fff, 0x7fff, 0x7fff, 0x7fff, 0x7fff, 
0x8ffb, 0x8ffb, 0x8ffb, 0x8ffb, 0x8ffb, 0x8ffb, 0x8ffb, 0x8ffb, 
0x8ffb, 0x8ffb, 0x8ffb, 0x8ffb, 0x8ffb, 0x8ffb, 0x8ffb, 0x8ffb, 
0x8ffb, 0x8ffb, 0x8ffb, 0x8ffb, 0x8ffb, 0x8ffb, 0x8ffb, 0x8ffb, 
0x8ffb, 0x8ffb, 0x8ffb, 0x8ffb, 0x8ffb, 0x8ffb, 0x8ffb, 0x8ffb, 
0x8ffb, 0x8ffb, 0x8ffb, 0x8ffb, 0x8ffb, 0x8ffb, 0x8ffb, 0x8ffb, 
0x8ffb, 0x8ffb, 0x8ffb, 0x8ffb, 0x8ffb, 0x8ffb, 0x8ffb, 0x8ffb, 
0x8ffb, 0x8ffb, 0x8ffb, 0x8ffb, 0x8ffb, 0x8ffb, 0x8ffb, 0x8ffb, 
0x9ff6, 0x9ff6, 0x9ff6, 0x9ff6, 0x9ff6, 0x9ff6, 0x9ff6, 0x9ff6, 
0x9ff6, 0x9ff6, 0x9ff6, 0x9ff6, 0x9ff6, 0x9ff6, 0x9ff6, 0x9ff6, 
0x9ff6, 0x9ff6, 0x9ff6, 0x9ff6, 0x9ff6, 0x9ff6, 0x9ff6, 0x9ff6, 
0x9ff6, 0x9ff6, 0x9ff6, 0x9ff6, 0x9ff6, 0x9ff6, 0x9ff6, 0x9ff6, 
0x9ff6, 0x9ff6, 0x9ff6, 0x9ff6, 0x9ff6, 0x9ff6, 0x9ff6, 0x9ff6, 
0x9ff6, 0x9ff6, 0x9ff6, 0x9ff6, 0x9ff6, 0x9ff6, 0x9ff6, 0x9ff6, 
0x9ff6, 0x9ff6, 0x9ff6, 0x9ff6, 0x9ff6, 0x9ff6, 0x9ff6, 0x9ff6, 
0x0000, 0x0000, 0x0000, 0x0000, 0x0000, 0x0000, 0x0000, 0x0000, 
0x0000, 0x0000, 0x0000, 0x0000, 0x0000, 0x0000, 0x0000, 0x0000, 
0x0000, 0x0000, 0x0000, 0x0000, 0x0000, 0x0000, 0x0000, 0x0000, 
0x0000, 0x0000, 0x0000, 0x0000, 0x0000, 0x0000, 0x0000, 0x0000, 
0x0000, 0x0000, 0x0000, 0x0000, 0x0000, 0x0000, 0x0000, 0x0000, 
0x0000, 0x0000, 0x0000, 0x0000, 0x0000, 0x0000, 0x0000, 0x0000, 
0x0000, 0x0000, 0x0000, 0x0000, 0x0000, 0x0000, 0x0000, 0x0000, 
0x7fff, 0x7fff, 0x7fff, 0x7fff, 0x7fff, 0x7fff, 0x7fff, 0x7fff, 
0x7fff, 0x7fff, 0x7fff, 0x7fff, 0x7fff, 0x7fff, 0x7fff, 0x7fff, 
0x7fff, 0x7fff, 0x7fff, 0x7fff, 0x7fff, 0x7fff, 0x7fff, 0x7fff, 
0x7fff, 0x7fff, 0x7fff, 0x7fff, 0x7fff, 0x7fff, 0x7fff, 0x7fff, 
0x7fff, 0x7fff, 0x7fff, 0x7fff, 0x7fff, 0x7fff, 0x7fff, 0x7fff, 
0x7fff, 0x7fff, 0x7fff, 0x7fff, 0x7fff, 0x7fff, 0x7fff, 0x7fff, 
0x7fff, 0x7fff, 0x7fff, 0x7fff, 0x7fff, 0x7fff, 0x7fff, 0x7fff, 
0x8ffb, 0x8ffb, 0x8ffb, 0x8ffb, 0x8ffb, 0x8ffb, 0x8ffb, 0x8ffb, 
0x8ffb, 0x8ffb, 0x8ffb, 0x8ffb, 0x8ffb, 0x8ffb, 0x8ffb, 0x8ffb, 
0x8ffb, 0x8ffb, 0x8ffb, 0x8ffb, 0x8ffb, 0x8ffb, 0x8ffb, 0x8ffb, 
0x8ffb, 0x8ffb, 0x8ffb, 0x8ffb, 0x8ffb, 0x8ffb, 0x8ffb, 0x8ffb, 
0x8ffb, 0x8ffb, 0x8ffb, 0x8ffb, 0x8ffb, 0x8ffb, 0x8ffb, 0x8ffb, 
0x8ffb, 0x8ffb, 0x8ffb, 0x8ffb, 0x8ffb, 0x8ffb, 0x8ffb, 0x8ffb, 
0x8ffb, 0x8ffb, 0x8ffb, 0x8ffb, 0x8ffb, 0x8ffb, 0x8ffb, 0x8ffb, 
0x9ff6, 0x9ff6, 0x9ff6, 0x9ff6, 0x9ff6, 0x9ff6, 0x9ff6, 0x9ff6, 
0x9ff6, 0x9ff6, 0x9ff6, 0x9ff6, 0x9ff6, 0x9ff6, 0x9ff6, 0x9ff6, 
0x9ff6, 0x9ff6, 0x9ff6, 0x9ff6, 0x9ff6, 0x9ff6, 0x9ff6, 0x9ff6, 
0x9ff6, 0x9ff6, 0x9ff6, 0x9ff6, 0x9ff6, 0x9ff6, 0x9ff6, 0x9ff6, 
0x9ff6, 0x9ff6, 0x9ff6, 0x9ff6, 0x9ff6, 0x9ff6, 0x9ff6, 0x9ff6, 
0x9ff6, 0x9ff6, 0x9ff6, 0x9ff6, 0x9ff6, 0x9ff6, 0x9ff6, 0x9ff6, 
0x9ff6, 0x9ff6, 0x9ff6, 0x9ff6, 0x9ff6, 0x9ff6, 0x9ff6, 0x9ff6, 
0x0000, 0x0000, 0x0000, 0x0000, 0x0000, 0x0000, 0x0000, 0x0000, 
0x0000, 0x0000, 0x0000, 0x0000, 0x0000, 0x0000, 0x0000, 0x0000, 
0x0000, 0x0000, 0x0000, 0x0000, 0x0000, 0x0000, 0x0000, 0x0000, 
0x0000, 0x0000, 0x0000, 0x0000, 0x0000, 0x0000, 0x0000, 0x0000, 
0x0000, 0x0000, 0x0000, 0x0000, 0x0000, 0x0000, 0x0000, 0x0000, 
0x0000, 0x0000, 0x0000, 0x0000, 0x0000, 0x0000, 0x0000, 0x0000, 
0x0000, 0x0000, 0x0000, 0x0000, 0x0000, 0x0000, 0x0000, 0x0000, 
0x7fff, 0x7fff, 0x7fff, 0x7fff, 0x7fff, 0x7fff, 0x7fff, 0x7fff, 
0x7fff, 0x7fff, 0x7fff, 0x7fff, 0x7fff, 0x7fff, 0x7fff, 0x7fff, 
0x7fff, 0x7fff, 0x7fff, 0x7fff, 0x7fff, 0x7fff, 0x7fff, 0x7fff, 
0x7fff, 0x7fff, 0x7fff, 0x7fff, 0x7fff, 0x7fff, 0x7fff, 0x7fff, 
0x7fff, 0x7fff, 0x7fff, 0x7fff, 0x7fff, 0x7fff, 0x7fff, 0x7fff, 
0x7fff, 0x7fff, 0x7fff, 0x7fff, 0x7fff, 0x7fff, 0x7fff, 0x7fff, 
0x7fff, 0x7fff, 0x7fff, 0x7fff, 0x7fff, 0x7fff, 0x7fff, 0x7fff, 
0x8ffb, 0x8ffb, 0x8ffb, 0x8ffb, 0x8ffb, 0x8ffb, 0x8ffb, 0x8ffb, 
0x8ffb, 0x8ffb, 0x8ffb, 0x8ffb, 0x8ffb, 0x8ffb, 0x8ffb, 0x8ffb, 
0x8ffb, 0x8ffb, 0x8ffb, 0x8ffb, 0x8ffb, 0x8ffb, 0x8ffb, 0x8ffb, 
0x8ffb, 0x8ffb, 0x8ffb, 0x8ffb, 0x8ffb, 0x8ffb, 0x8ffb, 0x8ffb, 
0x8ffb, 0x8ffb, 0x8ffb, 0x8ffb, 0x8ffb, 0x8ffb, 0x8ffb, 0x8ffb, 
0x8ffb, 0x8ffb, 0x8ffb, 0x8ffb, 0x8ffb, 0x8ffb, 0x8ffb, 0x8ffb, 
0x8ffb, 0x8ffb, 0x8ffb, 0x8ffb, 0x8ffb, 0x8ffb, 0x8ffb, 0x8ffb, 
0x9ff6, 0x9ff6, 0x9ff6, 0x9ff6, 0x9ff6, 0x9ff6, 0x9ff6, 0x9ff6, 
0x9ff6, 0x9ff6, 0x9ff6, 0x9ff6, 0x9ff6, 0x9ff6, 0x9ff6, 0x9ff6, 
0x9ff6, 0x9ff6, 0x9ff6, 0x9ff6, 0x9ff6, 0x9ff6, 0x9ff6, 0x9ff6, 
0x9ff6, 0x9ff6, 0x9ff6, 0x9ff6, 0x9ff6, 0x9ff6, 0x9ff6, 0x9ff6, 
0x9ff6, 0x9ff6, 0x9ff6, 0x9ff6, 0x9ff6, 0x9ff6, 0x9ff6, 0x9ff6, 
0x9ff6, 0x9ff6, 0x9ff6, 0x9ff6, 0x9ff6, 0x9ff6, 0x9ff6, 0x9ff6, 
0x9ff6, 0x9ff6, 0x9ff6, 0x9ff6, 0x9ff6, 0x9ff6, 0x9ff6, 0x9ff6, 
0x0000, 0x0000, 0x0000, 0x0000, 0x0000, 0x0000, 0x0000, 0x0000, 
0x0000, 0x0000, 0x0000, 0x0000, 0x0000, 0x0000, 0x0000, 0x0000, 
0x0000, 0x0000, 0x0000, 0x0000, 0x0000, 0x0000, 0x0000, 0x0000, 
0x0000, 0x0000, 0x0000, 0x0000, 0x0000, 0x0000, 0x0000, 0x0000, 
0x0000, 0x0000, 0x0000, 0x0000, 0x0000, 0x0000, 0x0000, 0x0000, 
0x0000, 0x0000, 0x0000, 0x0000, 0x0000, 0x0000, 0x0000, 0x0000, 
0x0000, 0x0000, 0x0000, 0x0000, 0x0000, 0x0000, 0x0000, 0x0000, 
0x7fff, 0x7fff, 0x7fff, 0x7fff, 0x7fff, 0x7fff, 0x7fff, 0x7fff, 
0x7fff, 0x7fff, 0x7fff, 0x7fff, 0x7fff, 0x7fff, 0x7fff, 0x7fff, 
0x7fff, 0x7fff, 0x7fff, 0x7fff, 0x7fff, 0x7fff, 0x7fff, 0x7fff, 
0x7fff, 0x7fff, 0x7fff, 0x7fff, 0x7fff, 0x7fff, 0x7fff, 0x7fff, 
0x7fff, 0x7fff, 0x7fff, 0x7fff, 0x7fff, 0x7fff, 0x7fff, 0x7fff, 
0x7fff, 0x7fff, 0x7fff, 0x7fff, 0x7fff, 0x7fff, 0x7fff, 0x7fff, 
0x7fff, 0x7fff, 0x7fff, 0x7fff, 0x7fff, 0x7fff, 0x7fff, 0x7fff, 
0x8ffb, 0x8ffb, 0x8ffb, 0x8ffb, 0x8ffb, 0x8ffb, 0x8ffb, 0x8ffb, 
0x8ffb, 0x8ffb, 0x8ffb, 0x8ffb, 0x8ffb, 0x8ffb, 0x8ffb, 0x8ffb, 
0x8ffb, 0x8ffb, 0x8ffb, 0x8ffb, 0x8ffb, 0x8ffb, 0x8ffb, 0x8ffb, 
0x8ffb, 0x8ffb, 0x8ffb, 0x8ffb, 0x8ffb, 0x8ffb, 0x8ffb, 0x8ffb, 
0x8ffb, 0x8ffb, 0x8ffb, 0x8ffb, 0x8ffb, 0x8ffb, 0x8ffb, 0x8ffb, 
0x8ffb, 0x8ffb, 0x8ffb, 0x8ffb, 0x8ffb, 0x8ffb, 0x8ffb, 0x8ffb, 
0x8ffb, 0x8ffb, 0x8ffb, 0x8ffb, 0x8ffb, 0x8ffb, 0x8ffb, 0x8ffb, 
0x9ff6, 0x9ff6, 0x9ff6, 0x9ff6, 0x9ff6, 0x9ff6, 0x9ff6, 0x9ff6, 
0x9ff6, 0x9ff6, 0x9ff6, 0x9ff6, 0x9ff6, 0x9ff6, 0x9ff6, 0x9ff6, 
0x9ff6, 0x9ff6, 0x9ff6, 0x9ff6, 0x9ff6, 0x9ff6, 0x9ff6, 0x9ff6, 
0x9ff6, 0x9ff6, 0x9ff6, 0x9ff6, 0x9ff6, 0x9ff6, 0x9ff6, 0x9ff6, 
0x9ff6, 0x9ff6, 0x9ff6, 0x9ff6, 0x9ff6, 0x9ff6, 0x9ff6, 0x9ff6, 
0x9ff6, 0x9ff6, 0x9ff6, 0x9ff6, 0x9ff6, 0x9ff6, 0x9ff6, 0x9ff6, 
0x9ff6, 0x9ff6, 0x9ff6, 0x9ff6, 0x9ff6, 0x9ff6, 0x9ff6, 0x9ff6, 
0x0000, 0x0000, 0x0000, 0x0000, 0x0000, 0x0000, 0x0000, 0x0000, 
0x0000, 0x0000, 0x0000, 0x0000, 0x0000, 0x0000, 0x0000, 0x0000, 
0x0000, 0x0000, 0x0000, 0x0000, 0x0000, 0x0000, 0x0000, 0x0000, 
0x0000, 0x0000, 0x0000, 0x0000, 0x0000, 0x0000, 0x0000, 0x0000, 
0x0000, 0x0000, 0x0000, 0x0000, 0x0000, 0x0000, 0x0000, 0x0000, 
0x0000, 0x0000, 0x0000, 0x0000, 0x0000, 0x0000, 0x0000, 0x0000, 
0x0000, 0x0000, 0x0000, 0x0000, 0x0000, 0x0000, 0x0000, 0x0000, 
0x7fff, 0x7fff, 0x7fff, 0x7fff, 0x7fff, 0x7fff, 0x7fff, 0x7fff, 
0x7fff, 0x7fff, 0x7fff, 0x7fff, 0x7fff, 0x7fff, 0x7fff, 0x7fff, 
0x7fff, 0x7fff, 0x7fff, 0x7fff, 0x7fff, 0x7fff, 0x7fff, 0x7fff, 
0x7fff, 0x7fff, 0x7fff, 0x7fff, 0x7fff, 0x7fff, 0x7fff, 0x7fff, 
0x7fff, 0x7fff, 0x7fff, 0x7fff, 0x7fff, 0x7fff, 0x7fff, 0x7fff, 
0x7fff, 0x7fff, 0x7fff, 0x7fff, 0x7fff, 0x7fff, 0x7fff, 0x7fff, 
0x7fff, 0x7fff, 0x7fff, 0x7fff, 0x7fff, 0x7fff, 0x7fff, 0x7fff, 
0x8ffb, 0x8ffb, 0x8ffb, 0x8ffb, 0x8ffb, 0x8ffb, 0x8ffb, 0x8ffb, 
0x8ffb, 0x8ffb, 0x8ffb, 0x8ffb, 0x8ffb, 0x8ffb, 0x8ffb, 0x8ffb, 
0x8ffb, 0x8ffb, 0x8ffb, 0x8ffb, 0x8ffb, 0x8ffb, 0x8ffb, 0x8ffb, 
0x8ffb, 0x8ffb, 0x8ffb, 0x8ffb, 0x8ffb, 0x8ffb, 0x8ffb, 0x8ffb, 
0x8ffb, 0x8ffb, 0x8ffb, 0x8ffb, 0x8ffb, 0x8ffb, 0x8ffb, 0x8ffb, 
0x8ffb, 0x8ffb, 0x8ffb, 0x8ffb, 0x8ffb, 0x8ffb, 0x8ffb, 0x8ffb, 
0x8ffb, 0x8ffb, 0x8ffb, 0x8ffb, 0x8ffb, 0x8ffb, 0x8ffb, 0x8ffb, 
0x9ff6, 0x9ff6, 0x9ff6, 0x9ff6, 0x9ff6, 0x9ff6, 0x9ff6, 0x9ff6, 
0x9ff6, 0x9ff6, 0x9ff6, 0x9ff6, 0x9ff6, 0x9ff6, 0x9ff6, 0x9ff6, 
0x9ff6, 0x9ff6, 0x9ff6, 0x9ff6, 0x9ff6, 0x9ff6, 0x9ff6, 0x9ff6, 
0x9ff6, 0x9ff6, 0x9ff6, 0x9ff6, 0x9ff6, 0x9ff6, 0x9ff6, 0x9ff6, 
0x9ff6, 0x9ff6, 0x9ff6, 0x9ff6, 0x9ff6, 0x9ff6, 0x9ff6, 0x9ff6, 
0x9ff6, 0x9ff6, 0x9ff6, 0x9ff6, 0x9ff6, 0x9ff6, 0x9ff6, 0x9ff6, 
0x9ff6, 0x9ff6, 0x9ff6, 0x9ff6, 0x9ff6, 0x9ff6, 0x9ff6, 0x9ff6, 
0x0000, 0x0000, 0x0000, 0x0000, 0x0000, 0x0000, 0x0000, 0x0000, 
0x0000, 0x0000, 0x0000, 0x0000, 0x0000, 0x0000, 0x0000, 0x0000, 
0x0000, 0x0000, 0x0000, 0x0000, 0x0000, 0x0000, 0x0000, 0x0000, 
0x0000, 0x0000, 0x0000, 0x0000, 0x0000, 0x0000, 0x0000, 0x0000, 
0x0000, 0x0000, 0x0000, 0x0000, 0x0000, 0x0000, 0x0000, 0x0000, 
0x0000, 0x0000, 0x0000, 0x0000, 0x0000, 0x0000, 0x0000, 0x0000, 
0x0000, 0x0000, 0x0000, 0x0000, 0x0000, 0x0000, 0x0000, 0x0000, 
0x7fff, 0x7fff, 0x7fff, 0x7fff, 0x7fff, 0x7fff, 0x7fff, 0x7fff, 
0x7fff, 0x7fff, 0x7fff, 0x7fff, 0x7fff, 0x7fff, 0x7fff, 0x7fff, 
0x7fff, 0x7fff, 0x7fff, 0x7fff, 0x7fff, 0x7fff, 0x7fff, 0x7fff, 
0x7fff, 0x7fff, 0x7fff, 0x7fff, 0x7fff, 0x7fff, 0x7fff, 0x7fff, 
0x7fff, 0x7fff, 0x7fff, 0x7fff, 0x7fff, 0x7fff, 0x7fff, 0x7fff, 
0x7fff, 0x7fff, 0x7fff, 0x7fff, 0x7fff, 0x7fff, 0x7fff, 0x7fff, 
0x7fff, 0x7fff, 0x7fff, 0x7fff, 0x7fff, 0x7fff, 0x7fff, 0x7fff, 
0x8ffb, 0x8ffb, 0x8ffb, 0x8ffb, 0x8ffb, 0x8ffb, 0x8ffb, 0x8ffb, 
0x8ffb, 0x8ffb, 0x8ffb, 0x8ffb, 0x8ffb, 0x8ffb, 0x8ffb, 0x8ffb, 
0x8ffb, 0x8ffb, 0x8ffb, 0x8ffb, 0x8ffb, 0x8ffb, 0x8ffb, 0x8ffb, 
0x8ffb, 0x8ffb, 0x8ffb, 0x8ffb, 0x8ffb, 0x8ffb, 0x8ffb, 0x8ffb, 
0x8ffb, 0x8ffb, 0x8ffb, 0x8ffb, 0x8ffb, 0x8ffb, 0x8ffb, 0x8ffb, 
0x8ffb, 0x8ffb, 0x8ffb, 0x8ffb, 0x8ffb, 0x8ffb, 0x8ffb, 0x8ffb, 
0x8ffb, 0x8ffb, 0x8ffb, 0x8ffb, 0x8ffb, 0x8ffb, 0x8ffb, 0x8ffb, 
0x9ff6, 0x9ff6, 0x9ff6, 0x9ff6, 0x9ff6, 0x9ff6, 0x9ff6, 0x9ff6, 
0x9ff6, 0x9ff6, 0x9ff6, 0x9ff6, 0x9ff6, 0x9ff6, 0x9ff6, 0x9ff6, 
0x9ff6, 0x9ff6, 0x9ff6, 0x9ff6, 0x9ff6, 0x9ff6, 0x9ff6, 0x9ff6, 
0x9ff6, 0x9ff6, 0x9ff6, 0x9ff6, 0x9ff6, 0x9ff6, 0x9ff6, 0x9ff6, 
0x9ff6, 0x9ff6, 0x9ff6, 0x9ff6, 0x9ff6, 0x9ff6, 0x9ff6, 0x9ff6, 
0x9ff6, 0x9ff6, 0x9ff6, 0x9ff6, 0x9ff6, 0x9ff6, 0x9ff6, 0x9ff6, 
0x9ff6, 0x9ff6, 0x9ff6, 0x9ff6, 0x9ff6, 0x9ff6, 0x9ff6, 0x9ff6, 
0x0000, 0x0000, 0x0000, 0x0000, 0x0000, 0x0000, 0x0000, 0x0000, 
0x0000, 0x0000, 0x0000, 0x0000, 0x0000, 0x0000, 0x0000, 0x0000, 
0x0000, 0x0000, 0x0000, 0x0000, 0x0000, 0x0000, 0x0000, 0x0000, 
0x0000, 0x0000, 0x0000, 0x0000, 0x0000, 0x0000, 0x0000, 0x0000, 
0x0000, 0x0000, 0x0000, 0x0000, 0x0000, 0x0000, 0x0000, 0x0000, 
0x0000, 0x0000, 0x0000, 0x0000, 0x0000, 0x0000, 0x0000, 0x0000, 
0x0000, 0x0000, 0x0000, 0x0000, 0x0000, 0x0000, 0x0000, 0x0000, 
0x7fff, 0x7fff, 0x7fff, 0x7fff, 0x7fff, 0x7fff, 0x7fff, 0x7fff, 
0x7fff, 0x7fff, 0x7fff, 0x7fff, 0x7fff, 0x7fff, 0x7fff, 0x7fff, 
0x7fff, 0x7fff, 0x7fff, 0x7fff, 0x7fff, 0x7fff, 0x7fff, 0x7fff, 
0x7fff, 0x7fff, 0x7fff, 0x7fff, 0x7fff, 0x7fff, 0x7fff, 0x7fff, 
0x7fff, 0x7fff, 0x7fff, 0x7fff, 0x7fff, 0x7fff, 0x7fff, 0x7fff, 
0x7fff, 0x7fff, 0x7fff, 0x7fff, 0x7fff, 0x7fff, 0x7fff, 0x7fff, 
0x7fff, 0x7fff, 0x7fff, 0x7fff, 0x7fff, 0x7fff, 0x7fff, 0x7fff, 
0x8ffb, 0x8ffb, 0x8ffb, 0x8ffb, 0x8ffb, 0x8ffb, 0x8ffb, 0x8ffb, 
0x8ffb, 0x8ffb, 0x8ffb, 0x8ffb, 0x8ffb, 0x8ffb, 0x8ffb, 0x8ffb, 
0x8ffb, 0x8ffb, 0x8ffb, 0x8ffb, 0x8ffb, 0x8ffb, 0x8ffb, 0x8ffb, 
0x8ffb, 0x8ffb, 0x8ffb, 0x8ffb, 0x8ffb, 0x8ffb, 0x8ffb, 0x8ffb, 
0x8ffb, 0x8ffb, 0x8ffb, 0x8ffb, 0x8ffb, 0x8ffb, 0x8ffb, 0x8ffb, 
0x8ffb, 0x8ffb, 0x8ffb, 0x8ffb, 0x8ffb, 0x8ffb, 0x8ffb, 0x8ffb, 
0x8ffb, 0x8ffb, 0x8ffb, 0x8ffb, 0x8ffb, 0x8ffb, 0x8ffb, 0x8ffb, 
0x9ff6, 0x9ff6, 0x9ff6, 0x9ff6, 0x9ff6, 0x9ff6, 0x9ff6, 0x9ff6, 
0x9ff6, 0x9ff6, 0x9ff6, 0x9ff6, 0x9ff6, 0x9ff6, 0x9ff6, 0x9ff6, 
0x9ff6, 0x9ff6, 0x9ff6, 0x9ff6, 0x9ff6, 0x9ff6, 0x9ff6, 0x9ff6, 
0x9ff6, 0x9ff6, 0x9ff6, 0x9ff6, 0x9ff6, 0x9ff6, 0x9ff6, 0x9ff6, 
0x9ff6, 0x9ff6, 0x9ff6, 0x9ff6, 0x9ff6, 0x9ff6, 0x9ff6, 0x9ff6, 
0x9ff6, 0x9ff6, 0x9ff6, 0x9ff6, 0x9ff6, 0x9ff6, 0x9ff6, 0x9ff6, 
0x9ff6, 0x9ff6, 0x9ff6, 0x9ff6, 0x9ff6, 0x9ff6, 0x9ff6, 0x9ff6, 
0x0000, 0x0000, 0x0000, 0x0000, 0x0000, 0x0000, 0x0000, 0x0000, 
0x0000, 0x0000, 0x0000, 0x0000, 0x0000, 0x0000, 0x0000, 0x0000, 
0x0000, 0x0000, 0x0000, 0x0000, 0x0000, 0x0000, 0x0000, 0x0000, 
0x0000, 0x0000, 0x0000, 0x0000, 0x0000, 0x0000, 0x0000, 0x0000, 
0x0000, 0x0000, 0x0000, 0x0000, 0x0000, 0x0000, 0x0000, 0x0000, 
0x0000, 0x0000, 0x0000, 0x0000, 0x0000, 0x0000, 0x0000, 0x0000, 
0x0000, 0x0000, 0x0000, 0x0000, 0x0000, 0x0000, 0x0000, 0x0000, 
0x7fff, 0x7fff, 0x7fff, 0x7fff, 0x7fff, 0x7fff, 0x7fff, 0x7fff, 
0x7fff, 0x7fff, 0x7fff, 0x7fff, 0x7fff, 0x7fff, 0x7fff, 0x7fff, 
0x7fff, 0x7fff, 0x7fff, 0x7fff, 0x7fff, 0x7fff, 0x7fff, 0x7fff, 
0x7fff, 0x7fff, 0x7fff, 0x7fff, 0x7fff, 0x7fff, 0x7fff, 0x7fff, 
0x7fff, 0x7fff, 0x7fff, 0x7fff, 0x7fff, 0x7fff, 0x7fff, 0x7fff, 
0x7fff, 0x7fff, 0x7fff, 0x7fff, 0x7fff, 0x7fff, 0x7fff, 0x7fff, 
0x7fff, 0x7fff, 0x7fff, 0x7fff, 0x7fff, 0x7fff, 0x7fff, 0x7fff, 
0x8ffb, 0x8ffb, 0x8ffb, 0x8ffb, 0x8ffb, 0x8ffb, 0x8ffb, 0x8ffb, 
0x8ffb, 0x8ffb, 0x8ffb, 0x8ffb, 0x8ffb, 0x8ffb, 0x8ffb, 0x8ffb, 
0x8ffb, 0x8ffb, 0x8ffb, 0x8ffb, 0x8ffb, 0x8ffb, 0x8ffb, 0x8ffb, 
0x8ffb, 0x8ffb, 0x8ffb, 0x8ffb, 0x8ffb, 0x8ffb, 0x8ffb, 0x8ffb, 
0x8ffb, 0x8ffb, 0x8ffb, 0x8ffb, 0x8ffb, 0x8ffb, 0x8ffb, 0x8ffb, 
0x8ffb, 0x8ffb, 0x8ffb, 0x8ffb, 0x8ffb, 0x8ffb, 0x8ffb, 0x8ffb, 
0x8ffb, 0x8ffb, 0x8ffb, 0x8ffb, 0x8ffb, 0x8ffb, 0x8ffb, 0x8ffb, 
0x9ff6, 0x9ff6, 0x9ff6, 0x9ff6, 0x9ff6, 0x9ff6, 0x9ff6, 0x9ff6, 
0x9ff6, 0x9ff6, 0x9ff6, 0x9ff6, 0x9ff6, 0x9ff6, 0x9ff6, 0x9ff6, 
0x9ff6, 0x9ff6, 0x9ff6, 0x9ff6, 0x9ff6, 0x9ff6, 0x9ff6, 0x9ff6, 
0x9ff6, 0x9ff6, 0x9ff6, 0x9ff6, 0x9ff6, 0x9ff6, 0x9ff6, 0x9ff6, 
0x9ff6, 0x9ff6, 0x9ff6, 0x9ff6, 0x9ff6, 0x9ff6, 0x9ff6, 0x9ff6, 
0x9ff6, 0x9ff6, 0x9ff6, 0x9ff6, 0x9ff6, 0x9ff6, 0x9ff6, 0x9ff6, 
0x9ff6, 0x9ff6, 0x9ff6, 0x9ff6, 0x9ff6, 0x9ff6, 0x9ff6, 0x9ff6, 
0x0000, 0x0000, 0x0000, 0x0000, 0x0000, 0x0000, 0x0000, 0x0000, 
0x0000, 0x0000, 0x0000, 0x0000, 0x0000, 0x0000, 0x0000, 0x0000, 
0x0000, 0x0000, 0x0000, 0x0000, 0x0000, 0x0000, 0x0000, 0x0000, 
0x0000, 0x0000, 0x0000, 0x0000, 0x0000, 0x0000, 0x0000, 0x0000, 
0x0000, 0x0000, 0x0000, 0x0000, 0x0000, 0x0000, 0x0000, 0x0000, 
0x0000, 0x0000, 0x0000, 0x0000, 0x0000, 0x0000, 0x0000, 0x0000, 
0x0000, 0x0000, 0x0000, 0x0000, 0x0000, 0x0000, 0x0000, 0x0000, 
0x7fff, 0x7fff, 0x7fff, 0x7fff, 0x7fff, 0x7fff, 0x7fff, 0x7fff, 
0x7fff, 0x7fff, 0x7fff, 0x7fff, 0x7fff, 0x7fff, 0x7fff, 0x7fff, 
0x7fff, 0x7fff, 0x7fff, 0x7fff, 0x7fff, 0x7fff, 0x7fff, 0x7fff, 
0x7fff, 0x7fff, 0x7fff, 0x7fff, 0x7fff, 0x7fff, 0x7fff, 0x7fff, 
0x7fff, 0x7fff, 0x7fff, 0x7fff, 0x7fff, 0x7fff, 0x7fff, 0x7fff, 
0x7fff, 0x7fff, 0x7fff, 0x7fff, 0x7fff, 0x7fff, 0x7fff, 0x7fff, 
0x7fff, 0x7fff, 0x7fff, 0x7fff, 0x7fff, 0x7fff, 0x7fff, 0x7fff, 
0x8ffb, 0x8ffb, 0x8ffb, 0x8ffb, 0x8ffb, 0x8ffb, 0x8ffb, 0x8ffb, 
0x8ffb, 0x8ffb, 0x8ffb, 0x8ffb, 0x8ffb, 0x8ffb, 0x8ffb, 0x8ffb, 
0x8ffb, 0x8ffb, 0x8ffb, 0x8ffb, 0x8ffb, 0x8ffb, 0x8ffb, 0x8ffb, 
0x8ffb, 0x8ffb, 0x8ffb, 0x8ffb, 0x8ffb, 0x8ffb, 0x8ffb, 0x8ffb, 
0x8ffb, 0x8ffb, 0x8ffb, 0x8ffb, 0x8ffb, 0x8ffb, 0x8ffb, 0x8ffb, 
0x8ffb, 0x8ffb, 0x8ffb, 0x8ffb, 0x8ffb, 0x8ffb, 0x8ffb, 0x8ffb, 
0x8ffb, 0x8ffb, 0x8ffb, 0x8ffb, 0x8ffb, 0x8ffb, 0x8ffb, 0x8ffb, 
0x9ff6, 0x9ff6, 0x9ff6, 0x9ff6, 0x9ff6, 0x9ff6, 0x9ff6, 0x9ff6, 
0x9ff6, 0x9ff6, 0x9ff6, 0x9ff6, 0x9ff6, 0x9ff6, 0x9ff6, 0x9ff6, 
0x9ff6, 0x9ff6, 0x9ff6, 0x9ff6, 0x9ff6, 0x9ff6, 0x9ff6, 0x9ff6, 
0x9ff6, 0x9ff6, 0x9ff6, 0x9ff6, 0x9ff6, 0x9ff6, 0x9ff6, 0x9ff6, 
0x9ff6, 0x9ff6, 0x9ff6, 0x9ff6, 0x9ff6, 0x9ff6, 0x9ff6, 0x9ff6, 
0x9ff6, 0x9ff6, 0x9ff6, 0x9ff6, 0x9ff6, 0x9ff6, 0x9ff6, 0x9ff6, 
0x9ff6, 0x9ff6, 0x9ff6, 0x9ff6, 0x9ff6, 0x9ff6, 0x9ff6, 0x9ff6, 
0x0000, 0x0000, 0x0000, 0x0000, 0x0000, 0x0000, 0x0000, 0x0000, 
0x0000, 0x0000, 0x0000, 0x0000, 0x0000, 0x0000, 0x0000, 0x0000, 
0x0000, 0x0000, 0x0000, 0x0000, 0x0000, 0x0000, 0x0000, 0x0000, 
0x0000, 0x0000, 0x0000, 0x0000, 0x0000, 0x0000, 0x0000, 0x0000, 
0x0000, 0x0000, 0x0000, 0x0000, 0x0000, 0x0000, 0x0000, 0x0000, 
0x0000, 0x0000, 0x0000, 0x0000, 0x0000, 0x0000, 0x0000, 0x0000, 
0x0000, 0x0000, 0x0000, 0x0000, 0x0000, 0x0000, 0x0000, 0x0000, 
0x7fff, 0x7fff, 0x7fff, 0x7fff, 0x7fff, 0x7fff, 0x7fff, 0x7fff, 
0x7fff, 0x7fff, 0x7fff, 0x7fff, 0x7fff, 0x7fff, 0x7fff, 0x7fff, 
0x7fff, 0x7fff, 0x7fff, 0x7fff, 0x7fff, 0x7fff, 0x7fff, 0x7fff, 
0x7fff, 0x7fff, 0x7fff, 0x7fff, 0x7fff, 0x7fff, 0x7fff, 0x7fff, 
0x7fff, 0x7fff, 0x7fff, 0x7fff, 0x7fff, 0x7fff, 0x7fff, 0x7fff, 
0x7fff, 0x7fff, 0x7fff, 0x7fff, 0x7fff, 0x7fff, 0x7fff, 0x7fff, 
0x7fff, 0x7fff, 0x7fff, 0x7fff, 0x7fff, 0x7fff, 0x7fff, 0x7fff, 
0x8ffb, 0x8ffb, 0x8ffb, 0x8ffb, 0x8ffb, 0x8ffb, 0x8ffb, 0x8ffb, 
0x8ffb, 0x8ffb, 0x8ffb, 0x8ffb, 0x8ffb, 0x8ffb, 0x8ffb, 0x8ffb, 
0x8ffb, 0x8ffb, 0x8ffb, 0x8ffb, 0x8ffb, 0x8ffb, 0x8ffb, 0x8ffb, 
0x8ffb, 0x8ffb, 0x8ffb, 0x8ffb, 0x8ffb, 0x8ffb, 0x8ffb, 0x8ffb, 
0x8ffb, 0x8ffb, 0x8ffb, 0x8ffb, 0x8ffb, 0x8ffb, 0x8ffb, 0x8ffb, 
0x8ffb, 0x8ffb, 0x8ffb, 0x8ffb, 0x8ffb, 0x8ffb, 0x8ffb, 0x8ffb, 
0x8ffb, 0x8ffb, 0x8ffb, 0x8ffb, 0x8ffb, 0x8ffb, 0x8ffb, 0x8ffb, 
0x9ff6, 0x9ff6, 0x9ff6, 0x9ff6, 0x9ff6, 0x9ff6, 0x9ff6, 0x9ff6, 
0x9ff6, 0x9ff6, 0x9ff6, 0x9ff6, 0x9ff6, 0x9ff6, 0x9ff6, 0x9ff6, 
0x9ff6, 0x9ff6, 0x9ff6, 0x9ff6, 0x9ff6, 0x9ff6, 0x9ff6, 0x9ff6, 
0x9ff6, 0x9ff6, 0x9ff6, 0x9ff6, 0x9ff6, 0x9ff6, 0x9ff6, 0x9ff6, 
0x9ff6, 0x9ff6, 0x9ff6, 0x9ff6, 0x9ff6, 0x9ff6, 0x9ff6, 0x9ff6, 
0x9ff6, 0x9ff6, 0x9ff6, 0x9ff6, 0x9ff6, 0x9ff6, 0x9ff6, 0x9ff6, 
0x9ff6, 0x9ff6, 0x9ff6, 0x9ff6, 0x9ff6, 0x9ff6, 0x9ff6, 0x9ff6, 
0x0000, 0x0000, 0x0000, 0x0000, 0x0000, 0x0000, 0x0000, 0x0000, 
0x0000, 0x0000, 0x0000, 0x0000, 0x0000, 0x0000, 0x0000, 0x0000, 
0x0000, 0x0000, 0x0000, 0x0000, 0x0000, 0x0000, 0x0000, 0x0000, 
0x0000, 0x0000, 0x0000, 0x0000, 0x0000, 0x0000, 0x0000, 0x0000, 
0x0000, 0x0000, 0x0000, 0x0000, 0x0000, 0x0000, 0x0000, 0x0000, 
0x0000, 0x0000, 0x0000, 0x0000, 0x0000, 0x0000, 0x0000, 0x0000, 
0x0000, 0x0000, 0x0000, 0x0000, 0x0000, 0x0000, 0x0000, 0x0000, 
0x7fff, 0x7fff, 0x7fff, 0x7fff, 0x7fff, 0x7fff, 0x7fff, 0x7fff, 
0x7fff, 0x7fff, 0x7fff, 0x7fff, 0x7fff, 0x7fff, 0x7fff, 0x7fff, 
0x7fff, 0x7fff, 0x7fff, 0x7fff, 0x7fff, 0x7fff, 0x7fff, 0x7fff, 
0x7fff, 0x7fff, 0x7fff, 0x7fff, 0x7fff, 0x7fff, 0x7fff, 0x7fff, 
0x7fff, 0x7fff, 0x7fff, 0x7fff, 0x7fff, 0x7fff, 0x7fff, 0x7fff, 
0x7fff, 0x7fff, 0x7fff, 0x7fff, 0x7fff, 0x7fff, 0x7fff, 0x7fff, 
0x7fff, 0x7fff, 0x7fff, 0x7fff, 0x7fff, 0x7fff, 0x7fff, 0x7fff, 
0x8ffb, 0x8ffb, 0x8ffb, 0x8ffb, 0x8ffb, 0x8ffb, 0x8ffb, 0x8ffb, 
0x8ffb, 0x8ffb, 0x8ffb, 0x8ffb, 0x8ffb, 0x8ffb, 0x8ffb, 0x8ffb, 
0x8ffb, 0x8ffb, 0x8ffb, 0x8ffb, 0x8ffb, 0x8ffb, 0x8ffb, 0x8ffb, 
0x8ffb, 0x8ffb, 0x8ffb, 0x8ffb, 0x8ffb, 0x8ffb, 0x8ffb, 0x8ffb, 
0x8ffb, 0x8ffb, 0x8ffb, 0x8ffb, 0x8ffb, 0x8ffb, 0x8ffb, 0x8ffb, 
0x8ffb, 0x8ffb, 0x8ffb, 0x8ffb, 0x8ffb, 0x8ffb, 0x8ffb, 0x8ffb, 
0x8ffb, 0x8ffb, 0x8ffb, 0x8ffb, 0x8ffb, 0x8ffb, 0x8ffb, 0x8ffb, 
0x9ff6, 0x9ff6, 0x9ff6, 0x9ff6, 0x9ff6, 0x9ff6, 0x9ff6, 0x9ff6, 
0x9ff6, 0x9ff6, 0x9ff6, 0x9ff6, 0x9ff6, 0x9ff6, 0x9ff6, 0x9ff6, 
0x9ff6, 0x9ff6, 0x9ff6, 0x9ff6, 0x9ff6, 0x9ff6, 0x9ff6, 0x9ff6, 
0x9ff6, 0x9ff6, 0x9ff6, 0x9ff6, 0x9ff6, 0x9ff6, 0x9ff6, 0x9ff6, 
0x9ff6, 0x9ff6, 0x9ff6, 0x9ff6, 0x9ff6, 0x9ff6, 0x9ff6, 0x9ff6, 
0x9ff6, 0x9ff6, 0x9ff6, 0x9ff6, 0x9ff6, 0x9ff6, 0x9ff6, 0x9ff6, 
0x9ff6, 0x9ff6, 0x9ff6, 0x9ff6, 0x9ff6, 0x9ff6, 0x9ff6, 0x9ff6, 
0x0000, 0x0000, 0x0000, 0x0000, 0x0000, 0x0000, 0x0000, 0x0000, 
0x0000, 0x0000, 0x0000, 0x0000, 0x0000, 0x0000, 0x0000, 0x0000, 
0x0000, 0x0000, 0x0000, 0x0000, 0x0000, 0x0000, 0x0000, 0x0000, 
0x0000, 0x0000, 0x0000, 0x0000, 0x0000, 0x0000, 0x0000, 0x0000, 
0x0000, 0x0000, 0x0000, 0x0000, 0x0000, 0x0000, 0x0000, 0x0000, 
0x0000, 0x0000, 0x0000, 0x0000, 0x0000, 0x0000, 0x0000, 0x0000, 
0x0000, 0x0000, 0x0000, 0x0000, 0x0000, 0x0000, 0x0000, 0x0000, 
0x7fff, 0x7fff, 0x7fff, 0x7fff, 0x7fff, 0x7fff, 0x7fff, 0x7fff, 
0x7fff, 0x7fff, 0x7fff, 0x7fff, 0x7fff, 0x7fff, 0x7fff, 0x7fff, 
0x7fff, 0x7fff, 0x7fff, 0x7fff, 0x7fff, 0x7fff, 0x7fff, 0x7fff, 
0x7fff, 0x7fff, 0x7fff, 0x7fff, 0x7fff, 0x7fff, 0x7fff, 0x7fff, 
0x7fff, 0x7fff, 0x7fff, 0x7fff, 0x7fff, 0x7fff, 0x7fff, 0x7fff, 
0x7fff, 0x7fff, 0x7fff, 0x7fff, 0x7fff, 0x7fff, 0x7fff, 0x7fff, 
0x7fff, 0x7fff, 0x7fff, 0x7fff, 0x7fff, 0x7fff, 0x7fff, 0x7fff, 
0x8ffb, 0x8ffb, 0x8ffb, 0x8ffb, 0x8ffb, 0x8ffb, 0x8ffb, 0x8ffb, 
0x8ffb, 0x8ffb, 0x8ffb, 0x8ffb, 0x8ffb, 0x8ffb, 0x8ffb, 0x8ffb, 
0x8ffb, 0x8ffb, 0x8ffb, 0x8ffb, 0x8ffb, 0x8ffb, 0x8ffb, 0x8ffb, 
0x8ffb, 0x8ffb, 0x8ffb, 0x8ffb, 0x8ffb, 0x8ffb, 0x8ffb, 0x8ffb, 
0x8ffb, 0x8ffb, 0x8ffb, 0x8ffb, 0x8ffb, 0x8ffb, 0x8ffb, 0x8ffb, 
0x8ffb, 0x8ffb, 0x8ffb, 0x8ffb, 0x8ffb, 0x8ffb, 0x8ffb, 0x8ffb, 
0x8ffb, 0x8ffb, 0x8ffb, 0x8ffb, 0x8ffb, 0x8ffb, 0x8ffb, 0x8ffb, 
0x9ff6, 0x9ff6, 0x9ff6, 0x9ff6, 0x9ff6, 0x9ff6, 0x9ff6, 0x9ff6, 
0x9ff6, 0x9ff6, 0x9ff6, 0x9ff6, 0x9ff6, 0x9ff6, 0x9ff6, 0x9ff6, 
0x9ff6, 0x9ff6, 0x9ff6, 0x9ff6, 0x9ff6, 0x9ff6, 0x9ff6, 0x9ff6, 
0x9ff6, 0x9ff6, 0x9ff6, 0x9ff6, 0x9ff6, 0x9ff6, 0x9ff6, 0x9ff6, 
0x9ff6, 0x9ff6, 0x9ff6, 0x9ff6, 0x9ff6, 0x9ff6, 0x9ff6, 0x9ff6, 
0x9ff6, 0x9ff6, 0x9ff6, 0x9ff6, 0x9ff6, 0x9ff6, 0x9ff6, 0x9ff6, 
0x9ff6, 0x9ff6, 0x9ff6, 0x9ff6, 0x9ff6, 0x9ff6, 0x9ff6, 0x9ff6, 
0x0000, 0x0000, 0x0000, 0x0000, 0x0000, 0x0000, 0x0000, 0x0000, 
0x0000, 0x0000, 0x0000, 0x0000, 0x0000, 0x0000, 0x0000, 0x0000, 
0x0000, 0x0000, 0x0000, 0x0000, 0x0000, 0x0000, 0x0000, 0x0000, 
0x0000, 0x0000, 0x0000, 0x0000, 0x0000, 0x0000, 0x0000, 0x0000, 
0x0000, 0x0000, 0x0000, 0x0000, 0x0000, 0x0000, 0x0000, 0x0000, 
0x0000, 0x0000, 0x0000, 0x0000, 0x0000, 0x0000, 0x0000, 0x0000, 
0x0000, 0x0000, 0x0000, 0x0000, 0x0000, 0x0000, 0x0000, 0x0000, 
0x7fff, 0x7fff, 0x7fff, 0x7fff, 0x7fff, 0x7fff, 0x7fff, 0x7fff, 
0x7fff, 0x7fff, 0x7fff, 0x7fff, 0x7fff, 0x7fff, 0x7fff, 0x7fff, 
0x7fff, 0x7fff, 0x7fff, 0x7fff, 0x7fff, 0x7fff, 0x7fff, 0x7fff, 
0x7fff, 0x7fff, 0x7fff, 0x7fff, 0x7fff, 0x7fff, 0x7fff, 0x7fff, 
0x7fff, 0x7fff, 0x7fff, 0x7fff, 0x7fff, 0x7fff, 0x7fff, 0x7fff, 
0x7fff, 0x7fff, 0x7fff, 0x7fff, 0x7fff, 0x7fff, 0x7fff, 0x7fff, 
0x7fff, 0x7fff, 0x7fff, 0x7fff, 0x7fff, 0x7fff, 0x7fff, 0x7fff, 
0x8ffb, 0x8ffb, 0x8ffb, 0x8ffb, 0x8ffb, 0x8ffb, 0x8ffb, 0x8ffb, 
0x8ffb, 0x8ffb, 0x8ffb, 0x8ffb, 0x8ffb, 0x8ffb, 0x8ffb, 0x8ffb, 
0x8ffb, 0x8ffb, 0x8ffb, 0x8ffb, 0x8ffb, 0x8ffb, 0x8ffb, 0x8ffb, 
0x8ffb, 0x8ffb, 0x8ffb, 0x8ffb, 0x8ffb, 0x8ffb, 0x8ffb, 0x8ffb, 
0x8ffb, 0x8ffb, 0x8ffb, 0x8ffb, 0x8ffb, 0x8ffb, 0x8ffb, 0x8ffb, 
0x8ffb, 0x8ffb, 0x8ffb, 0x8ffb, 0x8ffb, 0x8ffb, 0x8ffb, 0x8ffb, 
0x8ffb, 0x8ffb, 0x8ffb, 0x8ffb, 0x8ffb, 0x8ffb, 0x8ffb, 0x8ffb, 
0x9ff6, 0x9ff6, 0x9ff6, 0x9ff6, 0x9ff6, 0x9ff6, 0x9ff6, 0x9ff6, 
0x9ff6, 0x9ff6, 0x9ff6, 0x9ff6, 0x9ff6, 0x9ff6, 0x9ff6, 0x9ff6, 
0x9ff6, 0x9ff6, 0x9ff6, 0x9ff6, 0x9ff6, 0x9ff6, 0x9ff6, 0x9ff6, 
0x9ff6, 0x9ff6, 0x9ff6, 0x9ff6, 0x9ff6, 0x9ff6, 0x9ff6, 0x9ff6, 
0x9ff6, 0x9ff6, 0x9ff6, 0x9ff6, 0x9ff6, 0x9ff6, 0x9ff6, 0x9ff6, 
0x9ff6, 0x9ff6, 0x9ff6, 0x9ff6, 0x9ff6, 0x9ff6, 0x9ff6, 0x9ff6, 
0x9ff6, 0x9ff6, 0x9ff6, 0x9ff6, 0x9ff6, 0x9ff6, 0x9ff6, 0x9ff6, 
0x0000, 0x0000, 0x0000, 0x0000, 0x0000, 0x0000, 0x0000, 0x0000, 
0x0000, 0x0000, 0x0000, 0x0000, 0x0000, 0x0000, 0x0000, 0x0000, 
0x0000, 0x0000, 0x0000, 0x0000, 0x0000, 0x0000, 0x0000, 0x0000, 
0x0000, 0x0000, 0x0000, 0x0000, 0x0000, 0x0000, 0x0000, 0x0000, 
0x0000, 0x0000, 0x0000, 0x0000, 0x0000, 0x0000, 0x0000, 0x0000, 
0x0000, 0x0000, 0x0000, 0x0000, 0x0000, 0x0000, 0x0000, 0x0000, 
0x0000, 0x0000, 0x0000, 0x0000, 0x0000, 0x0000, 0x0000, 0x0000, 
0x7fff, 0x7fff, 0x7fff, 0x7fff, 0x7fff, 0x7fff, 0x7fff, 0x7fff, 
0x7fff, 0x7fff, 0x7fff, 0x7fff, 0x7fff, 0x7fff, 0x7fff, 0x7fff, 
0x7fff, 0x7fff, 0x7fff, 0x7fff, 0x7fff, 0x7fff, 0x7fff, 0x7fff, 
0x7fff, 0x7fff, 0x7fff, 0x7fff, 0x7fff, 0x7fff, 0x7fff, 0x7fff, 
0x7fff, 0x7fff, 0x7fff, 0x7fff, 0x7fff, 0x7fff, 0x7fff, 0x7fff, 
0x7fff, 0x7fff, 0x7fff, 0x7fff, 0x7fff, 0x7fff, 0x7fff, 0x7fff, 
0x7fff, 0x7fff, 0x7fff, 0x7fff, 0x7fff, 0x7fff, 0x7fff, 0x7fff, 
0x8ffb, 0x8ffb, 0x8ffb, 0x8ffb, 0x8ffb, 0x8ffb, 0x8ffb, 0x8ffb, 
0x8ffb, 0x8ffb, 0x8ffb, 0x8ffb, 0x8ffb, 0x8ffb, 0x8ffb, 0x8ffb, 
0x8ffb, 0x8ffb, 0x8ffb, 0x8ffb, 0x8ffb, 0x8ffb, 0x8ffb, 0x8ffb, 
0x8ffb, 0x8ffb, 0x8ffb, 0x8ffb, 0x8ffb, 0x8ffb, 0x8ffb, 0x8ffb, 
0x8ffb, 0x8ffb, 0x8ffb, 0x8ffb, 0x8ffb, 0x8ffb, 0x8ffb, 0x8ffb, 
0x8ffb, 0x8ffb, 0x8ffb, 0x8ffb, 0x8ffb, 0x8ffb, 0x8ffb, 0x8ffb, 
0x8ffb, 0x8ffb, 0x8ffb, 0x8ffb, 0x8ffb, 0x8ffb, 0x8ffb, 0x8ffb, 
0x9ff6, 0x9ff6, 0x9ff6, 0x9ff6, 0x9ff6, 0x9ff6, 0x9ff6, 0x9ff6, 
0x9ff6, 0x9ff6, 0x9ff6, 0x9ff6, 0x9ff6, 0x9ff6, 0x9ff6, 0x9ff6, 
0x9ff6, 0x9ff6, 0x9ff6, 0x9ff6, 0x9ff6, 0x9ff6, 0x9ff6, 0x9ff6, 
0x9ff6, 0x9ff6, 0x9ff6, 0x9ff6, 0x9ff6, 0x9ff6, 0x9ff6, 0x9ff6, 
0x9ff6, 0x9ff6, 0x9ff6, 0x9ff6, 0x9ff6, 0x9ff6, 0x9ff6, 0x9ff6, 
0x9ff6, 0x9ff6, 0x9ff6, 0x9ff6, 0x9ff6, 0x9ff6, 0x9ff6, 0x9ff6, 
0x9ff6, 0x9ff6, 0x9ff6, 0x9ff6, 0x9ff6, 0x9ff6, 0x9ff6, 0x9ff6, 
0x0000, 0x0000, 0x0000, 0x0000, 0x0000, 0x0000, 0x0000, 0x0000, 
0x0000, 0x0000, 0x0000, 0x0000, 0x0000, 0x0000, 0x0000, 0x0000, 
0x0000, 0x0000, 0x0000, 0x0000, 0x0000, 0x0000, 0x0000, 0x0000, 
0x0000, 0x0000, 0x0000, 0x0000, 0x0000, 0x0000, 0x0000, 0x0000, 
0x0000, 0x0000, 0x0000, 0x0000, 0x0000, 0x0000, 0x0000, 0x0000, 
0x0000, 0x0000, 0x0000, 0x0000, 0x0000, 0x0000, 0x0000, 0x0000, 
0x0000, 0x0000, 0x0000, 0x0000, 0x0000, 0x0000, 0x0000, 0x0000, 
0x7fff, 0x7fff, 0x7fff, 0x7fff, 0x7fff, 0x7fff, 0x7fff, 0x7fff, 
0x7fff, 0x7fff, 0x7fff, 0x7fff, 0x7fff, 0x7fff, 0x7fff, 0x7fff, 
0x7fff, 0x7fff, 0x7fff, 0x7fff, 0x7fff, 0x7fff, 0x7fff, 0x7fff, 
0x7fff, 0x7fff, 0x7fff, 0x7fff, 0x7fff, 0x7fff, 0x7fff, 0x7fff, 
0x7fff, 0x7fff, 0x7fff, 0x7fff, 0x7fff, 0x7fff, 0x7fff, 0x7fff, 
0x7fff, 0x7fff, 0x7fff, 0x7fff, 0x7fff, 0x7fff, 0x7fff, 0x7fff, 
0x7fff, 0x7fff, 0x7fff, 0x7fff, 0x7fff, 0x7fff, 0x7fff, 0x7fff, 
0x8ffb, 0x8ffb, 0x8ffb, 0x8ffb, 0x8ffb, 0x8ffb, 0x8ffb, 0x8ffb, 
0x8ffb, 0x8ffb, 0x8ffb, 0x8ffb, 0x8ffb, 0x8ffb, 0x8ffb, 0x8ffb, 
0x8ffb, 0x8ffb, 0x8ffb, 0x8ffb, 0x8ffb, 0x8ffb, 0x8ffb, 0x8ffb, 
0x8ffb, 0x8ffb, 0x8ffb, 0x8ffb, 0x8ffb, 0x8ffb, 0x8ffb, 0x8ffb, 
0x8ffb, 0x8ffb, 0x8ffb, 0x8ffb, 0x8ffb, 0x8ffb, 0x8ffb, 0x8ffb, 
0x8ffb, 0x8ffb, 0x8ffb, 0x8ffb, 0x8ffb, 0x8ffb, 0x8ffb, 0x8ffb, 
0x8ffb, 0x8ffb, 0x8ffb, 0x8ffb, 0x8ffb, 0x8ffb, 0x8ffb, 0x8ffb, 
0x9ff6, 0x9ff6, 0x9ff6, 0x9ff6, 0x9ff6, 0x9ff6, 0x9ff6, 0x9ff6, 
0x9ff6, 0x9ff6, 0x9ff6, 0x9ff6, 0x9ff6, 0x9ff6, 0x9ff6, 0x9ff6, 
0x9ff6, 0x9ff6, 0x9ff6, 0x9ff6, 0x9ff6, 0x9ff6, 0x9ff6, 0x9ff6, 
0x9ff6, 0x9ff6, 0x9ff6, 0x9ff6, 0x9ff6, 0x9ff6, 0x9ff6, 0x9ff6, 
0x9ff6, 0x9ff6, 0x9ff6, 0x9ff6, 0x9ff6, 0x9ff6, 0x9ff6, 0x9ff6, 
0x9ff6, 0x9ff6, 0x9ff6, 0x9ff6, 0x9ff6, 0x9ff6, 0x9ff6, 0x9ff6, 
0x9ff6, 0x9ff6, 0x9ff6, 0x9ff6, 0x9ff6, 0x9ff6, 0x9ff6, 0x9ff6, 
0x0000, 0x0000, 0x0000, 0x0000, 0x0000, 0x0000, 0x0000, 0x0000, 
0x0000, 0x0000, 0x0000, 0x0000, 0x0000, 0x0000, 0x0000, 0x0000, 
0x0000, 0x0000, 0x0000, 0x0000, 0x0000, 0x0000, 0x0000, 0x0000, 
0x0000, 0x0000, 0x0000, 0x0000, 0x0000, 0x0000, 0x0000, 0x0000, 
0x0000, 0x0000, 0x0000, 0x0000, 0x0000, 0x0000, 0x0000, 0x0000, 
0x0000, 0x0000, 0x0000, 0x0000, 0x0000, 0x0000, 0x0000, 0x0000, 
0x0000, 0x0000, 0x0000, 0x0000, 0x0000, 0x0000, 0x0000, 0x0000, 
0x7fff, 0x7fff, 0x7fff, 0x7fff, 0x7fff, 0x7fff, 0x6cfc, 0x35f5, 
0x34f5, 0x34f5, 0x34f5, 0x34f5, 0x34f5, 0x34f5, 0x34f5, 0x34f5, 
0x34f5, 0x48f8, 0x7fff, 0x7fff, 0x7fff, 0x7fff, 0x7fff, 0x7fff, 
0x7fff, 0x7fff, 0x7fff, 0x7fff, 0x6dfd, 0x59fa, 0x59f9, 0x7fff, 
0x7fff, 0x7fff, 0x7fff, 0x7fff, 0x7fff, 0x7fff, 0x7fff, 0x7fff, 
0x5afa, 0x35f5, 0x23f3, 0x22f2, 0x22f2, 0x33f4, 0x46f6, 0x6bfb, 
0x7fff, 0x7fff, 0x7fff, 0x7fff, 0x7fff, 0x7fff, 0x7fff, 0x7fff, 
0x8ffb, 0x8ffb, 0x8ffb, 0x8ffb, 0x8ffb, 0x8ffb, 0x8ffb, 0x8ffb, 
0x8ffb, 0x8ffb, 0x8ffb, 0x8ffb, 0x8ffb, 0x8ffb, 0x8ffb, 0x8ffb, 
0x8ffb, 0x8ffb, 0x8ffb, 0x8ffb, 0x8ffb, 0x8ffb, 0x8ffb, 0x8ffb, 
0x8ffb, 0x8ffb, 0x8ffb, 0x8ffb, 0x8ffb, 0x8ffb, 0x8ffb, 0x8ffb, 
0x8ffb, 0x8ffb, 0x8ffb, 0x8ffb, 0x8ffb, 0x8ffb, 0x8ffb, 0x8ffb, 
0x8ffb, 0x8ffb, 0x8ffb, 0x8ffb, 0x8ffb, 0x8ffb, 0x8ffb, 0x8ffb, 
0x8ffb, 0x8ffb, 0x8ffb, 0x8ffb, 0x8ffb, 0x8ffb, 0x8ffb, 0x8ffb, 
0x9ff6, 0x9ff6, 0x9ff6, 0x9ff6, 0x9ff6, 0x9ff6, 0x9ff6, 0x9ff6, 
0x9ff6, 0x9ff6, 0x9ff6, 0x9ff6, 0x9ff6, 0x9ff6, 0x9ff6, 0x9ff6, 
0x9ff6, 0x9ff6, 0x9ff6, 0x9ff6, 0x9ff6, 0x9ff6, 0x9ff6, 0x9ff6, 
0x9ff6, 0x9ff6, 0x9ff6, 0x9ff6, 0x9ff6, 0x9ff6, 0x9ff6, 0x9ff6, 
0x9ff6, 0x9ff6, 0x9ff6, 0x9ff6, 0x9ff6, 0x9ff6, 0x9ff6, 0x9ff6, 
0x9ff6, 0x9ff6, 0x9ff6, 0x9ff6, 0x9ff6, 0x9ff6, 0x9ff6, 0x9ff6, 
0x9ff6, 0x9ff6, 0x9ff6, 0x9ff6, 0x9ff6, 0x9ff6, 0x9ff6, 0x9ff6, 
0x0000, 0x0000, 0x0000, 0x0000, 0x0000, 0x0000, 0x0000, 0x0000, 
0x0000, 0x0000, 0x0000, 0x0000, 0x0000, 0x0000, 0x0000, 0x0000, 
0x0000, 0x0000, 0x0000, 0x0000, 0x0000, 0x0000, 0x0000, 0x0000, 
0x0000, 0x0000, 0x0000, 0x0000, 0x0000, 0x0000, 0x0000, 0x0000, 
0x0000, 0x0000, 0x0000, 0x0000, 0x0000, 0x0000, 0x0000, 0x0000, 
0x0000, 0x0000, 0x0000, 0x0000, 0x0000, 0x0000, 0x0000, 0x0000, 
0x0000, 0x0000, 0x0000, 0x0000, 0x0000, 0x0000, 0x0000, 0x0000, 
0x7fff, 0x7fff, 0x7fff, 0x7fff, 0x7fff, 0x7fff, 0x46f6, 0x22f2, 
0x22f2, 0x22f2, 0x22f2, 0x22f2, 0x22f2, 0x22f2, 0x22f2, 0x22f2, 
0x22f2, 0x22f2, 0x6dfd, 0x7fff, 0x7fff, 0x7fff, 0x7fff, 0x7fff, 
0x7fff, 0x6efe, 0x5afa, 0x46f6, 0x33f3, 0x22f2, 0x22f2, 0x6cfc, 
0x7fff, 0x7fff, 0x7fff, 0x7fff, 0x7fff, 0x7fff, 0x6efe, 0x35f5, 
0x22f2, 0x22f2, 0x22f2, 0x22f2, 0x22f2, 0x22f2, 0x22f2, 0x22f2, 
0x47f7, 0x7fff, 0x7fff, 0x7fff, 0x7fff, 0x7fff, 0x7fff, 0x7fff, 
0x8ffb, 0x8ffb, 0x8ffb, 0x8ffb, 0x8ffb, 0x8ffb, 0x8ffb, 0x8ffb, 
0x8ffb, 0x8ffb, 0x8ffb, 0x8ffb, 0x8ffb, 0x8ffb, 0x8ffb, 0x8ffb, 
0x8ffb, 0x8ffb, 0x8ffb, 0x8ffb, 0x8ffb, 0x8ffb, 0x8ffb, 0x8ffb, 
0x8ffb, 0x8ffb, 0x8ffb, 0x8ffb, 0x8ffb, 0x8ffb, 0x8ffb, 0x8ffb, 
0x8ffb, 0x8ffb, 0x8ffb, 0x8ffb, 0x8ffb, 0x8ffb, 0x8ffb, 0x8ffb, 
0x8ffb, 0x8ffb, 0x8ffb, 0x8ffb, 0x8ffb, 0x8ffb, 0x8ffb, 0x8ffb, 
0x8ffb, 0x8ffb, 0x8ffb, 0x8ffb, 0x8ffb, 0x8ffb, 0x8ffb, 0x8ffb, 
0x9ff6, 0x9ff6, 0x9ff6, 0x9ff6, 0x9ff6, 0x9ff6, 0x9ff6, 0x9ff6, 
0x9ff6, 0x9ff6, 0x9ff6, 0x9ff6, 0x9ff6, 0x9ff6, 0x9ff6, 0x9ff6, 
0x9ff6, 0x9ff6, 0x9ff6, 0x9ff6, 0x9ff6, 0x9ff6, 0x9ff6, 0x9ff6, 
0x9ff6, 0x9ff6, 0x9ff6, 0x9ff6, 0x9ff6, 0x9ff6, 0x9ff6, 0x9ff6, 
0x9ff6, 0x9ff6, 0x9ff6, 0x9ff6, 0x9ff6, 0x9ff6, 0x9ff6, 0x9ff6, 
0x9ff6, 0x9ff6, 0x9ff6, 0x9ff6, 0x9ff6, 0x9ff6, 0x9ff6, 0x9ff6, 
0x9ff6, 0x9ff6, 0x9ff6, 0x9ff6, 0x9ff6, 0x9ff6, 0x9ff6, 0x9ff6, 
0x0000, 0x0000, 0x0000, 0x0000, 0x0000, 0x0000, 0x0000, 0x0000, 
0x0000, 0x0000, 0x0000, 0x0000, 0x0000, 0x0000, 0x0000, 0x0000, 
0x0000, 0x0000, 0x0000, 0x0000, 0x0000, 0x0000, 0x0000, 0x0000, 
0x0000, 0x0000, 0x0000, 0x0000, 0x0000, 0x0000, 0x0000, 0x0000, 
0x0000, 0x0000, 0x0000, 0x0000, 0x0000, 0x0000, 0x0000, 0x0000, 
0x0000, 0x0000, 0x0000, 0x0000, 0x0000, 0x0000, 0x0000, 0x0000, 
0x0000, 0x0000, 0x0000, 0x0000, 0x0000, 0x0000, 0x0000, 0x0000, 
0x7fff, 0x7fff, 0x7fff, 0x7fff, 0x7fff, 0x7fff, 0x34f4, 0x22f2, 
0x22f3, 0x22f2, 0x22f3, 0x22f2, 0x22f2, 0x22f2, 0x22f2, 0x22f2, 
0x22f2, 0x22f2, 0x6dfd, 0x7fff, 0x7fff, 0x7fff, 0x7fff, 0x5afb, 
0x46f6, 0x23f3, 0x22f2, 0x22f2, 0x22f2, 0x22f3, 0x22f2, 0x6bfb, 
0x7fff, 0x7fff, 0x7fff, 0x7fff, 0x7fff, 0x7efe, 0x34f4, 0x22f2, 
0x22f3, 0x22f2, 0x22f2, 0x22f2, 0x22f2, 0x22f2, 0x22f2, 0x22f3, 
0x22f2, 0x48f8, 0x7fff, 0x7fff, 0x7fff, 0x7fff, 0x7fff, 0x7fff, 
0x8ffb, 0x8ffb, 0x8ffb, 0x8ffb, 0x8ffb, 0x8ffb, 0x8ffb, 0x8ffb, 
0x8ffb, 0x7cf9, 0x58f6, 0x58f6, 0x8ffb, 0x8ffb, 0x8ffb, 0x8ffb, 
0x8ffb, 0x8ffb, 0x7cf9, 0x46f5, 0x33f3, 0x22f2, 0x33f3, 0x46f5, 
0x7df9, 0x8ffb, 0x8ffb, 0x8ffb, 0x8ffb, 0x8ffb, 0x6bf8, 0x45f4, 
0x23f3, 0x22f2, 0x33f3, 0x45f4, 0x6bf8, 0x8ffb, 0x8ffb, 0x8ffb, 
0x8ffb, 0x8ffb, 0x8ffb, 0x8ffb, 0x8ffb, 0x7cf9, 0x34f4, 0x34f4, 
0x34f4, 0x6bf9, 0x8ffb, 0x8ffb, 0x8ffb, 0x8ffb, 0x8ffb, 0x8ffb, 
0x9ff6, 0x9ff6, 0x9ff6, 0x9ff6, 0x9ff6, 0x9ff6, 0x9ff6, 0xbffa, 
0xeffd, 0xffff, 0xffff, 0xfffe, 0xdffc, 0xaff8, 0x9ff6, 0x9ff6, 
0x9ff6, 0x9ff6, 0x9ff6, 0xbff9, 0xeffd, 0xffff, 0xffff, 0xeffe, 
0xcffb, 0x9ff6, 0x9ff6, 0x9ff6, 0x9ff6, 0x9ff6, 0x9ff6, 0x9ff6, 
0x9ff6, 0x9ff6, 0xdffb, 0xeffe, 0xeffe, 0xdffc, 0x9ff6, 0x9ff6, 
0x9ff6, 0x9ff6, 0xaff7, 0xdffc, 0xeffe, 0xffff, 0xffff, 0xeffe, 
0xcffa, 0x9ff6, 0x9ff6, 0x9ff6, 0x9ff6, 0x9ff6, 0x9ff6, 0x9ff6, 
0x0000, 0x0000, 0x0000, 0x0000, 0x0000, 0x0000, 0x0000, 0x0000, 
0x0000, 0x0000, 0x0000, 0x0000, 0x0000, 0x0000, 0x0000, 0x0000, 
0x0000, 0x0000, 0x0000, 0x0000, 0x0000, 0x0000, 0x0000, 0x0000, 
0x0000, 0x0000, 0x0000, 0x0000, 0x0000, 0x0000, 0x0000, 0x0000, 
0x0000, 0x0000, 0x0000, 0x0000, 0x0000, 0x0000, 0x0000, 0x0000, 
0x0000, 0x0000, 0x0000, 0x0000, 0x0000, 0x0000, 0x0000, 0x0000, 
0x0000, 0x0000, 0x0000, 0x0000, 0x0000, 0x0000, 0x0000, 0x0000, 
0x7fff, 0x7fff, 0x7fff, 0x7fff, 0x7fff, 0x7efe, 0x33f3, 0x22f2, 
0x22f2, 0x22f2, 0x22f2, 0x33f3, 0x33f4, 0x33f4, 0x33f4, 0x33f4, 
0x33f4, 0x46f7, 0x7fff, 0x7fff, 0x7fff, 0x7fff, 0x46f7, 0x22f2, 
0x22f2, 0x22f2, 0x22f3, 0x22f3, 0x22f2, 0x22f3, 0x22f2, 0x6bfb, 
0x7fff, 0x7fff, 0x7fff, 0x7fff, 0x7fff, 0x47f7, 0x22f2, 0x22f3, 
0x22f2, 0x22f2, 0x22f2, 0x34f4, 0x23f3, 0x22f2, 0x22f2, 0x22f2, 
0x22f3, 0x22f3, 0x6dfd, 0x7fff, 0x7fff, 0x7fff, 0x7fff, 0x7fff, 
0x8ffb, 0x8ffb, 0x8ffb, 0x8ffb, 0x8ffb, 0x8ffb, 0x7dfa, 0x59f7, 
0x45f4, 0x22f3, 0x22f2, 0x22f3, 0x8efa, 0x8ffb, 0x8ffb, 0x8ffb, 
0x8ffb, 0x6bf8, 0x22f3, 0x22f2, 0x22f2, 0x22f2, 0x22f2, 0x22f2, 
0x33f3, 0x7cf9, 0x8ffb, 0x8ffb, 0x8ffb, 0x58f6, 0x22f2, 0x22f2, 
0x22f2, 0x22f2, 0x22f2, 0x22f2, 0x22f2, 0x6af7, 0x8ffb, 0x8ffb, 
0x8ffb, 0x8ffb, 0x8ffb, 0x8ffb, 0x8efb, 0x34f4, 0x22f2, 0x22f2, 
0x22f2, 0x58f6, 0x8ffb, 0x8ffb, 0x8ffb, 0x8ffb, 0x8ffb, 0x8ffb, 
0x9ff6, 0x9ff6, 0x9ff6, 0x9ff6, 0x9ff6, 0x9ff6, 0xdffb, 0xffff, 
0xffff, 0xffff, 0xffff, 0xffff, 0xffff, 0xffff, 0xaff8, 0x9ff6, 
0x9ff6, 0x9ff6, 0xcffb, 0xffff, 0xffff, 0xffff, 0xffff, 0xffff, 
0xffff, 0xeffd, 0x9ff6, 0x9ff6, 0x9ff6, 0x9ff6, 0x9ff6, 0x9ff6, 
0x9ff6, 0xbffa, 0xffff, 0xffff, 0xffff, 0xfffe, 0x9ff6, 0x9ff6, 
0x9ff6, 0xaff7, 0xeffe, 0xffff, 0xffff, 0xffff, 0xffff, 0xffff, 
0xffff, 0xdffc, 0x9ff6, 0x9ff6, 0x9ff6, 0x9ff6, 0x9ff6, 0x9ff6, 
0x0000, 0x0000, 0x0000, 0x0000, 0x0000, 0x0000, 0x0000, 0x0000, 
0x0000, 0x0000, 0x0000, 0x0000, 0x0000, 0x0000, 0x0000, 0x0000, 
0x0000, 0x0000, 0x0000, 0x0000, 0x0000, 0x0000, 0x0000, 0x0000, 
0x0000, 0x0000, 0x0000, 0x0000, 0x0000, 0x0000, 0x0000, 0x0000, 
0x0000, 0x0000, 0x0000, 0x0000, 0x0000, 0x0000, 0x0000, 0x0000, 
0x0000, 0x0000, 0x0000, 0x0000, 0x0000, 0x0000, 0x0000, 0x0000, 
0x0000, 0x0000, 0x0000, 0x0000, 0x0000, 0x0000, 0x0000, 0x0000, 
0x7fff, 0x7fff, 0x7fff, 0x7fff, 0x7fff, 0x6cfd, 0x22f2, 0x22f2, 
0x22f3, 0x22f2, 0x47f8, 0x7efe, 0x7efe, 0x7efe, 0x7efe, 0x7efe, 
0x7eff, 0x7fff, 0x7fff, 0x7fff, 0x7fff, 0x7efe, 0x22f3, 0x22f3, 
0x22f3, 0x22f2, 0x22f2, 0x22f2, 0x22f2, 0x22f3, 0x22f2, 0x6bfb, 
0x7fff, 0x7fff, 0x7fff, 0x7fff, 0x6dfd, 0x23f3, 0x22f3, 0x22f3, 
0x22f3, 0x22f3, 0x6bfb, 0x7fff, 0x6dfd, 0x34f4, 0x22f2, 0x22f2, 
0x22f2, 0x22f2, 0x5afa, 0x7fff, 0x7fff, 0x7fff, 0x7fff, 0x7fff, 
0x8ffb, 0x8ffb, 0x8ffb, 0x8ffb, 0x8ffb, 0x47f6, 0x22f3, 0x22f2, 
0x22f2, 0x22f2, 0x22f2, 0x33f3, 0x8efa, 0x8ffb, 0x8ffb, 0x8ffb, 
0x8efa, 0x33f3, 0x22f2, 0x22f2, 0x22f2, 0x34f3, 0x22f2, 0x22f3, 
0x22f2, 0x34f3, 0x8efb, 0x8ffb, 0x6bf8, 0x22f2, 0x22f3, 0x22f2, 
0x22f3, 0x34f3, 0x22f2, 0x22f2, 0x22f2, 0x22f2, 0x7dfa, 0x8ffb, 
0x8ffb, 0x8ffb, 0x8ffb, 0x8ffb, 0x58f6, 0x22f2, 0x22f3, 0x22f3, 
0x22f2, 0x58f7, 0x8ffb, 0x8ffb, 0x8ffb, 0x8ffb, 0x8ffb, 0x8ffb, 
0x9ff6, 0x9ff6, 0x9ff6, 0x9ff6, 0x9ff6, 0xcffa, 0xffff, 0xffff, 
0xffff, 0xffff, 0xeffe, 0xffff, 0xffff, 0xffff, 0xeffe, 0x9ff6, 
0x9ff6, 0xaff8, 0xffff, 0xffff, 0xffff, 0xffff, 0xeffe, 0xffff, 
0xffff, 0xffff, 0xcffb, 0x9ff6, 0x9ff6, 0x9ff6, 0x9ff6, 0x9ff6, 
0xaff7, 0xfffe, 0xffff, 0xffff, 0xffff, 0xeffe, 0x9ff6, 0x9ff6, 
0x9ff6, 0xdffc, 0xffff, 0xffff, 0xffff, 0xeffe, 0xffff, 0xffff, 
0xffff, 0xffff, 0xcffa, 0x9ff6, 0x9ff6, 0x9ff6, 0x9ff6, 0x9ff6, 
0x0000, 0x0000, 0x0000, 0x0000, 0x0000, 0x0000, 0x0000, 0x0000, 
0x0000, 0x0000, 0x0000, 0x0000, 0x0000, 0x0000, 0x0000, 0x0000, 
0x0000, 0x0000, 0x0000, 0x0000, 0x0000, 0x0000, 0x0000, 0x0000, 
0x0000, 0x0000, 0x0000, 0x0000, 0x0000, 0x0000, 0x0000, 0x0000, 
0x0000, 0x0000, 0x0000, 0x0000, 0x0000, 0x0000, 0x0000, 0x0000, 
0x0000, 0x0000, 0x0000, 0x0000, 0x0000, 0x0000, 0x0000, 0x0000, 
0x0000, 0x0000, 0x0000, 0x0000, 0x0000, 0x0000, 0x0000, 0x0000, 
0x7fff, 0x7fff, 0x7fff, 0x7fff, 0x7fff, 0x6bfb, 0x22f2, 0x22f2, 
0x22f2, 0x22f2, 0x6dfd, 0x7fff, 0x7fff, 0x7fff, 0x7fff, 0x7fff, 
0x7fff, 0x7fff, 0x7fff, 0x7fff, 0x7fff, 0x7efe, 0x23f3, 0x22f2, 
0x22f2, 0x33f3, 0x22f2, 0x22f2, 0x22f2, 0x22f3, 0x22f2, 0x6bfb, 
0x7fff, 0x7fff, 0x7fff, 0x7fff, 0x6bfb, 0x22f2, 0x22f2, 0x22f2, 
0x22f2, 0x47f7, 0x7fff, 0x7fff, 0x7fff, 0x48f8, 0x22f2, 0x22f3, 
0x22f3, 0x22f2, 0x59f9, 0x7fff, 0x7fff, 0x7fff, 0x7fff, 0x7fff, 
0x8ffb, 0x8ffb, 0x8ffb, 0x8ffb, 0x8ffb, 0x22f2, 0x22f2, 0x22f2, 
0x22f2, 0x22f2, 0x22f2, 0x33f3, 0x8efa, 0x8ffb, 0x8ffb, 0x8ffb, 
0x6af7, 0x22f2, 0x22f3, 0x22f2, 0x69f7, 0x8ffb, 0x59f7, 0x22f2, 
0x22f3, 0x22f2, 0x6bf8, 0x8ffb, 0x34f4, 0x22f2, 0x22f2, 0x22f3, 
0x7cf9, 0x8ffb, 0x47f6, 0x22f2, 0x22f3, 0x22f2, 0x6af8, 0x8ffb, 
0x8ffb, 0x8ffb, 0x8ffb, 0x7df9, 0x22f2, 0x22f2, 0x22f2, 0x22f2, 
0x22f2, 0x58f6, 0x8ffb, 0x8ffb, 0x8ffb, 0x8ffb, 0x8ffb, 0x8ffb, 
0x9ff6, 0x9ff6, 0x9ff6, 0x9ff6, 0x9ff6, 0xffff, 0xffff, 0xffff, 
0xeffe, 0xaff7, 0x9ff6, 0xeffd, 0xffff, 0xffff, 0xffff, 0xaff7, 
0x9ff6, 0xdffc, 0xffff, 0xffff, 0xfffe, 0xaff8, 0x9ff6, 0xeffd, 
0xffff, 0xffff, 0xfffe, 0x9ff6, 0x9ff6, 0x9ff6, 0x9ff6, 0x9ff6, 
0xdffc, 0xffff, 0xffff, 0xffff, 0xffff, 0xeffe, 0x9ff6, 0x9ff6, 
0x9ff6, 0xfffe, 0xffff, 0xffff, 0xeffd, 0x9ff7, 0xaff8, 0xffff, 
0xffff, 0xffff, 0xdffc, 0x9ff6, 0x9ff6, 0x9ff6, 0x9ff6, 0x9ff6, 
0x0000, 0x0000, 0x0000, 0x0000, 0x0000, 0x0000, 0x0000, 0x0000, 
0x0000, 0x0000, 0x0000, 0x0000, 0x0000, 0x0000, 0x0000, 0x0000, 
0x0000, 0x0000, 0x0000, 0x0000, 0x0000, 0x0000, 0x0000, 0x0000, 
0x0000, 0x0000, 0x0000, 0x0000, 0x0000, 0x0000, 0x0000, 0x0000, 
0x0000, 0x0000, 0x0000, 0x0000, 0x0000, 0x0000, 0x0000, 0x0000, 
0x0000, 0x0000, 0x0000, 0x0000, 0x0000, 0x0000, 0x0000, 0x0000, 
0x0000, 0x0000, 0x0000, 0x0000, 0x0000, 0x0000, 0x0000, 0x0000, 
0x7fff, 0x7fff, 0x7fff, 0x7fff, 0x7fff, 0x59fa, 0x22f2, 0x22f3, 
0x22f2, 0x22f2, 0x5afa, 0x6dfd, 0x6cfc, 0x6cfc, 0x7efe, 0x7fff, 
0x7fff, 0x7fff, 0x7fff, 0x7fff, 0x7fff, 0x7fff, 0x6bfc, 0x5afa, 
0x6dfd, 0x7efe, 0x46f6, 0x22f2, 0x22f3, 0x22f3, 0x22f2, 0x6bfb, 
0x7fff, 0x7fff, 0x7fff, 0x7fff, 0x7efe, 0x47f8, 0x35f5, 0x35f5, 
0x47f7, 0x7efe, 0x7fff, 0x7fff, 0x7fff, 0x48f8, 0x22f2, 0x22f3, 
0x22f3, 0x22f2, 0x59f9, 0x7fff, 0x7fff, 0x7fff, 0x7fff, 0x7fff, 
0x8ffb, 0x8ffb, 0x8ffb, 0x8ffb, 0x8ffb, 0x46f5, 0x46f5, 0x58f7, 
0x33f3, 0x22f2, 0x22f2, 0x33f3, 0x8efa, 0x8ffb, 0x8ffb, 0x8ffb, 
0x46f5, 0x22f2, 0x22f2, 0x33f3, 0x8efb, 0x8ffb, 0x8efa, 0x23f3, 
0x22f2, 0x22f2, 0x57f6, 0x8ffb, 0x45f5, 0x22f3, 0x23f3, 0x59f7, 
0x8ffb, 0x8ffb, 0x6bf8, 0x22f2, 0x22f3, 0x22f2, 0x6af8, 0x8ffb, 
0x8ffb, 0x8ffb, 0x8ffb, 0x35f4, 0x22f2, 0x22f3, 0x22f2, 0x22f2, 
0x22f2, 0x58f6, 0x8ffb, 0x8ffb, 0x8ffb, 0x8ffb, 0x8ffb, 0x8ffb, 
0x9ff6, 0x9ff6, 0x9ff6, 0x9ff6, 0x9ff6, 0xeffe, 0xffff, 0xffff, 
0xbff9, 0x9ff6, 0x9ff6, 0xcffa, 0xffff, 0xffff, 0xffff, 0xaff8, 
0x9ff6, 0xeffe, 0xffff, 0xffff, 0xdffc, 0x9ff6, 0x9ff6, 0xbff9, 
0xffff, 0xffff, 0xffff, 0xaff8, 0x9ff6, 0x9ff6, 0x9ff6, 0xbff9, 
0xffff, 0xffff, 0xffff, 0xffff, 0xffff, 0xeffe, 0x9ff6, 0x9ff6, 
0x9ff7, 0xfffe, 0xffff, 0xffff, 0xdffc, 0x9ff6, 0x9ff6, 0xeffe, 
0xffff, 0xffff, 0xdffd, 0x9ff6, 0x9ff6, 0x9ff6, 0x9ff6, 0x9ff6, 
0x0000, 0x0000, 0x0000, 0x0000, 0x0000, 0x0000, 0x0000, 0x0000, 
0x0000, 0x0000, 0x0000, 0x0000, 0x0000, 0x0000, 0x0000, 0x0000, 
0x0000, 0x0000, 0x0000, 0x0000, 0x0000, 0x0000, 0x0000, 0x0000, 
0x0000, 0x0000, 0x0000, 0x0000, 0x0000, 0x0000, 0x0000, 0x0000, 
0x0000, 0x0000, 0x0000, 0x0000, 0x0000, 0x0000, 0x0000, 0x0000, 
0x0000, 0x0000, 0x0000, 0x0000, 0x0000, 0x0000, 0x0000, 0x0000, 
0x0000, 0x0000, 0x0000, 0x0000, 0x0000, 0x0000, 0x0000, 0x0000, 
0x7fff, 0x7fff, 0x7fff, 0x7fff, 0x7fff, 0x48f8, 0x22f2, 0x22f3, 
0x22f2, 0x22f2, 0x22f2, 0x22f2, 0x22f2, 0x22f2, 0x33f3, 0x47f7, 
0x6dfd, 0x7fff, 0x7fff, 0x7fff, 0x7fff, 0x7fff, 0x7fff, 0x7fff, 
0x7fff, 0x7fff, 0x48f8, 0x22f2, 0x22f3, 0x22f3, 0x22f2, 0x6bfb, 
0x7fff, 0x7fff, 0x7fff, 0x7fff, 0x7fff, 0x7fff, 0x7fff, 0x7fff, 
0x7fff, 0x7fff, 0x7fff, 0x7fff, 0x7fff, 0x34f5, 0x22f2, 0x22f2, 
0x22f2, 0x22f2, 0x6cfc, 0x7fff, 0x7fff, 0x7fff, 0x7fff, 0x7fff, 
0x8ffb, 0x8ffb, 0x8ffb, 0x8ffb, 0x8ffb, 0x8ffb, 0x8ffb, 0x8ffb, 
0x47f6, 0x22f2, 0x22f2, 0x33f3, 0x8efa, 0x8ffb, 0x8ffb, 0x8ffb, 
0x45f5, 0x22f2, 0x22f2, 0x34f4, 0x8ffb, 0x8ffb, 0x8efb, 0x33f3, 
0x22f2, 0x22f2, 0x46f5, 0x8ffb, 0x8ffb, 0x7dfa, 0x7efa, 0x8ffb, 
0x8ffb, 0x8ffb, 0x58f6, 0x22f2, 0x22f3, 0x22f2, 0x7cf9, 0x8ffb, 
0x8ffb, 0x8ffb, 0x59f7, 0x22f2, 0x22f2, 0x22f2, 0x22f2, 0x22f2, 
0x22f2, 0x58f6, 0x8ffb, 0x8ffb, 0x8ffb, 0x8ffb, 0x8ffb, 0x8ffb, 
0x9ff6, 0x9ff6, 0x9ff6, 0x9ff6, 0x9ff6, 0x9ff6, 0xaff7, 0xaff7, 
0x9ff6, 0x9ff6, 0x9ff6, 0xdffc, 0xffff, 0xffff, 0xfffe, 0x9ff6, 
0x9ff6, 0xfffe, 0xffff, 0xffff, 0xdffb, 0x9ff6, 0x9ff6, 0xbff8, 
0xffff, 0xffff, 0xffff, 0xbff9, 0x9ff6, 0x9ff6, 0x9ff6, 0xeffe, 
0xffff, 0xffff, 0xffff, 0xffff, 0xffff, 0xeffe, 0x9ff6, 0x9ff6, 
0x9ff6, 0xdffd, 0xffff, 0xffff, 0xfffe, 0xbff9, 0xcffa, 0xffff, 
0xffff, 0xffff, 0xcffa, 0x9ff6, 0x9ff6, 0x9ff6, 0x9ff6, 0x9ff6, 
0x0000, 0x0000, 0x0000, 0x0000, 0x0000, 0x0000, 0x0000, 0x0000, 
0x0000, 0x0000, 0x0000, 0x0000, 0x0000, 0x0000, 0x0000, 0x0000, 
0x0000, 0x0000, 0x0000, 0x0000, 0x0000, 0x0000, 0x0000, 0x0000, 
0x0000, 0x0000, 0x0000, 0x0000, 0x0000, 0x0000, 0x0000, 0x0000, 
0x0000, 0x0000, 0x0000, 0x0000, 0x0000, 0x0000, 0x0000, 0x0000, 
0x0000, 0x0000, 0x0000, 0x0000, 0x0000, 0x0000, 0x0000, 0x0000, 
0x0000, 0x0000, 0x0000, 0x0000, 0x0000, 0x0000, 0x0000, 0x0000, 
0x7fff, 0x7fff, 0x7fff, 0x7fff, 0x7fff, 0x46f6, 0x22f3, 0x22f3, 
0x22f2, 0x22f3, 0x22f3, 0x22f2, 0x22f3, 0x22f2, 0x22f2, 0x22f2, 
0x33f3, 0x6cfc, 0x7fff, 0x7fff, 0x7fff, 0x7fff, 0x7fff, 0x7fff, 
0x7fff, 0x7fff, 0x48f8, 0x22f2, 0x22f3, 0x22f3, 0x22f2, 0x6bfb, 
0x7fff, 0x7fff, 0x7fff, 0x7fff, 0x7fff, 0x7fff, 0x7fff, 0x7fff, 
0x7fff, 0x7fff, 0x7fff, 0x7fff, 0x59f9, 0x22f2, 0x22f3, 0x22f3, 
0x22f2, 0x35f5, 0x7fff, 0x7fff, 0x7fff, 0x7fff, 0x7fff, 0x7fff, 
0x8ffb, 0x8ffb, 0x8ffb, 0x8ffb, 0x8ffb, 0x8ffb, 0x8ffb, 0x8ffb, 
0x47f6, 0x22f2, 0x22f2, 0x33f3, 0x8efa, 0x8ffb, 0x8ffb, 0x8ffb, 
0x45f5, 0x22f2, 0x22f2, 0x34f4, 0x8ffb, 0x8ffb, 0x8ffb, 0x34f3, 
0x22f2, 0x22f2, 0x46f5, 0x8ffb, 0x8ffb, 0x8ffb, 0x8ffb, 0x8ffb, 
0x8ffb, 0x7dfa, 0x33f3, 0x22f2, 0x22f2, 0x34f4, 0x8ffb, 0x8ffb, 
0x8ffb, 0x7dfa, 0x33f3, 0x22f2, 0x33f3, 0x59f7, 0x22f2, 0x22f2, 
0x22f2, 0x58f6, 0x8ffb, 0x8ffb, 0x8ffb, 0x8ffb, 0x8ffb, 0x8ffb, 
0x9ff6, 0x9ff6, 0x9ff6, 0x9ff6, 0x9ff6, 0x9ff6, 0x9ff6, 0x9ff6, 
0x9ff6, 0x9ff6, 0xbff9, 0xffff, 0xffff, 0xffff, 0xdffb, 0x9ff6, 
0x9ff7, 0xfffe, 0xffff, 0xffff, 0xdffb, 0x9ff6, 0x9ff6, 0xbff8, 
0xffff, 0xffff, 0xffff, 0xbff9, 0x9ff6, 0x9ff6, 0xcffb, 0xffff, 
0xffff, 0xdffb, 0xdffd, 0xffff, 0xffff, 0xeffe, 0x9ff6, 0x9ff6, 
0x9ff6, 0xaff7, 0xeffe, 0xffff, 0xffff, 0xffff, 0xffff, 0xffff, 
0xffff, 0xdffc, 0x9ff6, 0x9ff6, 0x9ff6, 0x9ff6, 0x9ff6, 0x9ff6, 
0x0000, 0x0000, 0x0000, 0x0000, 0x0000, 0x0000, 0x0000, 0x0000, 
0x0000, 0x0000, 0x0000, 0x0000, 0x0000, 0x0000, 0x0000, 0x0000, 
0x0000, 0x0000, 0x0000, 0x0000, 0x0000, 0x0000, 0x0000, 0x0000, 
0x0000, 0x0000, 0x0000, 0x0000, 0x0000, 0x0000, 0x0000, 0x0000, 
0x0000, 0x0000, 0x0000, 0x0000, 0x0000, 0x0000, 0x0000, 0x0000, 
0x0000, 0x0000, 0x0000, 0x0000, 0x0000, 0x0000, 0x0000, 0x0000, 
0x0000, 0x0000, 0x0000, 0x0000, 0x0000, 0x0000, 0x0000, 0x0000, 
0x7fff, 0x7fff, 0x7fff, 0x7fff, 0x7fff, 0x47f7, 0x22f2, 0x22f2, 
0x22f2, 0x22f2, 0x22f2, 0x22f2, 0x22f2, 0x22f2, 0x22f2, 0x22f3, 
0x22f2, 0x34f4, 0x7efe, 0x7fff, 0x7fff, 0x7fff, 0x7fff, 0x7fff, 
0x7fff, 0x7fff, 0x48f8, 0x22f2, 0x22f3, 0x22f3, 0x22f2, 0x6bfb, 
0x7fff, 0x7fff, 0x7fff, 0x7fff, 0x7fff, 0x7fff, 0x7fff, 0x7fff, 
0x7fff, 0x7fff, 0x7fff, 0x6cfc, 0x22f3, 0x22f2, 0x22f2, 0x22f3, 
0x22f2, 0x6cfc, 0x7fff, 0x7fff, 0x7fff, 0x7fff, 0x7fff, 0x7fff, 
0x8ffb, 0x8ffb, 0x8ffb, 0x8ffb, 0x8ffb, 0x8ffb, 0x8ffb, 0x8ffb, 
0x47f6, 0x22f2, 0x22f2, 0x33f3, 0x8efa, 0x8ffb, 0x8ffb, 0x8ffb, 
0x45f5, 0x22f2, 0x22f2, 0x34f4, 0x8ffb, 0x8ffb, 0x8ffb, 0x34f3, 
0x22f2, 0x22f2, 0x46f5, 0x8ffb, 0x8ffb, 0x8ffb, 0x8ffb, 0x8ffb, 
0x8efa, 0x34f4, 0x22f2, 0x22f3, 0x22f2, 0x7cf9, 0x8ffb, 0x8ffb, 
0x8ffb, 0x46f5, 0x22f2, 0x22f2, 0x6af8, 0x8ffb, 0x22f2, 0x22f2, 
0x22f2, 0x59f7, 0x8ffb, 0x8ffb, 0x8ffb, 0x8ffb, 0x8ffb, 0x8ffb, 
0x9ff6, 0x9ff6, 0x9ff6, 0x9ff6, 0x9ff6, 0x9ff6, 0x9ff6, 0x9ff6, 
0x9ff6, 0xaff7, 0xfffe, 0xffff, 0xffff, 0xeffe, 0xaff7, 0x9ff6, 
0x9ff7, 0xfffe, 0xffff, 0xffff, 0xdffb, 0x9ff6, 0x9ff6, 0xbff8, 
0xffff, 0xffff, 0xffff, 0xbff9, 0x9ff6, 0xaff8, 0xffff, 0xffff, 
0xeffe, 0x9ff6, 0xcffb, 0xffff, 0xffff, 0xeffe, 0x9ff6, 0x9ff6, 
0x9ff6, 0x9ff6, 0xeffd, 0xffff, 0xffff, 0xffff, 0xffff, 0xffff, 
0xffff, 0xcffb, 0x9ff6, 0x9ff6, 0x9ff6, 0x9ff6, 0x9ff6, 0x9ff6, 
0x0000, 0x0000, 0x0000, 0x0000, 0x0000, 0x0000, 0x0000, 0x0000, 
0x0000, 0x0000, 0x0000, 0x0000, 0x0000, 0x0000, 0x0000, 0x0000, 
0x0000, 0x0000, 0x0000, 0x0000, 0x0000, 0x0000, 0x0000, 0x0000, 
0x0000, 0x0000, 0x0000, 0x0000, 0x0000, 0x0000, 0x0000, 0x0000, 
0x0000, 0x0000, 0x0000, 0x0000, 0x0000, 0x0000, 0x0000, 0x0000, 
0x0000, 0x0000, 0x0000, 0x0000, 0x0000, 0x0000, 0x0000, 0x0000, 
0x0000, 0x0000, 0x0000, 0x0000, 0x0000, 0x0000, 0x0000, 0x0000, 
0x7fff, 0x7fff, 0x7fff, 0x7fff, 0x7fff, 0x7efe, 0x48f8, 0x35f5, 
0x34f4, 0x46f7, 0x5bfb, 0x6cfc, 0x59f9, 0x23f3, 0x22f2, 0x22f2, 
0x22f3, 0x22f2, 0x5afa, 0x7fff, 0x7fff, 0x7fff, 0x7fff, 0x7fff, 
0x7fff, 0x7fff, 0x48f8, 0x22f2, 0x22f3, 0x22f3, 0x22f2, 0x6bfb, 
0x7fff, 0x7fff, 0x7fff, 0x7fff, 0x7fff, 0x7fff, 0x7fff, 0x7fff, 
0x7fff, 0x7fff, 0x6dfd, 0x33f3, 0x22f2, 0x22f2, 0x22f3, 0x22f2, 
0x59f9, 0x7fff, 0x7fff, 0x7fff, 0x7fff, 0x7fff, 0x7fff, 0x7fff, 
0x8ffb, 0x8ffb, 0x8ffb, 0x8ffb, 0x8ffb, 0x8ffb, 0x8ffb, 0x8ffb, 
0x47f6, 0x22f2, 0x22f2, 0x33f3, 0x8efa, 0x8ffb, 0x8ffb, 0x8ffb, 
0x45f5, 0x22f2, 0x22f2, 0x34f4, 0x8ffb, 0x8ffb, 0x8ffb, 0x34f3, 
0x22f2, 0x22f2, 0x46f5, 0x8ffb, 0x8ffb, 0x8ffb, 0x8ffb, 0x8efb, 
0x45f4, 0x22f2, 0x22f3, 0x22f2, 0x6af8, 0x8ffb, 0x8ffb, 0x8ffb, 
0x6af8, 0x22f2, 0x22f2, 0x22f2, 0x7cf9, 0x6af8, 0x22f2, 0x22f2, 
0x22f2, 0x46f5, 0x8efb, 0x8ffb, 0x8ffb, 0x8ffb, 0x8ffb, 0x8ffb, 
0x9ff6, 0x9ff6, 0x9ff6, 0x9ff6, 0x9ff6, 0x9ff6, 0x9ff6, 0x9ff6, 
0xaff7, 0xeffe, 0xffff, 0xffff, 0xffff, 0xaff8, 0x9ff6, 0x9ff6, 
0x9ff7, 0xfffe, 0xffff, 0xffff, 0xdffb, 0x9ff6, 0x9ff6, 0xbff8, 
0xffff, 0xffff, 0xffff, 0xbff9, 0x9ff6, 0xeffd, 0xffff, 0xffff, 
0xdffc, 0xaff7, 0xeffd, 0xffff, 0xffff, 0xffff, 0xaff8, 0x9ff6, 
0x9ff6, 0xdffb, 0xffff, 0xffff, 0xffff, 0xeffd, 0xeffe, 0xffff, 
0xffff, 0xffff, 0xbff9, 0x9ff6, 0x9ff6, 0x9ff6, 0x9ff6, 0x9ff6, 
0x0000, 0x0000, 0x0000, 0x0000, 0x0000, 0x0000, 0x0000, 0x0000, 
0x0000, 0x0000, 0x0000, 0x0000, 0x0000, 0x0000, 0x0000, 0x0000, 
0x0000, 0x0000, 0x0000, 0x0000, 0x0000, 0x0000, 0x0000, 0x0000, 
0x0000, 0x0000, 0x0000, 0x0000, 0x0000, 0x0000, 0x0000, 0x0000, 
0x0000, 0x0000, 0x0000, 0x0000, 0x0000, 0x0000, 0x0000, 0x0000, 
0x0000, 0x0000, 0x0000, 0x0000, 0x0000, 0x0000, 0x0000, 0x0000, 
0x0000, 0x0000, 0x0000, 0x0000, 0x0000, 0x0000, 0x0000, 0x0000, 
0x7fff, 0x7fff, 0x7fff, 0x7fff, 0x7fff, 0x7fff, 0x7fff, 0x7fff, 
0x7fff, 0x7fff, 0x7fff, 0x7fff, 0x7fff, 0x59f9, 0x22f2, 0x22f3, 
0x22f3, 0x22f2, 0x47f7, 0x7fff, 0x7fff, 0x7fff, 0x7fff, 0x7fff, 
0x7fff, 0x7fff, 0x48f8, 0x22f2, 0x22f3, 0x22f3, 0x22f2, 0x6bfb, 
0x7fff, 0x7fff, 0x7fff, 0x7fff, 0x7fff, 0x7fff, 0x7fff, 0x7fff, 
0x7fff, 0x6dfd, 0x34f4, 0x22f2, 0x22f2, 0x22f3, 0x22f2, 0x47f7, 
0x7fff, 0x7fff, 0x7fff, 0x7fff, 0x7fff, 0x7fff, 0x7fff, 0x7fff, 
0x8ffb, 0x8ffb, 0x8ffb, 0x8ffb, 0x8ffb, 0x8ffb, 0x8ffb, 0x8ffb, 
0x47f6, 0x22f2, 0x22f2, 0x33f3, 0x8efa, 0x8ffb, 0x8ffb, 0x8ffb, 
0x45f5, 0x22f2, 0x22f2, 0x34f4, 0x8ffb, 0x8ffb, 0x8efb, 0x33f3, 
0x22f2, 0x22f2, 0x46f5, 0x8ffb, 0x8ffb, 0x8ffb, 0x8ffb, 0x45f4, 
0x22f2, 0x22f3, 0x22f2, 0x59f7, 0x8ffb, 0x8ffb, 0x8ffb, 0x8ffb, 
0x34f4, 0x22f2, 0x22f3, 0x22f2, 0x22f2, 0x22f2, 0x22f2, 0x22f2, 
0x22f2, 0x22f2, 0x34f4, 0x8ffb, 0x8ffb, 0x8ffb, 0x8ffb, 0x8ffb, 
0x9ff6, 0x9ff6, 0x9ff6, 0x9ff6, 0x9ff6, 0x9ff6, 0x9ff6, 0x9ff7, 
0xeffe, 0xffff, 0xffff, 0xffff, 0xbff9, 0x9ff6, 0x9ff6, 0x9ff6, 
0x9ff7, 0xfffe, 0xffff, 0xffff, 0xdffb, 0x9ff6, 0x9ff6, 0xbff8, 
0xffff, 0xffff, 0xffff, 0xbff8, 0xaff8, 0xffff, 0xffff, 0xffff, 
0xffff, 0xffff, 0xffff, 0xffff, 0xffff, 0xffff, 0xffff, 0xaff8, 
0xaff7, 0xffff, 0xffff, 0xffff, 0xdffc, 0x9ff6, 0xaff7, 0xeffe, 
0xffff, 0xffff, 0xeffe, 0x9ff6, 0x9ff6, 0x9ff6, 0x9ff6, 0x9ff6, 
0x0000, 0x0000, 0x0000, 0x0000, 0x0000, 0x0000, 0x0000, 0x0000, 
0x0000, 0x0000, 0x0000, 0x0000, 0x0000, 0x0000, 0x0000, 0x0000, 
0x0000, 0x0000, 0x0000, 0x0000, 0x0000, 0x0000, 0x0000, 0x0000, 
0x0000, 0x0000, 0x0000, 0x0000, 0x0000, 0x0000, 0x0000, 0x0000, 
0x0000, 0x0000, 0x0000, 0x0000, 0x0000, 0x0000, 0x0000, 0x0000, 
0x0000, 0x0000, 0x0000, 0x0000, 0x0000, 0x0000, 0x0000, 0x0000, 
0x0000, 0x0000, 0x0000, 0x0000, 0x0000, 0x0000, 0x0000, 0x0000, 
0x7fff, 0x7fff, 0x7fff, 0x7fff, 0x7fff, 0x7fff, 0x7fff, 0x7fff, 
0x7fff, 0x7fff, 0x7fff, 0x7fff, 0x7fff, 0x6dfd, 0x22f2, 0x22f2, 
0x22f3, 0x22f2, 0x35f5, 0x7fff, 0x7fff, 0x7fff, 0x7fff, 0x7fff, 
0x7fff, 0x7fff, 0x48f8, 0x22f2, 0x22f3, 0x22f3, 0x22f2, 0x6bfb, 
0x7fff, 0x7fff, 0x7fff, 0x7fff, 0x7fff, 0x7fff, 0x7fff, 0x7fff, 
0x6efe, 0x33f4, 0x22f2, 0x22f3, 0x22f3, 0x22f2, 0x46f6, 0x7fff, 
0x7fff, 0x7fff, 0x7fff, 0x7fff, 0x7fff, 0x7fff, 0x7fff, 0x7fff, 
0x8ffb, 0x8ffb, 0x8ffb, 0x8ffb, 0x8ffb, 0x8ffb, 0x8ffb, 0x8ffb, 
0x47f6, 0x22f2, 0x22f2, 0x33f3, 0x8efa, 0x8ffb, 0x8ffb, 0x8ffb, 
0x47f5, 0x22f2, 0x22f2, 0x33f3, 0x8efb, 0x8ffb, 0x8efa, 0x23f3, 
0x22f2, 0x22f2, 0x57f6, 0x8ffb, 0x8ffb, 0x8ffb, 0x46f5, 0x22f2, 
0x22f3, 0x22f2, 0x59f7, 0x8ffb, 0x8ffb, 0x8ffb, 0x8ffb, 0x8ffb, 
0x33f3, 0x22f2, 0x22f2, 0x22f2, 0x22f2, 0x22f2, 0x22f2, 0x22f2, 
0x22f2, 0x22f2, 0x22f2, 0x8ffb, 0x8ffb, 0x8ffb, 0x8ffb, 0x8ffb, 
0x9ff6, 0x9ff6, 0x9ff6, 0x9ff6, 0x9ff6, 0x9ff6, 0x9ff7, 0xeffd, 
0xffff, 0xffff, 0xffff, 0xbff9, 0x9ff6, 0x9ff6, 0x9ff6, 0x9ff6, 
0x9ff6, 0xeffe, 0xffff, 0xffff, 0xdffc, 0x9ff6, 0x9ff6, 0xbff9, 
0xffff, 0xffff, 0xffff, 0xaff7, 0xbff9, 0xffff, 0xffff, 0xffff, 
0xffff, 0xffff, 0xffff, 0xffff, 0xffff, 0xffff, 0xffff, 0xbff9, 
0xaff8, 0xffff, 0xffff, 0xffff, 0xbff9, 0x9ff6, 0x9ff6, 0xdffc, 
0xffff, 0xffff, 0xffff, 0x9ff6, 0x9ff6, 0x9ff6, 0x9ff6, 0x9ff6, 
0x0000, 0x0000, 0x0000, 0x0000, 0x0000, 0x0000, 0x0000, 0x0000, 
0x0000, 0x0000, 0x0000, 0x0000, 0x0000, 0x0000, 0x0000, 0x0000, 
0x0000, 0x0000, 0x0000, 0x0000, 0x0000, 0x0000, 0x0000, 0x0000, 
0x0000, 0x0000, 0x0000, 0x0000, 0x0000, 0x0000, 0x0000, 0x0000, 
0x0000, 0x0000, 0x0000, 0x0000, 0x0000, 0x0000, 0x0000, 0x0000, 
0x0000, 0x0000, 0x0000, 0x0000, 0x0000, 0x0000, 0x0000, 0x0000, 
0x0000, 0x0000, 0x0000, 0x0000, 0x0000, 0x0000, 0x0000, 0x0000, 
0x7fff, 0x7fff, 0x7fff, 0x7fff, 0x7fff, 0x7fff, 0x7efe, 0x7efe, 
0x7efe, 0x7fff, 0x7fff, 0x7fff, 0x7fff, 0x6dfd, 0x22f2, 0x22f2, 
0x22f3, 0x22f2, 0x34f5, 0x7fff, 0x7fff, 0x7fff, 0x7fff, 0x7fff, 
0x7fff, 0x7fff, 0x48f8, 0x22f2, 0x22f3, 0x22f3, 0x22f2, 0x6bfb, 
0x7fff, 0x7fff, 0x7fff, 0x7fff, 0x7fff, 0x7fff, 0x7fff, 0x6efe, 
0x34f4, 0x22f2, 0x22f3, 0x22f2, 0x22f2, 0x46f6, 0x7fff, 0x7fff, 
0x7fff, 0x7fff, 0x7fff, 0x7fff, 0x7fff, 0x7fff, 0x7fff, 0x7fff, 
0x8ffb, 0x8ffb, 0x8ffb, 0x8ffb, 0x8ffb, 0x8ffb, 0x8ffb, 0x8ffb, 
0x47f6, 0x22f2, 0x22f2, 0x33f3, 0x8efa, 0x8ffb, 0x8ffb, 0x8ffb, 
0x6af8, 0x22f2, 0x22f3, 0x22f2, 0x69f7, 0x8ffb, 0x59f7, 0x22f2, 
0x22f3, 0x22f2, 0x6af8, 0x8ffb, 0x8ffb, 0x46f5, 0x22f2, 0x22f3, 
0x22f2, 0x34f3, 0x8efb, 0x8efb, 0x8efb, 0x8efb, 0x8ffb, 0x8ffb, 
0x6af7, 0x45f4, 0x45f4, 0x45f4, 0x45f4, 0x33f3, 0x22f2, 0x22f2, 
0x22f2, 0x22f3, 0x57f6, 0x8ffb, 0x8ffb, 0x8ffb, 0x8ffb, 0x8ffb, 
0x9ff6, 0x9ff6, 0x9ff6, 0x9ff6, 0x9ff6, 0x9ff7, 0xeffd, 0xffff, 
0xffff, 0xffff, 0xdffd, 0x9ff6, 0x9ff7, 0x9ff6, 0x9ff6, 0x9ff6, 
0x9ff6, 0xdffc, 0xffff, 0xffff, 0xfffe, 0xaff8, 0x9ff6, 0xdffd, 
0xffff, 0xffff, 0xfffe, 0x9ff6, 0x9ff7, 0xdffc, 0xeffd, 0xeffd, 
0xeffd, 0xeffd, 0xffff, 0xffff, 0xffff, 0xffff, 0xeffd, 0xaff7, 
0xaff8, 0xffff, 0xffff, 0xffff, 0xdffc, 0x9ff6, 0xaff7, 0xeffe, 
0xffff, 0xffff, 0xffff, 0x9ff6, 0x9ff6, 0x9ff6, 0x9ff6, 0x9ff6, 
0x0000, 0x0000, 0x0000, 0x0000, 0x0000, 0x0000, 0x0000, 0x0000, 
0x0000, 0x0000, 0x0000, 0x0000, 0x0000, 0x0000, 0x0000, 0x0000, 
0x0000, 0x0000, 0x0000, 0x0000, 0x0000, 0x0000, 0x0000, 0x0000, 
0x0000, 0x0000, 0x0000, 0x0000, 0x0000, 0x0000, 0x0000, 0x0000, 
0x0000, 0x0000, 0x0000, 0x0000, 0x0000, 0x0000, 0x0000, 0x0000, 
0x0000, 0x0000, 0x0000, 0x0000, 0x0000, 0x0000, 0x0000, 0x0000, 
0x0000, 0x0000, 0x0000, 0x0000, 0x0000, 0x0000, 0x0000, 0x0000, 
0x7fff, 0x7fff, 0x7fff, 0x7fff, 0x7fff, 0x35f6, 0x33f3, 0x33f3, 
0x33f4, 0x59f9, 0x7fff, 0x7fff, 0x7fff, 0x6cfc, 0x22f2, 0x22f2, 
0x22f3, 0x22f2, 0x46f6, 0x7fff, 0x7fff, 0x7fff, 0x7fff, 0x7fff, 
0x7fff, 0x7fff, 0x48f8, 0x22f2, 0x22f3, 0x22f3, 0x22f2, 0x6bfb, 
0x7fff, 0x7fff, 0x7fff, 0x7fff, 0x7fff, 0x7fff, 0x7efe, 0x34f4, 
0x22f2, 0x22f3, 0x22f2, 0x22f2, 0x35f5, 0x7fff, 0x7fff, 0x7fff, 
0x7fff, 0x7fff, 0x7fff, 0x7fff, 0x7fff, 0x7fff, 0x7fff, 0x7fff, 
0x8ffb, 0x8ffb, 0x8ffb, 0x8ffb, 0x8ffb, 0x8ffb, 0x8ffb, 0x8ffb, 
0x47f6, 0x22f2, 0x22f2, 0x33f3, 0x8efa, 0x8ffb, 0x8ffb, 0x8ffb, 
0x8efa, 0x33f3, 0x22f2, 0x22f2, 0x22f2, 0x34f3, 0x22f2, 0x22f3, 
0x22f2, 0x33f3, 0x8efa, 0x8ffb, 0x58f7, 0x22f2, 0x22f3, 0x22f2, 
0x22f2, 0x22f2, 0x33f3, 0x33f3, 0x33f3, 0x33f3, 0x59f7, 0x8ffb, 
0x8ffb, 0x8ffb, 0x8ffb, 0x8ffb, 0x8ffb, 0x7cf9, 0x22f2, 0x22f3, 
0x22f2, 0x47f6, 0x8ffb, 0x8ffb, 0x8ffb, 0x8ffb, 0x8ffb, 0x8ffb, 
0x9ff6, 0x9ff6, 0x9ff6, 0x9ff6, 0x9ff6, 0xdffc, 0xffff, 0xffff, 
0xffff, 0xffff, 0xffff, 0xfffe, 0xeffe, 0xeffe, 0xeffe, 0xbff9, 
0x9ff6, 0xaff8, 0xffff, 0xffff, 0xffff, 0xffff, 0xeffe, 0xffff, 
0xffff, 0xffff, 0xcffb, 0x9ff6, 0x9ff6, 0x9ff6, 0x9ff6, 0x9ff6, 
0x9ff6, 0x9ff6, 0xdffc, 0xffff, 0xffff, 0xffff, 0xaff7, 0x9ff6, 
0x9ff7, 0xeffe, 0xffff, 0xffff, 0xffff, 0xeffe, 0xfffe, 0xffff, 
0xffff, 0xffff, 0xdffc, 0x9ff6, 0x9ff6, 0x9ff6, 0x9ff6, 0x9ff6, 
0x0000, 0x0000, 0x0000, 0x0000, 0x0000, 0x0000, 0x0000, 0x0000, 
0x0000, 0x0000, 0x0000, 0x0000, 0x0000, 0x0000, 0x0000, 0x0000, 
0x0000, 0x0000, 0x0000, 0x0000, 0x0000, 0x0000, 0x0000, 0x0000, 
0x0000, 0x0000, 0x0000, 0x0000, 0x0000, 0x0000, 0x0000, 0x0000, 
0x0000, 0x0000, 0x0000, 0x0000, 0x0000, 0x0000, 0x0000, 0x0000, 
0x0000, 0x0000, 0x0000, 0x0000, 0x0000, 0x0000, 0x0000, 0x0000, 
0x0000, 0x0000, 0x0000, 0x0000, 0x0000, 0x0000, 0x0000, 0x0000, 
0x7fff, 0x7fff, 0x7fff, 0x7fff, 0x7fff, 0x22f2, 0x22f2, 0x22f2, 
0x22f2, 0x22f2, 0x5afa, 0x7fff, 0x7efe, 0x46f6, 0x22f2, 0x22f3, 
0x22f3, 0x22f2, 0x58f9, 0x7fff, 0x7fff, 0x7fff, 0x7fff, 0x7fff, 
0x7fff, 0x7fff, 0x48f8, 0x22f2, 0x22f3, 0x22f3, 0x22f2, 0x6bfb, 
0x7fff, 0x7fff, 0x7fff, 0x7fff, 0x7fff, 0x7efe, 0x35f5, 0x22f2, 
0x22f3, 0x22f2, 0x22f3, 0x22f2, 0x59fa, 0x7fff, 0x7efe, 0x7eff, 
0x7efe, 0x7fff, 0x7fff, 0x7fff, 0x7fff, 0x7fff, 0x7fff, 0x7fff, 
0x8ffb, 0x8ffb, 0x8ffb, 0x8ffb, 0x8ffb, 0x8ffb, 0x8ffb, 0x8ffb, 
0x47f5, 0x22f2, 0x22f2, 0x23f3, 0x8efa, 0x8ffb, 0x8ffb, 0x8ffb, 
0x8ffb, 0x6bf8, 0x23f3, 0x22f2, 0x22f2, 0x22f2, 0x22f2, 0x22f2, 
0x33f3, 0x7cf9, 0x8ffb, 0x8ffb, 0x45f4, 0x22f2, 0x22f2, 0x22f2, 
0x22f2, 0x22f2, 0x22f2, 0x22f2, 0x22f2, 0x22f2, 0x34f4, 0x8ffb, 
0x8ffb, 0x8ffb, 0x8ffb, 0x8ffb, 0x8ffb, 0x7dfa, 0x22f2, 0x22f2, 
0x22f2, 0x58f6, 0x8ffb, 0x8ffb, 0x8ffb, 0x8ffb, 0x8ffb, 0x8ffb, 
0x9ff6, 0x9ff6, 0x9ff6, 0x9ff6, 0x9ff6, 0xeffe, 0xffff, 0xffff, 
0xffff, 0xffff, 0xffff, 0xffff, 0xffff, 0xffff, 0xffff, 0xdffb, 
0x9ff6, 0x9ff6, 0xcffb, 0xffff, 0xffff, 0xffff, 0xffff, 0xffff, 
0xffff, 0xeffd, 0x9ff6, 0x9ff6, 0x9ff6, 0x9ff6, 0x9ff6, 0x9ff6, 
0x9ff6, 0x9ff6, 0xdffc, 0xffff, 0xffff, 0xfffe, 0x9ff6, 0x9ff6, 
0x9ff6, 0xbff9, 0xffff, 0xffff, 0xffff, 0xffff, 0xffff, 0xffff, 
0xffff, 0xeffd, 0xaff7, 0x9ff6, 0x9ff6, 0x9ff6, 0x9ff6, 0x9ff6, 
0x0000, 0x0000, 0x0000, 0x0000, 0x0000, 0x0000, 0x0000, 0x0000, 
0x0000, 0x0000, 0x0000, 0x0000, 0x0000, 0x0000, 0x0000, 0x0000, 
0x0000, 0x0000, 0x0000, 0x0000, 0x0000, 0x0000, 0x0000, 0x0000, 
0x0000, 0x0000, 0x0000, 0x0000, 0x0000, 0x0000, 0x0000, 0x0000, 
0x0000, 0x0000, 0x0000, 0x0000, 0x0000, 0x0000, 0x0000, 0x0000, 
0x0000, 0x0000, 0x0000, 0x0000, 0x0000, 0x0000, 0x0000, 0x0000, 
0x0000, 0x0000, 0x0000, 0x0000, 0x0000, 0x0000, 0x0000, 0x0000, 
0x7fff, 0x7fff, 0x7fff, 0x7fff, 0x7fff, 0x46f7, 0x22f2, 0x22f3, 
0x22f2, 0x22f2, 0x22f2, 0x34f4, 0x33f4, 0x22f2, 0x22f2, 0x22f2, 
0x22f3, 0x22f3, 0x6dfd, 0x7fff, 0x7fff, 0x7fff, 0x7fff, 0x7fff, 
0x7fff, 0x7fff, 0x48f8, 0x22f2, 0x22f3, 0x22f3, 0x22f2, 0x6bfb, 
0x7fff, 0x7fff, 0x7fff, 0x7fff, 0x7fff, 0x46f6, 0x22f2, 0x22f3, 
0x22f2, 0x22f2, 0x22f2, 0x22f2, 0x22f3, 0x33f4, 0x33f4, 0x33f4, 
0x33f4, 0x34f4, 0x48f8, 0x7fff, 0x7fff, 0x7fff, 0x7fff, 0x7fff, 
0x8ffb, 0x8ffb, 0x8ffb, 0x8ffb, 0x8ffb, 0x8ffb, 0x8ffb, 0x8ffb, 
0x6bf8, 0x34f4, 0x34f3, 0x47f5, 0x8ffb, 0x8ffb, 0x8ffb, 0x8ffb, 
0x8ffb, 0x8ffb, 0x7cf9, 0x46f5, 0x33f3, 0x22f2, 0x33f3, 0x46f5, 
0x7cf9, 0x8ffb, 0x8ffb, 0x8ffb, 0x6af7, 0x34f4, 0x34f4, 0x34f3, 
0x34f3, 0x34f3, 0x34f4, 0x34f4, 0x34f4, 0x34f4, 0x59f7, 0x8ffb, 
0x8ffb, 0x8ffb, 0x8ffb, 0x8ffb, 0x8ffb, 0x8efb, 0x46f5, 0x34f4, 
0x34f4, 0x6bf9, 0x8ffb, 0x8ffb, 0x8ffb, 0x8ffb, 0x8ffb, 0x8ffb, 
0x9ff6, 0x9ff6, 0x9ff6, 0x9ff6, 0x9ff6, 0xcffb, 0xeffe, 0xeffe, 
0xeffe, 0xeffe, 0xeffe, 0xeffe, 0xeffe, 0xeffe, 0xeffe, 0xbff8, 
0x9ff6, 0x9ff6, 0x9ff6, 0xbff9, 0xeffd, 0xffff, 0xffff, 0xeffe, 
0xcffb, 0x9ff6, 0x9ff6, 0x9ff6, 0x9ff6, 0x9ff6, 0x9ff6, 0x9ff6, 
0x9ff6, 0x9ff6, 0xbff9, 0xeffe, 0xeffe, 0xdffc, 0x9ff6, 0x9ff6, 
0x9ff6, 0x9ff6, 0xaff8, 0xdffc, 0xfffe, 0xffff, 0xffff, 0xeffe, 
0xcffb, 0x9ff7, 0x9ff6, 0x9ff6, 0x9ff6, 0x9ff6, 0x9ff6, 0x9ff6, 
0x0000, 0x0000, 0x0000, 0x0000, 0x0000, 0x0000, 0x0000, 0x0000, 
0x0000, 0x0000, 0x0000, 0x0000, 0x0000, 0x0000, 0x0000, 0x0000, 
0x0000, 0x0000, 0x0000, 0x0000, 0x0000, 0x0000, 0x0000, 0x0000, 
0x0000, 0x0000, 0x0000, 0x0000, 0x0000, 0x0000, 0x0000, 0x0000, 
0x0000, 0x0000, 0x0000, 0x0000, 0x0000, 0x0000, 0x0000, 0x0000, 
0x0000, 0x0000, 0x0000, 0x0000, 0x0000, 0x0000, 0x0000, 0x0000, 
0x0000, 0x0000, 0x0000, 0x0000, 0x0000, 0x0000, 0x0000, 0x0000, 
0x7fff, 0x7fff, 0x7fff, 0x7fff, 0x7fff, 0x7efe, 0x34f4, 0x22f2, 
0x22f3, 0x22f3, 0x22f2, 0x22f2, 0x22f2, 0x22f3, 0x22f3, 0x22f2, 
0x22f2, 0x59f9, 0x7fff, 0x7fff, 0x7fff, 0x7fff, 0x7fff, 0x7fff, 
0x7fff, 0x7fff, 0x48f8, 0x22f2, 0x22f3, 0x22f3, 0x22f2, 0x6bfb, 
0x7fff, 0x7fff, 0x7fff, 0x7fff, 0x7efe, 0x22f3, 0x22f3, 0x22f3, 
0x22f2, 0x22f2, 0x22f2, 0x22f2, 0x22f2, 0x22f2, 0x22f2, 0x22f2, 
0x22f2, 0x22f2, 0x22f2, 0x7fff, 0x7fff, 0x7fff, 0x7fff, 0x7fff, 
0x8ffb, 0x8ffb, 0x8ffb, 0x8ffb, 0x8ffb, 0x8ffb, 0x8ffb, 0x8ffb, 
0x8ffb, 0x8ffb, 0x8ffb, 0x8ffb, 0x8ffb, 0x8ffb, 0x8ffb, 0x8ffb, 
0x8ffb, 0x8ffb, 0x8ffb, 0x8ffb, 0x8ffb, 0x8ffb, 0x8ffb, 0x8ffb, 
0x8ffb, 0x8ffb, 0x8ffb, 0x8ffb, 0x8ffb, 0x8ffb, 0x8ffb, 0x8ffb, 
0x8ffb, 0x8ffb, 0x8ffb, 0x8ffb, 0x8ffb, 0x8ffb, 0x8ffb, 0x8ffb, 
0x8ffb, 0x8ffb, 0x8ffb, 0x8ffb, 0x8ffb, 0x8ffb, 0x8ffb, 0x8ffb, 
0x8ffb, 0x8ffb, 0x8ffb, 0x8ffb, 0x8ffb, 0x8ffb, 0x8ffb, 0x8ffb, 
0x9ff6, 0x9ff6, 0x9ff6, 0x9ff6, 0x9ff6, 0x9ff6, 0x9ff6, 0x9ff6, 
0x9ff6, 0x9ff6, 0x9ff6, 0x9ff6, 0x9ff6, 0x9ff6, 0x9ff6, 0x9ff6, 
0x9ff6, 0x9ff6, 0x9ff6, 0x9ff6, 0x9ff6, 0x9ff6, 0x9ff6, 0x9ff6, 
0x9ff6, 0x9ff6, 0x9ff6, 0x9ff6, 0x9ff6, 0x9ff6, 0x9ff6, 0x9ff6, 
0x9ff6, 0x9ff6, 0x9ff6, 0x9ff6, 0x9ff6, 0x9ff6, 0x9ff6, 0x9ff6, 
0x9ff6, 0x9ff6, 0x9ff6, 0x9ff6, 0x9ff6, 0x9ff6, 0x9ff6, 0x9ff6, 
0x9ff6, 0x9ff6, 0x9ff6, 0x9ff6, 0x9ff6, 0x9ff6, 0x9ff6, 0x9ff6, 
0x0000, 0x0000, 0x0000, 0x0000, 0x0000, 0x0000, 0x0000, 0x0000, 
0x0000, 0x0000, 0x0000, 0x0000, 0x0000, 0x0000, 0x0000, 0x0000, 
0x0000, 0x0000, 0x0000, 0x0000, 0x0000, 0x0000, 0x0000, 0x0000, 
0x0000, 0x0000, 0x0000, 0x0000, 0x0000, 0x0000, 0x0000, 0x0000, 
0x0000, 0x0000, 0x0000, 0x0000, 0x0000, 0x0000, 0x0000, 0x0000, 
0x0000, 0x0000, 0x0000, 0x0000, 0x0000, 0x0000, 0x0000, 0x0000, 
0x0000, 0x0000, 0x0000, 0x0000, 0x0000, 0x0000, 0x0000, 0x0000, 
0x7fff, 0x7fff, 0x7fff, 0x7fff, 0x7fff, 0x7fff, 0x6dfd, 0x35f6, 
0x22f2, 0x22f2, 0x22f2, 0x22f2, 0x22f2, 0x22f2, 0x22f2, 0x22f3, 
0x59f9, 0x7fff, 0x7fff, 0x7fff, 0x7fff, 0x7fff, 0x7fff, 0x7fff, 
0x7fff, 0x7fff, 0x48f8, 0x22f2, 0x22f2, 0x22f2, 0x22f2, 0x6bfc, 
0x7fff, 0x7fff, 0x7fff, 0x7fff, 0x7efe, 0x22f3, 0x22f2, 0x22f2, 
0x22f2, 0x22f2, 0x22f2, 0x22f2, 0x22f2, 0x22f2, 0x22f2, 0x22f2, 
0x22f2, 0x22f2, 0x22f3, 0x7fff, 0x7fff, 0x7fff, 0x7fff, 0x7fff, 
0x8ffb, 0x8ffb, 0x8ffb, 0x8ffb, 0x8ffb, 0x8ffb, 0x8ffb, 0x8ffb, 
0x8ffb, 0x8ffb, 0x8ffb, 0x8ffb, 0x8ffb, 0x8ffb, 0x8ffb, 0x8ffb, 
0x8ffb, 0x8ffb, 0x8ffb, 0x8ffb, 0x8ffb, 0x8ffb, 0x8ffb, 0x8ffb, 
0x8ffb, 0x8ffb, 0x8ffb, 0x8ffb, 0x8ffb, 0x8ffb, 0x8ffb, 0x8ffb, 
0x8ffb, 0x8ffb, 0x8ffb, 0x8ffb, 0x8ffb, 0x8ffb, 0x8ffb, 0x8ffb, 
0x8ffb, 0x8ffb, 0x8ffb, 0x8ffb, 0x8ffb, 0x8ffb, 0x8ffb, 0x8ffb, 
0x8ffb, 0x8ffb, 0x8ffb, 0x8ffb, 0x8ffb, 0x8ffb, 0x8ffb, 0x8ffb, 
0x9ff6, 0x9ff6, 0x9ff6, 0x9ff6, 0x9ff6, 0x9ff6, 0x9ff6, 0x9ff6, 
0x9ff6, 0x9ff6, 0x9ff6, 0x9ff6, 0x9ff6, 0x9ff6, 0x9ff6, 0x9ff6, 
0x9ff6, 0x9ff6, 0x9ff6, 0x9ff6, 0x9ff6, 0x9ff6, 0x9ff6, 0x9ff6, 
0x9ff6, 0x9ff6, 0x9ff6, 0x9ff6, 0x9ff6, 0x9ff6, 0x9ff6, 0x9ff6, 
0x9ff6, 0x9ff6, 0x9ff6, 0x9ff6, 0x9ff6, 0x9ff6, 0x9ff6, 0x9ff6, 
0x9ff6, 0x9ff6, 0x9ff6, 0x9ff6, 0x9ff6, 0x9ff6, 0x9ff6, 0x9ff6, 
0x9ff6, 0x9ff6, 0x9ff6, 0x9ff6, 0x9ff6, 0x9ff6, 0x9ff6, 0x9ff6, 
0x0000, 0x0000, 0x0000, 0x0000, 0x0000, 0x0000, 0x0000, 0x0000, 
0x0000, 0x0000, 0x0000, 0x0000, 0x0000, 0x0000, 0x0000, 0x0000, 
0x0000, 0x0000, 0x0000, 0x0000, 0x0000, 0x0000, 0x0000, 0x0000, 
0x0000, 0x0000, 0x0000, 0x0000, 0x0000, 0x0000, 0x0000, 0x0000, 
0x0000, 0x0000, 0x0000, 0x0000, 0x0000, 0x0000, 0x0000, 0x0000, 
0x0000, 0x0000, 0x0000, 0x0000, 0x0000, 0x0000, 0x0000, 0x0000, 
0x0000, 0x0000, 0x0000, 0x0000, 0x0000, 0x0000, 0x0000, 0x0000, 
0x7fff, 0x7fff, 0x7fff, 0x7fff, 0x7fff, 0x7fff, 0x7fff, 0x7fff, 
0x5afa, 0x46f6, 0x33f3, 0x22f2, 0x22f2, 0x33f4, 0x47f7, 0x6cfc, 
0x7fff, 0x7fff, 0x7fff, 0x7fff, 0x7fff, 0x7fff, 0x7fff, 0x7fff, 
0x7fff, 0x7fff, 0x6dfd, 0x35f6, 0x34f5, 0x34f5, 0x47f7, 0x7efe, 
0x7fff, 0x7fff, 0x7fff, 0x7fff, 0x7fff, 0x59f9, 0x34f5, 0x34f5, 
0x34f5, 0x34f5, 0x34f5, 0x34f5, 0x34f5, 0x34f5, 0x34f5, 0x34f5, 
0x34f5, 0x35f5, 0x59f9, 0x7fff, 0x7fff, 0x7fff, 0x7fff, 0x7fff, 
0x8ffb, 0x8ffb, 0x8ffb, 0x8ffb, 0x8ffb, 0x8ffb, 0x8ffb, 0x8ffb, 
0x8ffb, 0x8ffb, 0x8ffb, 0x8ffb, 0x8ffb, 0x8ffb, 0x8ffb, 0x8ffb, 
0x8ffb, 0x8ffb, 0x8ffb, 0x8ffb, 0x8ffb, 0x8ffb, 0x8ffb, 0x8ffb, 
0x8ffb, 0x8ffb, 0x8ffb, 0x8ffb, 0x8ffb, 0x8ffb, 0x8ffb, 0x8ffb, 
0x8ffb, 0x8ffb, 0x8ffb, 0x8ffb, 0x8ffb, 0x8ffb, 0x8ffb, 0x8ffb, 
0x8ffb, 0x8ffb, 0x8ffb, 0x8ffb, 0x8ffb, 0x8ffb, 0x8ffb, 0x8ffb, 
0x8ffb, 0x8ffb, 0x8ffb, 0x8ffb, 0x8ffb, 0x8ffb, 0x8ffb, 0x8ffb, 
0x9ff6, 0x9ff6, 0x9ff6, 0x9ff6, 0x9ff6, 0x9ff6, 0x9ff6, 0x9ff6, 
0x9ff6, 0x9ff6, 0x9ff6, 0x9ff6, 0x9ff6, 0x9ff6, 0x9ff6, 0x9ff6, 
0x9ff6, 0x9ff6, 0x9ff6, 0x9ff6, 0x9ff6, 0x9ff6, 0x9ff6, 0x9ff6, 
0x9ff6, 0x9ff6, 0x9ff6, 0x9ff6, 0x9ff6, 0x9ff6, 0x9ff6, 0x9ff6, 
0x9ff6, 0x9ff6, 0x9ff6, 0x9ff6, 0x9ff6, 0x9ff6, 0x9ff6, 0x9ff6, 
0x9ff6, 0x9ff6, 0x9ff6, 0x9ff6, 0x9ff6, 0x9ff6, 0x9ff6, 0x9ff6, 
0x9ff6, 0x9ff6, 0x9ff6, 0x9ff6, 0x9ff6, 0x9ff6, 0x9ff6, 0x9ff6, 
0x0000, 0x0000, 0x0000, 0x0000, 0x0000, 0x0000, 0x0000, 0x0000, 
0x0000, 0x0000, 0x0000, 0x0000, 0x0000, 0x0000, 0x0000, 0x0000, 
0x0000, 0x0000, 0x0000, 0x0000, 0x0000, 0x0000, 0x0000, 0x0000, 
0x0000, 0x0000, 0x0000, 0x0000, 0x0000, 0x0000, 0x0000, 0x0000, 
0x0000, 0x0000, 0x0000, 0x0000, 0x0000, 0x0000, 0x0000, 0x0000, 
0x0000, 0x0000, 0x0000, 0x0000, 0x0000, 0x0000, 0x0000, 0x0000, 
0x0000, 0x0000, 0x0000, 0x0000, 0x0000, 0x0000, 0x0000, 0x0000, 
0x7fff, 0x7fff, 0x7fff, 0x7fff, 0x7fff, 0x7fff, 0x7fff, 0x7fff, 
0x7fff, 0x7fff, 0x7fff, 0x7fff, 0x7fff, 0x7fff, 0x7fff, 0x7fff, 
0x7fff, 0x7fff, 0x7fff, 0x7fff, 0x7fff, 0x7fff, 0x7fff, 0x7fff, 
0x7fff, 0x7fff, 0x7fff, 0x7fff, 0x7fff, 0x7fff, 0x7fff, 0x7fff, 
0x7fff, 0x7fff, 0x7fff, 0x7fff, 0x7fff, 0x7fff, 0x7fff, 0x7fff, 
0x7fff, 0x7fff, 0x7fff, 0x7fff, 0x7fff, 0x7fff, 0x7fff, 0x7fff, 
0x7fff, 0x7fff, 0x7fff, 0x7fff, 0x7fff, 0x7fff, 0x7fff, 0x7fff, 
0x8ffb, 0x8ffb, 0x8ffb, 0x8ffb, 0x8ffb, 0x8ffb, 0x8ffb, 0x8ffb, 
0x8ffb, 0x8ffb, 0x8ffb, 0x8ffb, 0x8ffb, 0x8ffb, 0x8ffb, 0x8ffb, 
0x8ffb, 0x8ffb, 0x8ffb, 0x8ffb, 0x8ffb, 0x8ffb, 0x8ffb, 0x8ffb, 
0x8ffb, 0x8ffb, 0x8ffb, 0x8ffb, 0x8ffb, 0x8ffb, 0x8ffb, 0x8ffb, 
0x8ffb, 0x8ffb, 0x8ffb, 0x8ffb, 0x8ffb, 0x8ffb, 0x8ffb, 0x8ffb, 
0x8ffb, 0x8ffb, 0x8ffb, 0x8ffb, 0x8ffb, 0x8ffb, 0x8ffb, 0x8ffb, 
0x8ffb, 0x8ffb, 0x8ffb, 0x8ffb, 0x8ffb, 0x8ffb, 0x8ffb, 0x8ffb, 
0x9ff6, 0x9ff6, 0x9ff6, 0x9ff6, 0x9ff6, 0x9ff6, 0x9ff6, 0x9ff6, 
0x9ff6, 0x9ff6, 0x9ff6, 0x9ff6, 0x9ff6, 0x9ff6, 0x9ff6, 0x9ff6, 
0x9ff6, 0x9ff6, 0x9ff6, 0x9ff6, 0x9ff6, 0x9ff6, 0x9ff6, 0x9ff6, 
0x9ff6, 0x9ff6, 0x9ff6, 0x9ff6, 0x9ff6, 0x9ff6, 0x9ff6, 0x9ff6, 
0x9ff6, 0x9ff6, 0x9ff6, 0x9ff6, 0x9ff6, 0x9ff6, 0x9ff6, 0x9ff6, 
0x9ff6, 0x9ff6, 0x9ff6, 0x9ff6, 0x9ff6, 0x9ff6, 0x9ff6, 0x9ff6, 
0x9ff6, 0x9ff6, 0x9ff6, 0x9ff6, 0x9ff6, 0x9ff6, 0x9ff6, 0x9ff6, 
0x0000, 0x0000, 0x0000, 0x0000, 0x0000, 0x0000, 0x0000, 0x0000, 
0x0000, 0x0000, 0x0000, 0x0000, 0x0000, 0x0000, 0x0000, 0x0000, 
0x0000, 0x0000, 0x0000, 0x0000, 0x0000, 0x0000, 0x0000, 0x0000, 
0x0000, 0x0000, 0x0000, 0x0000, 0x0000, 0x0000, 0x0000, 0x0000, 
0x0000, 0x0000, 0x0000, 0x0000, 0x0000, 0x0000, 0x0000, 0x0000, 
0x0000, 0x0000, 0x0000, 0x0000, 0x0000, 0x0000, 0x0000, 0x0000, 
0x0000, 0x0000, 0x0000, 0x0000, 0x0000, 0x0000, 0x0000, 0x0000, 
0x7fff, 0x7fff, 0x7fff, 0x7fff, 0x7fff, 0x7fff, 0x7fff, 0x7fff, 
0x7fff, 0x7fff, 0x7fff, 0x7fff, 0x7fff, 0x7fff, 0x7fff, 0x7fff, 
0x7fff, 0x7fff, 0x7fff, 0x7fff, 0x7fff, 0x7fff, 0x7fff, 0x7fff, 
0x7fff, 0x7fff, 0x7fff, 0x7fff, 0x7fff, 0x7fff, 0x7fff, 0x7fff, 
0x7fff, 0x7fff, 0x7fff, 0x7fff, 0x7fff, 0x7fff, 0x7fff, 0x7fff, 
0x7fff, 0x7fff, 0x7fff, 0x7fff, 0x7fff, 0x7fff, 0x7fff, 0x7fff, 
0x7fff, 0x7fff, 0x7fff, 0x7fff, 0x7fff, 0x7fff, 0x7fff, 0x7fff, 
0x8ffb, 0x8ffb, 0x8ffb, 0x8ffb, 0x8ffb, 0x8ffb, 0x8ffb, 0x8ffb, 
0x8ffb, 0x8ffb, 0x8ffb, 0x8ffb, 0x8ffb, 0x8ffb, 0x8ffb, 0x8ffb, 
0x8ffb, 0x8ffb, 0x8ffb, 0x8ffb, 0x8ffb, 0x8ffb, 0x8ffb, 0x8ffb, 
0x8ffb, 0x8ffb, 0x8ffb, 0x8ffb, 0x8ffb, 0x8ffb, 0x8ffb, 0x8ffb, 
0x8ffb, 0x8ffb, 0x8ffb, 0x8ffb, 0x8ffb, 0x8ffb, 0x8ffb, 0x8ffb, 
0x8ffb, 0x8ffb, 0x8ffb, 0x8ffb, 0x8ffb, 0x8ffb, 0x8ffb, 0x8ffb, 
0x8ffb, 0x8ffb, 0x8ffb, 0x8ffb, 0x8ffb, 0x8ffb, 0x8ffb, 0x8ffb, 
0x9ff6, 0x9ff6, 0x9ff6, 0x9ff6, 0x9ff6, 0x9ff6, 0x9ff6, 0x9ff6, 
0x9ff6, 0x9ff6, 0x9ff6, 0x9ff6, 0x9ff6, 0x9ff6, 0x9ff6, 0x9ff6, 
0x9ff6, 0x9ff6, 0x9ff6, 0x9ff6, 0x9ff6, 0x9ff6, 0x9ff6, 0x9ff6, 
0x9ff6, 0x9ff6, 0x9ff6, 0x9ff6, 0x9ff6, 0x9ff6, 0x9ff6, 0x9ff6, 
0x9ff6, 0x9ff6, 0x9ff6, 0x9ff6, 0x9ff6, 0x9ff6, 0x9ff6, 0x9ff6, 
0x9ff6, 0x9ff6, 0x9ff6, 0x9ff6, 0x9ff6, 0x9ff6, 0x9ff6, 0x9ff6, 
0x9ff6, 0x9ff6, 0x9ff6, 0x9ff6, 0x9ff6, 0x9ff6, 0x9ff6, 0x9ff6, 
0x0000, 0x0000, 0x0000, 0x0000, 0x0000, 0x0000, 0x0000, 0x0000, 
0x0000, 0x0000, 0x0000, 0x0000, 0x0000, 0x0000, 0x0000, 0x0000, 
0x0000, 0x0000, 0x0000, 0x0000, 0x0000, 0x0000, 0x0000, 0x0000, 
0x0000, 0x0000, 0x0000, 0x0000, 0x0000, 0x0000, 0x0000, 0x0000, 
0x0000, 0x0000, 0x0000, 0x0000, 0x0000, 0x0000, 0x0000, 0x0000, 
0x0000, 0x0000, 0x0000, 0x0000, 0x0000, 0x0000, 0x0000, 0x0000, 
0x0000, 0x0000, 0x0000, 0x0000, 0x0000, 0x0000, 0x0000, 0x0000, 
0x7fff, 0x7fff, 0x7fff, 0x7fff, 0x7fff, 0x7fff, 0x7fff, 0x7fff, 
0x7fff, 0x7fff, 0x7fff, 0x7fff, 0x7fff, 0x7fff, 0x7fff, 0x7fff, 
0x7fff, 0x7fff, 0x7fff, 0x7fff, 0x7fff, 0x7fff, 0x7fff, 0x7fff, 
0x7fff, 0x7fff, 0x7fff, 0x7fff, 0x7fff, 0x7fff, 0x7fff, 0x7fff, 
0x7fff, 0x7fff, 0x7fff, 0x7fff, 0x7fff, 0x7fff, 0x7fff, 0x7fff, 
0x7fff, 0x7fff, 0x7fff, 0x7fff, 0x7fff, 0x7fff, 0x7fff, 0x7fff, 
0x7fff, 0x7fff, 0x7fff, 0x7fff, 0x7fff, 0x7fff, 0x7fff, 0x7fff, 
0x8ffb, 0x8ffb, 0x8ffb, 0x8ffb, 0x8ffb, 0x8ffb, 0x8ffb, 0x8ffb, 
0x8ffb, 0x8ffb, 0x8ffb, 0x8ffb, 0x8ffb, 0x8ffb, 0x8ffb, 0x8ffb, 
0x8ffb, 0x8ffb, 0x8ffb, 0x8ffb, 0x8ffb, 0x8ffb, 0x8ffb, 0x8ffb, 
0x8ffb, 0x8ffb, 0x8ffb, 0x8ffb, 0x8ffb, 0x8ffb, 0x8ffb, 0x8ffb, 
0x8ffb, 0x8ffb, 0x8ffb, 0x8ffb, 0x8ffb, 0x8ffb, 0x8ffb, 0x8ffb, 
0x8ffb, 0x8ffb, 0x8ffb, 0x8ffb, 0x8ffb, 0x8ffb, 0x8ffb, 0x8ffb, 
0x8ffb, 0x8ffb, 0x8ffb, 0x8ffb, 0x8ffb, 0x8ffb, 0x8ffb, 0x8ffb, 
0x9ff6, 0x9ff6, 0x9ff6, 0x9ff6, 0x9ff6, 0x9ff6, 0x9ff6, 0x9ff6, 
0x9ff6, 0x9ff6, 0x9ff6, 0x9ff6, 0x9ff6, 0x9ff6, 0x9ff6, 0x9ff6, 
0x9ff6, 0x9ff6, 0x9ff6, 0x9ff6, 0x9ff6, 0x9ff6, 0x9ff6, 0x9ff6, 
0x9ff6, 0x9ff6, 0x9ff6, 0x9ff6, 0x9ff6, 0x9ff6, 0x9ff6, 0x9ff6, 
0x9ff6, 0x9ff6, 0x9ff6, 0x9ff6, 0x9ff6, 0x9ff6, 0x9ff6, 0x9ff6, 
0x9ff6, 0x9ff6, 0x9ff6, 0x9ff6, 0x9ff6, 0x9ff6, 0x9ff6, 0x9ff6, 
0x9ff6, 0x9ff6, 0x9ff6, 0x9ff6, 0x9ff6, 0x9ff6, 0x9ff6, 0x9ff6, 
0x0000, 0x0000, 0x0000, 0x0000, 0x0000, 0x0000, 0x0000, 0x0000, 
0x0000, 0x0000, 0x0000, 0x0000, 0x0000, 0x0000, 0x0000, 0x0000, 
0x0000, 0x0000, 0x0000, 0x0000, 0x0000, 0x0000, 0x0000, 0x0000, 
0x0000, 0x0000, 0x0000, 0x0000, 0x0000, 0x0000, 0x0000, 0x0000, 
0x0000, 0x0000, 0x0000, 0x0000, 0x0000, 0x0000, 0x0000, 0x0000, 
0x0000, 0x0000, 0x0000, 0x0000, 0x0000, 0x0000, 0x0000, 0x0000, 
0x0000, 0x0000, 0x0000, 0x0000, 0x0000, 0x0000, 0x0000, 0x0000, 
0x7fff, 0x7fff, 0x7fff, 0x7fff, 0x7fff, 0x7fff, 0x7fff, 0x7fff, 
0x7fff, 0x7fff, 0x7fff, 0x7fff, 0x7fff, 0x7fff, 0x7fff, 0x7fff, 
0x7fff, 0x7fff, 0x7fff, 0x7fff, 0x7fff, 0x7fff, 0x7fff, 0x7fff, 
0x7fff, 0x7fff, 0x7fff, 0x7fff, 0x7fff, 0x7fff, 0x7fff, 0x7fff, 
0x7fff, 0x7fff, 0x7fff, 0x7fff, 0x7fff, 0x7fff, 0x7fff, 0x7fff, 
0x7fff, 0x7fff, 0x7fff, 0x7fff, 0x7fff, 0x7fff, 0x7fff, 0x7fff, 
0x7fff, 0x7fff, 0x7fff, 0x7fff, 0x7fff, 0x7fff, 0x7fff, 0x7fff, 
0x8ffb, 0x8ffb, 0x8ffb, 0x8ffb, 0x8ffb, 0x8ffb, 0x8ffb, 0x8ffb, 
0x8ffb, 0x8ffb, 0x8ffb, 0x8ffb, 0x8ffb, 0x8ffb, 0x8ffb, 0x8ffb, 
0x8ffb, 0x8ffb, 0x8ffb, 0x8ffb, 0x8ffb, 0x8ffb, 0x8ffb, 0x8ffb, 
0x8ffb, 0x8ffb, 0x8ffb, 0x8ffb, 0x8ffb, 0x8ffb, 0x8ffb, 0x8ffb, 
0x8ffb, 0x8ffb, 0x8ffb, 0x8ffb, 0x8ffb, 0x8ffb, 0x8ffb, 0x8ffb, 
0x8ffb, 0x8ffb, 0x8ffb, 0x8ffb, 0x8ffb, 0x8ffb, 0x8ffb, 0x8ffb, 
0x8ffb, 0x8ffb, 0x8ffb, 0x8ffb, 0x8ffb, 0x8ffb, 0x8ffb, 0x8ffb, 
0x9ff6, 0x9ff6, 0x9ff6, 0x9ff6, 0x9ff6, 0x9ff6, 0x9ff6, 0x9ff6, 
0x9ff6, 0x9ff6, 0x9ff6, 0x9ff6, 0x9ff6, 0x9ff6, 0x9ff6, 0x9ff6, 
0x9ff6, 0x9ff6, 0x9ff6, 0x9ff6, 0x9ff6, 0x9ff6, 0x9ff6, 0x9ff6, 
0x9ff6, 0x9ff6, 0x9ff6, 0x9ff6, 0x9ff6, 0x9ff6, 0x9ff6, 0x9ff6, 
0x9ff6, 0x9ff6, 0x9ff6, 0x9ff6, 0x9ff6, 0x9ff6, 0x9ff6, 0x9ff6, 
0x9ff6, 0x9ff6, 0x9ff6, 0x9ff6, 0x9ff6, 0x9ff6, 0x9ff6, 0x9ff6, 
0x9ff6, 0x9ff6, 0x9ff6, 0x9ff6, 0x9ff6, 0x9ff6, 0x9ff6, 0x9ff6, 
0x0000, 0x0000, 0x0000, 0x0000, 0x0000, 0x0000, 0x0000, 0x0000, 
0x0000, 0x0000, 0x0000, 0x0000, 0x0000, 0x0000, 0x0000, 0x0000, 
0x0000, 0x0000, 0x0000, 0x0000, 0x0000, 0x0000, 0x0000, 0x0000, 
0x0000, 0x0000, 0x0000, 0x0000, 0x0000, 0x0000, 0x0000, 0x0000, 
0x0000, 0x0000, 0x0000, 0x0000, 0x0000, 0x0000, 0x0000, 0x0000, 
0x0000, 0x0000, 0x0000, 0x0000, 0x0000, 0x0000, 0x0000, 0x0000, 
0x0000, 0x0000, 0x0000, 0x0000, 0x0000, 0x0000, 0x0000, 0x0000, 
0x7fff, 0x7fff, 0x7fff, 0x7fff, 0x7fff, 0x7fff, 0x7fff, 0x7fff, 
0x7fff, 0x7fff, 0x7fff, 0x7fff, 0x7fff, 0x7fff, 0x7fff, 0x7fff, 
0x7fff, 0x7fff, 0x7fff, 0x7fff, 0x7fff, 0x7fff, 0x7fff, 0x7fff, 
0x7fff, 0x7fff, 0x7fff, 0x7fff, 0x7fff, 0x7fff, 0x7fff, 0x7fff, 
0x7fff, 0x7fff, 0x7fff, 0x7fff, 0x7fff, 0x7fff, 0x7fff, 0x7fff, 
0x7fff, 0x7fff, 0x7fff, 0x7fff, 0x7fff, 0x7fff, 0x7fff, 0x7fff, 
0x7fff, 0x7fff, 0x7fff, 0x7fff, 0x7fff, 0x7fff, 0x7fff, 0x7fff, 
0x8ffb, 0x8ffb, 0x8ffb, 0x8ffb, 0x8ffb, 0x8ffb, 0x8ffb, 0x8ffb, 
0x8ffb, 0x8ffb, 0x8ffb, 0x8ffb, 0x8ffb, 0x8ffb, 0x8ffb, 0x8ffb, 
0x8ffb, 0x8ffb, 0x8ffb, 0x8ffb, 0x8ffb, 0x8ffb, 0x8ffb, 0x8ffb, 
0x8ffb, 0x8ffb, 0x8ffb, 0x8ffb, 0x8ffb, 0x8ffb, 0x8ffb, 0x8ffb, 
0x8ffb, 0x8ffb, 0x8ffb, 0x8ffb, 0x8ffb, 0x8ffb, 0x8ffb, 0x8ffb, 
0x8ffb, 0x8ffb, 0x8ffb, 0x8ffb, 0x8ffb, 0x8ffb, 0x8ffb, 0x8ffb, 
0x8ffb, 0x8ffb, 0x8ffb, 0x8ffb, 0x8ffb, 0x8ffb, 0x8ffb, 0x8ffb, 
0x9ff6, 0x9ff6, 0x9ff6, 0x9ff6, 0x9ff6, 0x9ff6, 0x9ff6, 0x9ff6, 
0x9ff6, 0x9ff6, 0x9ff6, 0x9ff6, 0x9ff6, 0x9ff6, 0x9ff6, 0x9ff6, 
0x9ff6, 0x9ff6, 0x9ff6, 0x9ff6, 0x9ff6, 0x9ff6, 0x9ff6, 0x9ff6, 
0x9ff6, 0x9ff6, 0x9ff6, 0x9ff6, 0x9ff6, 0x9ff6, 0x9ff6, 0x9ff6, 
0x9ff6, 0x9ff6, 0x9ff6, 0x9ff6, 0x9ff6, 0x9ff6, 0x9ff6, 0x9ff6, 
0x9ff6, 0x9ff6, 0x9ff6, 0x9ff6, 0x9ff6, 0x9ff6, 0x9ff6, 0x9ff6, 
0x9ff6, 0x9ff6, 0x9ff6, 0x9ff6, 0x9ff6, 0x9ff6, 0x9ff6, 0x9ff6, 
0x0000, 0x0000, 0x0000, 0x0000, 0x0000, 0x0000, 0x0000, 0x0000, 
0x0000, 0x0000, 0x0000, 0x0000, 0x0000, 0x0000, 0x0000, 0x0000, 
0x0000, 0x0000, 0x0000, 0x0000, 0x0000, 0x0000, 0x0000, 0x0000, 
0x0000, 0x0000, 0x0000, 0x0000, 0x0000, 0x0000, 0x0000, 0x0000, 
0x0000, 0x0000, 0x0000, 0x0000, 0x0000, 0x0000, 0x0000, 0x0000, 
0x0000, 0x0000, 0x0000, 0x0000, 0x0000, 0x0000, 0x0000, 0x0000, 
0x0000, 0x0000, 0x0000, 0x0000, 0x0000, 0x0000, 0x0000, 0x0000, 
0x7fff, 0x7fff, 0x7fff, 0x7fff, 0x7fff, 0x7fff, 0x7fff, 0x7fff, 
0x7fff, 0x7fff, 0x7fff, 0x7fff, 0x7fff, 0x7fff, 0x7fff, 0x7fff, 
0x7fff, 0x7fff, 0x7fff, 0x7fff, 0x7fff, 0x7fff, 0x7fff, 0x7fff, 
0x7fff, 0x7fff, 0x7fff, 0x7fff, 0x7fff, 0x7fff, 0x7fff, 0x7fff, 
0x7fff, 0x7fff, 0x7fff, 0x7fff, 0x7fff, 0x7fff, 0x7fff, 0x7fff, 
0x7fff, 0x7fff, 0x7fff, 0x7fff, 0x7fff, 0x7fff, 0x7fff, 0x7fff, 
0x7fff, 0x7fff, 0x7fff, 0x7fff, 0x7fff, 0x7fff, 0x7fff, 0x7fff, 
0x8ffb, 0x8ffb, 0x8ffb, 0x8ffb, 0x8ffb, 0x8ffb, 0x8ffb, 0x8ffb, 
0x8ffb, 0x8ffb, 0x8ffb, 0x8ffb, 0x8ffb, 0x8ffb, 0x8ffb, 0x8ffb, 
0x8ffb, 0x8ffb, 0x8ffb, 0x8ffb, 0x8ffb, 0x8ffb, 0x8ffb, 0x8ffb, 
0x8ffb, 0x8ffb, 0x8ffb, 0x8ffb, 0x8ffb, 0x8ffb, 0x8ffb, 0x8ffb, 
0x8ffb, 0x8ffb, 0x8ffb, 0x8ffb, 0x8ffb, 0x8ffb, 0x8ffb, 0x8ffb, 
0x8ffb, 0x8ffb, 0x8ffb, 0x8ffb, 0x8ffb, 0x8ffb, 0x8ffb, 0x8ffb, 
0x8ffb, 0x8ffb, 0x8ffb, 0x8ffb, 0x8ffb, 0x8ffb, 0x8ffb, 0x8ffb, 
0x9ff6, 0x9ff6, 0x9ff6, 0x9ff6, 0x9ff6, 0x9ff6, 0x9ff6, 0x9ff6, 
0x9ff6, 0x9ff6, 0x9ff6, 0x9ff6, 0x9ff6, 0x9ff6, 0x9ff6, 0x9ff6, 
0x9ff6, 0x9ff6, 0x9ff6, 0x9ff6, 0x9ff6, 0x9ff6, 0x9ff6, 0x9ff6, 
0x9ff6, 0x9ff6, 0x9ff6, 0x9ff6, 0x9ff6, 0x9ff6, 0x9ff6, 0x9ff6, 
0x9ff6, 0x9ff6, 0x9ff6, 0x9ff6, 0x9ff6, 0x9ff6, 0x9ff6, 0x9ff6, 
0x9ff6, 0x9ff6, 0x9ff6, 0x9ff6, 0x9ff6, 0x9ff6, 0x9ff6, 0x9ff6, 
0x9ff6, 0x9ff6, 0x9ff6, 0x9ff6, 0x9ff6, 0x9ff6, 0x9ff6, 0x9ff6, 
0x0000, 0x0000, 0x0000, 0x0000, 0x0000, 0x0000, 0x0000, 0x0000, 
0x0000, 0x0000, 0x0000, 0x0000, 0x0000, 0x0000, 0x0000, 0x0000, 
0x0000, 0x0000, 0x0000, 0x0000, 0x0000, 0x0000, 0x0000, 0x0000, 
0x0000, 0x0000, 0x0000, 0x0000, 0x0000, 0x0000, 0x0000, 0x0000, 
0x0000, 0x0000, 0x0000, 0x0000, 0x0000, 0x0000, 0x0000, 0x0000, 
0x0000, 0x0000, 0x0000, 0x0000, 0x0000, 0x0000, 0x0000, 0x0000, 
0x0000, 0x0000, 0x0000, 0x0000, 0x0000, 0x0000, 0x0000, 0x0000, 
0x7fff, 0x7fff, 0x7fff, 0x7fff, 0x7fff, 0x7fff, 0x7fff, 0x7fff, 
0x7fff, 0x7fff, 0x7fff, 0x7fff, 0x7fff, 0x7fff, 0x7fff, 0x7fff, 
0x7fff, 0x7fff, 0x7fff, 0x7fff, 0x7fff, 0x7fff, 0x7fff, 0x7fff, 
0x7fff, 0x7fff, 0x7fff, 0x7fff, 0x7fff, 0x7fff, 0x7fff, 0x7fff, 
0x7fff, 0x7fff, 0x7fff, 0x7fff, 0x7fff, 0x7fff, 0x7fff, 0x7fff, 
0x7fff, 0x7fff, 0x7fff, 0x7fff, 0x7fff, 0x7fff, 0x7fff, 0x7fff, 
0x7fff, 0x7fff, 0x7fff, 0x7fff, 0x7fff, 0x7fff, 0x7fff, 0x7fff, 
0x8ffb, 0x8ffb, 0x8ffb, 0x8ffb, 0x8ffb, 0x8ffb, 0x8ffb, 0x8ffb, 
0x8ffb, 0x8ffb, 0x8ffb, 0x8ffb, 0x8ffb, 0x8ffb, 0x8ffb, 0x8ffb, 
0x8ffb, 0x8ffb, 0x8ffb, 0x8ffb, 0x8ffb, 0x8ffb, 0x8ffb, 0x8ffb, 
0x8ffb, 0x8ffb, 0x8ffb, 0x8ffb, 0x8ffb, 0x8ffb, 0x8ffb, 0x8ffb, 
0x8ffb, 0x8ffb, 0x8ffb, 0x8ffb, 0x8ffb, 0x8ffb, 0x8ffb, 0x8ffb, 
0x8ffb, 0x8ffb, 0x8ffb, 0x8ffb, 0x8ffb, 0x8ffb, 0x8ffb, 0x8ffb, 
0x8ffb, 0x8ffb, 0x8ffb, 0x8ffb, 0x8ffb, 0x8ffb, 0x8ffb, 0x8ffb, 
0x9ff6, 0x9ff6, 0x9ff6, 0x9ff6, 0x9ff6, 0x9ff6, 0x9ff6, 0x9ff6, 
0x9ff6, 0x9ff6, 0x9ff6, 0x9ff6, 0x9ff6, 0x9ff6, 0x9ff6, 0x9ff6, 
0x9ff6, 0x9ff6, 0x9ff6, 0x9ff6, 0x9ff6, 0x9ff6, 0x9ff6, 0x9ff6, 
0x9ff6, 0x9ff6, 0x9ff6, 0x9ff6, 0x9ff6, 0x9ff6, 0x9ff6, 0x9ff6, 
0x9ff6, 0x9ff6, 0x9ff6, 0x9ff6, 0x9ff6, 0x9ff6, 0x9ff6, 0x9ff6, 
0x9ff6, 0x9ff6, 0x9ff6, 0x9ff6, 0x9ff6, 0x9ff6, 0x9ff6, 0x9ff6, 
0x9ff6, 0x9ff6, 0x9ff6, 0x9ff6, 0x9ff6, 0x9ff6, 0x9ff6, 0x9ff6, 
0x0000, 0x0000, 0x0000, 0x0000, 0x0000, 0x0000, 0x0000, 0x0000, 
0x0000, 0x0000, 0x0000, 0x0000, 0x0000, 0x0000, 0x0000, 0x0000, 
0x0000, 0x0000, 0x0000, 0x0000, 0x0000, 0x0000, 0x0000, 0x0000, 
0x0000, 0x0000, 0x0000, 0x0000, 0x0000, 0x0000, 0x0000, 0x0000, 
0x0000, 0x0000, 0x0000, 0x0000, 0x0000, 0x0000, 0x0000, 0x0000, 
0x0000, 0x0000, 0x0000, 0x0000, 0x0000, 0x0000, 0x0000, 0x0000, 
0x0000, 0x0000, 0x0000, 0x0000, 0x0000, 0x0000, 0x0000, 0x0000, 
0x7fff, 0x7fff, 0x7fff, 0x7fff, 0x7fff, 0x7fff, 0x7fff, 0x7fff, 
0x7fff, 0x7fff, 0x7fff, 0x7fff, 0x7fff, 0x7fff, 0x7fff, 0x7fff, 
0x7fff, 0x7fff, 0x7fff, 0x7fff, 0x7fff, 0x7fff, 0x7fff, 0x7fff, 
0x7fff, 0x7fff, 0x7fff, 0x7fff, 0x7fff, 0x7fff, 0x7fff, 0x7fff, 
0x7fff, 0x7fff, 0x7fff, 0x7fff, 0x7fff, 0x7fff, 0x7fff, 0x7fff, 
0x7fff, 0x7fff, 0x7fff, 0x7fff, 0x7fff, 0x7fff, 0x7fff, 0x7fff, 
0x7fff, 0x7fff, 0x7fff, 0x7fff, 0x7fff, 0x7fff, 0x7fff, 0x7fff, 
0x8ffb, 0x8ffb, 0x8ffb, 0x8ffb, 0x8ffb, 0x8ffb, 0x8ffb, 0x8ffb, 
0x8ffb, 0x8ffb, 0x8ffb, 0x8ffb, 0x8ffb, 0x8ffb, 0x8ffb, 0x8ffb, 
0x8ffb, 0x8ffb, 0x8ffb, 0x8ffb, 0x8ffb, 0x8ffb, 0x8ffb, 0x8ffb, 
0x8ffb, 0x8ffb, 0x8ffb, 0x8ffb, 0x8ffb, 0x8ffb, 0x8ffb, 0x8ffb, 
0x8ffb, 0x8ffb, 0x8ffb, 0x8ffb, 0x8ffb, 0x8ffb, 0x8ffb, 0x8ffb, 
0x8ffb, 0x8ffb, 0x8ffb, 0x8ffb, 0x8ffb, 0x8ffb, 0x8ffb, 0x8ffb, 
0x8ffb, 0x8ffb, 0x8ffb, 0x8ffb, 0x8ffb, 0x8ffb, 0x8ffb, 0x8ffb, 
0x9ff6, 0x9ff6, 0x9ff6, 0x9ff6, 0x9ff6, 0x9ff6, 0x9ff6, 0x9ff6, 
0x9ff6, 0x9ff6, 0x9ff6, 0x9ff6, 0x9ff6, 0x9ff6, 0x9ff6, 0x9ff6, 
0x9ff6, 0x9ff6, 0x9ff6, 0x9ff6, 0x9ff6, 0x9ff6, 0x9ff6, 0x9ff6, 
0x9ff6, 0x9ff6, 0x9ff6, 0x9ff6, 0x9ff6, 0x9ff6, 0x9ff6, 0x9ff6, 
0x9ff6, 0x9ff6, 0x9ff6, 0x9ff6, 0x9ff6, 0x9ff6, 0x9ff6, 0x9ff6, 
0x9ff6, 0x9ff6, 0x9ff6, 0x9ff6, 0x9ff6, 0x9ff6, 0x9ff6, 0x9ff6, 
0x9ff6, 0x9ff6, 0x9ff6, 0x9ff6, 0x9ff6, 0x9ff6, 0x9ff6, 0x9ff6, 
0x0000, 0x0000, 0x0000, 0x0000, 0x0000, 0x0000, 0x0000, 0x0000, 
0x0000, 0x0000, 0x0000, 0x0000, 0x0000, 0x0000, 0x0000, 0x0000, 
0x0000, 0x0000, 0x0000, 0x0000, 0x0000, 0x0000, 0x0000, 0x0000, 
0x0000, 0x0000, 0x0000, 0x0000, 0x0000, 0x0000, 0x0000, 0x0000, 
0x0000, 0x0000, 0x0000, 0x0000, 0x0000, 0x0000, 0x0000, 0x0000, 
0x0000, 0x0000, 0x0000, 0x0000, 0x0000, 0x0000, 0x0000, 0x0000, 
0x0000, 0x0000, 0x0000, 0x0000, 0x0000, 0x0000, 0x0000, 0x0000, 
0x7fff, 0x7fff, 0x7fff, 0x7fff, 0x7fff, 0x7fff, 0x7fff, 0x7fff, 
0x7fff, 0x7fff, 0x7fff, 0x7fff, 0x7fff, 0x7fff, 0x7fff, 0x7fff, 
0x7fff, 0x7fff, 0x7fff, 0x7fff, 0x7fff, 0x7fff, 0x7fff, 0x7fff, 
0x7fff, 0x7fff, 0x7fff, 0x7fff, 0x7fff, 0x7fff, 0x7fff, 0x7fff, 
0x7fff, 0x7fff, 0x7fff, 0x7fff, 0x7fff, 0x7fff, 0x7fff, 0x7fff, 
0x7fff, 0x7fff, 0x7fff, 0x7fff, 0x7fff, 0x7fff, 0x7fff, 0x7fff, 
0x7fff, 0x7fff, 0x7fff, 0x7fff, 0x7fff, 0x7fff, 0x7fff, 0x7fff, 
0x8ffb, 0x8ffb, 0x8ffb, 0x8ffb, 0x8ffb, 0x8ffb, 0x8ffb, 0x8ffb, 
0x8ffb, 0x8ffb, 0x8ffb, 0x8ffb, 0x8ffb, 0x8ffb, 0x8ffb, 0x8ffb, 
0x8ffb, 0x8ffb, 0x8ffb, 0x8ffb, 0x8ffb, 0x8ffb, 0x8ffb, 0x8ffb, 
0x8ffb, 0x8ffb, 0x8ffb, 0x8ffb, 0x8ffb, 0x8ffb, 0x8ffb, 0x8ffb, 
0x8ffb, 0x8ffb, 0x8ffb, 0x8ffb, 0x8ffb, 0x8ffb, 0x8ffb, 0x8ffb, 
0x8ffb, 0x8ffb, 0x8ffb, 0x8ffb, 0x8ffb, 0x8ffb, 0x8ffb, 0x8ffb, 
0x8ffb, 0x8ffb, 0x8ffb, 0x8ffb, 0x8ffb, 0x8ffb, 0x8ffb, 0x8ffb, 
0x9ff6, 0x9ff6, 0x9ff6, 0x9ff6, 0x9ff6, 0x9ff6, 0x9ff6, 0x9ff6, 
0x9ff6, 0x9ff6, 0x9ff6, 0x9ff6, 0x9ff6, 0x9ff6, 0x9ff6, 0x9ff6, 
0x9ff6, 0x9ff6, 0x9ff6, 0x9ff6, 0x9ff6, 0x9ff6, 0x9ff6, 0x9ff6, 
0x9ff6, 0x9ff6, 0x9ff6, 0x9ff6, 0x9ff6, 0x9ff6, 0x9ff6, 0x9ff6, 
0x9ff6, 0x9ff6, 0x9ff6, 0x9ff6, 0x9ff6, 0x9ff6, 0x9ff6, 0x9ff6, 
0x9ff6, 0x9ff6, 0x9ff6, 0x9ff6, 0x9ff6, 0x9ff6, 0x9ff6, 0x9ff6, 
0x9ff6, 0x9ff6, 0x9ff6, 0x9ff6, 0x9ff6, 0x9ff6, 0x9ff6, 0x9ff6, 
0x0000, 0x0000, 0x0000, 0x0000, 0x0000, 0x0000, 0x0000, 0x0000, 
0x0000, 0x0000, 0x0000, 0x0000, 0x0000, 0x0000, 0x0000, 0x0000, 
0x0000, 0x0000, 0x0000, 0x0000, 0x0000, 0x0000, 0x0000, 0x0000, 
0x0000, 0x0000, 0x0000, 0x0000, 0x0000, 0x0000, 0x0000, 0x0000, 
0x0000, 0x0000, 0x0000, 0x0000, 0x0000, 0x0000, 0x0000, 0x0000, 
0x0000, 0x0000, 0x0000, 0x0000, 0x0000, 0x0000, 0x0000, 0x0000, 
0x0000, 0x0000, 0x0000, 0x0000, 0x0000, 0x0000, 0x0000, 0x0000, 
0x7fff, 0x7fff, 0x7fff, 0x7fff, 0x7fff, 0x7fff, 0x7fff, 0x7fff, 
0x7fff, 0x7fff, 0x7fff, 0x7fff, 0x7fff, 0x7fff, 0x7fff, 0x7fff, 
0x7fff, 0x7fff, 0x7fff, 0x7fff, 0x7fff, 0x7fff, 0x7fff, 0x7fff, 
0x7fff, 0x7fff, 0x7fff, 0x7fff, 0x7fff, 0x7fff, 0x7fff, 0x7fff, 
0x7fff, 0x7fff, 0x7fff, 0x7fff, 0x7fff, 0x7fff, 0x7fff, 0x7fff, 
0x7fff, 0x7fff, 0x7fff, 0x7fff, 0x7fff, 0x7fff, 0x7fff, 0x7fff, 
0x7fff, 0x7fff, 0x7fff, 0x7fff, 0x7fff, 0x7fff, 0x7fff, 0x7fff, 
0x8ffb, 0x8ffb, 0x8ffb, 0x8ffb, 0x8ffb, 0x8ffb, 0x8ffb, 0x8ffb, 
0x8ffb, 0x8ffb, 0x8ffb, 0x8ffb, 0x8ffb, 0x8ffb, 0x8ffb, 0x8ffb, 
0x8ffb, 0x8ffb, 0x8ffb, 0x8ffb, 0x8ffb, 0x8ffb, 0x8ffb, 0x8ffb, 
0x8ffb, 0x8ffb, 0x8ffb, 0x8ffb, 0x8ffb, 0x8ffb, 0x8ffb, 0x8ffb, 
0x8ffb, 0x8ffb, 0x8ffb, 0x8ffb, 0x8ffb, 0x8ffb, 0x8ffb, 0x8ffb, 
0x8ffb, 0x8ffb, 0x8ffb, 0x8ffb, 0x8ffb, 0x8ffb, 0x8ffb, 0x8ffb, 
0x8ffb, 0x8ffb, 0x8ffb, 0x8ffb, 0x8ffb, 0x8ffb, 0x8ffb, 0x8ffb, 
0x9ff6, 0x9ff6, 0x9ff6, 0x9ff6, 0x9ff6, 0x9ff6, 0x9ff6, 0x9ff6, 
0x9ff6, 0x9ff6, 0x9ff6, 0x9ff6, 0x9ff6, 0x9ff6, 0x9ff6, 0x9ff6, 
0x9ff6, 0x9ff6, 0x9ff6, 0x9ff6, 0x9ff6, 0x9ff6, 0x9ff6, 0x9ff6, 
0x9ff6, 0x9ff6, 0x9ff6, 0x9ff6, 0x9ff6, 0x9ff6, 0x9ff6, 0x9ff6, 
0x9ff6, 0x9ff6, 0x9ff6, 0x9ff6, 0x9ff6, 0x9ff6, 0x9ff6, 0x9ff6, 
0x9ff6, 0x9ff6, 0x9ff6, 0x9ff6, 0x9ff6, 0x9ff6, 0x9ff6, 0x9ff6, 
0x9ff6, 0x9ff6, 0x9ff6, 0x9ff6, 0x9ff6, 0x9ff6, 0x9ff6, 0x9ff6, 
0x0000, 0x0000, 0x0000, 0x0000, 0x0000, 0x0000, 0x0000, 0x0000, 
0x0000, 0x0000, 0x0000, 0x0000, 0x0000, 0x0000, 0x0000, 0x0000, 
0x0000, 0x0000, 0x0000, 0x0000, 0x0000, 0x0000, 0x0000, 0x0000, 
0x0000, 0x0000, 0x0000, 0x0000, 0x0000, 0x0000, 0x0000, 0x0000, 
0x0000, 0x0000, 0x0000, 0x0000, 0x0000, 0x0000, 0x0000, 0x0000, 
0x0000, 0x0000, 0x0000, 0x0000, 0x0000, 0x0000, 0x0000, 0x0000, 
0x0000, 0x0000, 0x0000, 0x0000, 0x0000, 0x0000, 0x0000, 0x0000, 
0x7fff, 0x7fff, 0x7fff, 0x7fff, 0x7fff, 0x7fff, 0x7fff, 0x7fff, 
0x7fff, 0x7fff, 0x7fff, 0x7fff, 0x7fff, 0x7fff, 0x7fff, 0x7fff, 
0x7fff, 0x7fff, 0x7fff, 0x7fff, 0x7fff, 0x7fff, 0x7fff, 0x7fff, 
0x7fff, 0x7fff, 0x7fff, 0x7fff, 0x7fff, 0x7fff, 0x7fff, 0x7fff, 
0x7fff, 0x7fff, 0x7fff, 0x7fff, 0x7fff, 0x7fff, 0x7fff, 0x7fff, 
0x7fff, 0x7fff, 0x7fff, 0x7fff, 0x7fff, 0x7fff, 0x7fff, 0x7fff, 
0x7fff, 0x7fff, 0x7fff, 0x7fff, 0x7fff, 0x7fff, 0x7fff, 0x7fff, 
0x8ffb, 0x8ffb, 0x8ffb, 0x8ffb, 0x8ffb, 0x8ffb, 0x8ffb, 0x8ffb, 
0x8ffb, 0x8ffb, 0x8ffb, 0x8ffb, 0x8ffb, 0x8ffb, 0x8ffb, 0x8ffb, 
0x8ffb, 0x8ffb, 0x8ffb, 0x8ffb, 0x8ffb, 0x8ffb, 0x8ffb, 0x8ffb, 
0x8ffb, 0x8ffb, 0x8ffb, 0x8ffb, 0x8ffb, 0x8ffb, 0x8ffb, 0x8ffb, 
0x8ffb, 0x8ffb, 0x8ffb, 0x8ffb, 0x8ffb, 0x8ffb, 0x8ffb, 0x8ffb, 
0x8ffb, 0x8ffb, 0x8ffb, 0x8ffb, 0x8ffb, 0x8ffb, 0x8ffb, 0x8ffb, 
0x8ffb, 0x8ffb, 0x8ffb, 0x8ffb, 0x8ffb, 0x8ffb, 0x8ffb, 0x8ffb, 
0x9ff6, 0x9ff6, 0x9ff6, 0x9ff6, 0x9ff6, 0x9ff6, 0x9ff6, 0x9ff6, 
0x9ff6, 0x9ff6, 0x9ff6, 0x9ff6, 0x9ff6, 0x9ff6, 0x9ff6, 0x9ff6, 
0x9ff6, 0x9ff6, 0x9ff6, 0x9ff6, 0x9ff6, 0x9ff6, 0x9ff6, 0x9ff6, 
0x9ff6, 0x9ff6, 0x9ff6, 0x9ff6, 0x9ff6, 0x9ff6, 0x9ff6, 0x9ff6, 
0x9ff6, 0x9ff6, 0x9ff6, 0x9ff6, 0x9ff6, 0x9ff6, 0x9ff6, 0x9ff6, 
0x9ff6, 0x9ff6, 0x9ff6, 0x9ff6, 0x9ff6, 0x9ff6, 0x9ff6, 0x9ff6, 
0x9ff6, 0x9ff6, 0x9ff6, 0x9ff6, 0x9ff6, 0x9ff6, 0x9ff6, 0x9ff6, 
0x0000, 0x0000, 0x0000, 0x0000, 0x0000, 0x0000, 0x0000, 0x0000, 
0x0000, 0x0000, 0x0000, 0x0000, 0x0000, 0x0000, 0x0000, 0x0000, 
0x0000, 0x0000, 0x0000, 0x0000, 0x0000, 0x0000, 0x0000, 0x0000, 
0x0000, 0x0000, 0x0000, 0x0000, 0x0000, 0x0000, 0x0000, 0x0000, 
0x0000, 0x0000, 0x0000, 0x0000, 0x0000, 0x0000, 0x0000, 0x0000, 
0x0000, 0x0000, 0x0000, 0x0000, 0x0000, 0x0000, 0x0000, 0x0000, 
0x0000, 0x0000, 0x0000, 0x0000, 0x0000, 0x0000, 0x0000, 0x0000, 
0x7fff, 0x7fff, 0x7fff, 0x7fff, 0x7fff, 0x7fff, 0x7fff, 0x7fff, 
0x7fff, 0x7fff, 0x7fff, 0x7fff, 0x7fff, 0x7fff, 0x7fff, 0x7fff, 
0x7fff, 0x7fff, 0x7fff, 0x7fff, 0x7fff, 0x7fff, 0x7fff, 0x7fff, 
0x7fff, 0x7fff, 0x7fff, 0x7fff, 0x7fff, 0x7fff, 0x7fff, 0x7fff, 
0x7fff, 0x7fff, 0x7fff, 0x7fff, 0x7fff, 0x7fff, 0x7fff, 0x7fff, 
0x7fff, 0x7fff, 0x7fff, 0x7fff, 0x7fff, 0x7fff, 0x7fff, 0x7fff, 
0x7fff, 0x7fff, 0x7fff, 0x7fff, 0x7fff, 0x7fff, 0x7fff, 0x7fff, 
0x8ffb, 0x8ffb, 0x8ffb, 0x8ffb, 0x8ffb, 0x8ffb, 0x8ffb, 0x8ffb, 
0x8ffb, 0x8ffb, 0x8ffb, 0x8ffb, 0x8ffb, 0x8ffb, 0x8ffb, 0x8ffb, 
0x8ffb, 0x8ffb, 0x8ffb, 0x8ffb, 0x8ffb, 0x8ffb, 0x8ffb, 0x8ffb, 
0x8ffb, 0x8ffb, 0x8ffb, 0x8ffb, 0x8ffb, 0x8ffb, 0x8ffb, 0x8ffb, 
0x8ffb, 0x8ffb, 0x8ffb, 0x8ffb, 0x8ffb, 0x8ffb, 0x8ffb, 0x8ffb, 
0x8ffb, 0x8ffb, 0x8ffb, 0x8ffb, 0x8ffb, 0x8ffb, 0x8ffb, 0x8ffb, 
0x8ffb, 0x8ffb, 0x8ffb, 0x8ffb, 0x8ffb, 0x8ffb, 0x8ffb, 0x8ffb, 
0x9ff6, 0x9ff6, 0x9ff6, 0x9ff6, 0x9ff6, 0x9ff6, 0x9ff6, 0x9ff6, 
0x9ff6, 0x9ff6, 0x9ff6, 0x9ff6, 0x9ff6, 0x9ff6, 0x9ff6, 0x9ff6, 
0x9ff6, 0x9ff6, 0x9ff6, 0x9ff6, 0x9ff6, 0x9ff6, 0x9ff6, 0x9ff6, 
0x9ff6, 0x9ff6, 0x9ff6, 0x9ff6, 0x9ff6, 0x9ff6, 0x9ff6, 0x9ff6, 
0x9ff6, 0x9ff6, 0x9ff6, 0x9ff6, 0x9ff6, 0x9ff6, 0x9ff6, 0x9ff6, 
0x9ff6, 0x9ff6, 0x9ff6, 0x9ff6, 0x9ff6, 0x9ff6, 0x9ff6, 0x9ff6, 
0x9ff6, 0x9ff6, 0x9ff6, 0x9ff6, 0x9ff6, 0x9ff6, 0x9ff6, 0x9ff6, 
0x0000, 0x0000, 0x0000, 0x0000, 0x0000, 0x0000, 0x0000, 0x0000, 
0x0000, 0x0000, 0x0000, 0x0000, 0x0000, 0x0000, 0x0000, 0x0000, 
0x0000, 0x0000, 0x0000, 0x0000, 0x0000, 0x0000, 0x0000, 0x0000, 
0x0000, 0x0000, 0x0000, 0x0000, 0x0000, 0x0000, 0x0000, 0x0000, 
0x0000, 0x0000, 0x0000, 0x0000, 0x0000, 0x0000, 0x0000, 0x0000, 
0x0000, 0x0000, 0x0000, 0x0000, 0x0000, 0x0000, 0x0000, 0x0000, 
0x0000, 0x0000, 0x0000, 0x0000, 0x0000, 0x0000, 0x0000, 0x0000, 
0x7fff, 0x7fff, 0x7fff, 0x7fff, 0x7fff, 0x7fff, 0x7fff, 0x7fff, 
0x7fff, 0x7fff, 0x7fff, 0x7fff, 0x7fff, 0x7fff, 0x7fff, 0x7fff, 
0x7fff, 0x7fff, 0x7fff, 0x7fff, 0x7fff, 0x7fff, 0x7fff, 0x7fff, 
0x7fff, 0x7fff, 0x7fff, 0x7fff, 0x7fff, 0x7fff, 0x7fff, 0x7fff, 
0x7fff, 0x7fff, 0x7fff, 0x7fff, 0x7fff, 0x7fff, 0x7fff, 0x7fff, 
0x7fff, 0x7fff, 0x7fff, 0x7fff, 0x7fff, 0x7fff, 0x7fff, 0x7fff, 
0x7fff, 0x7fff, 0x7fff, 0x7fff, 0x7fff, 0x7fff, 0x7fff, 0x7fff, 
0x8ffb, 0x8ffb, 0x8ffb, 0x8ffb, 0x8ffb, 0x8ffb, 0x8ffb, 0x8ffb, 
0x8ffb, 0x8ffb, 0x8ffb, 0x8ffb, 0x8ffb, 0x8ffb, 0x8ffb, 0x8ffb, 
0x8ffb, 0x8ffb, 0x8ffb, 0x8ffb, 0x8ffb, 0x8ffb, 0x8ffb, 0x8ffb, 
0x8ffb, 0x8ffb, 0x8ffb, 0x8ffb, 0x8ffb, 0x8ffb, 0x8ffb, 0x8ffb, 
0x8ffb, 0x8ffb, 0x8ffb, 0x8ffb, 0x8ffb, 0x8ffb, 0x8ffb, 0x8ffb, 
0x8ffb, 0x8ffb, 0x8ffb, 0x8ffb, 0x8ffb, 0x8ffb, 0x8ffb, 0x8ffb, 
0x8ffb, 0x8ffb, 0x8ffb, 0x8ffb, 0x8ffb, 0x8ffb, 0x8ffb, 0x8ffb, 
0x9ff6, 0x9ff6, 0x9ff6, 0x9ff6, 0x9ff6, 0x9ff6, 0x9ff6, 0x9ff6, 
0x9ff6, 0x9ff6, 0x9ff6, 0x9ff6, 0x9ff6, 0x9ff6, 0x9ff6, 0x9ff6, 
0x9ff6, 0x9ff6, 0x9ff6, 0x9ff6, 0x9ff6, 0x9ff6, 0x9ff6, 0x9ff6, 
0x9ff6, 0x9ff6, 0x9ff6, 0x9ff6, 0x9ff6, 0x9ff6, 0x9ff6, 0x9ff6, 
0x9ff6, 0x9ff6, 0x9ff6, 0x9ff6, 0x9ff6, 0x9ff6, 0x9ff6, 0x9ff6, 
0x9ff6, 0x9ff6, 0x9ff6, 0x9ff6, 0x9ff6, 0x9ff6, 0x9ff6, 0x9ff6, 
0x9ff6, 0x9ff6, 0x9ff6, 0x9ff6, 0x9ff6, 0x9ff6, 0x9ff6, 0x9ff6, 
0x0000, 0x0000, 0x0000, 0x0000, 0x0000, 0x0000, 0x0000, 0x0000, 
0x0000, 0x0000, 0x0000, 0x0000, 0x0000, 0x0000, 0x0000, 0x0000, 
0x0000, 0x0000, 0x0000, 0x0000, 0x0000, 0x0000, 0x0000, 0x0000, 
0x0000, 0x0000, 0x0000, 0x0000, 0x0000, 0x0000, 0x0000, 0x0000, 
0x0000, 0x0000, 0x0000, 0x0000, 0x0000, 0x0000, 0x0000, 0x0000, 
0x0000, 0x0000, 0x0000, 0x0000, 0x0000, 0x0000, 0x0000, 0x0000, 
0x0000, 0x0000, 0x0000, 0x0000, 0x0000, 0x0000, 0x0000, 0x0000, 
0x7fff, 0x7fff, 0x7fff, 0x7fff, 0x7fff, 0x7fff, 0x7fff, 0x7fff, 
0x7fff, 0x7fff, 0x7fff, 0x7fff, 0x7fff, 0x7fff, 0x7fff, 0x7fff, 
0x7fff, 0x7fff, 0x7fff, 0x7fff, 0x7fff, 0x7fff, 0x7fff, 0x7fff, 
0x7fff, 0x7fff, 0x7fff, 0x7fff, 0x7fff, 0x7fff, 0x7fff, 0x7fff, 
0x7fff, 0x7fff, 0x7fff, 0x7fff, 0x7fff, 0x7fff, 0x7fff, 0x7fff, 
0x7fff, 0x7fff, 0x7fff, 0x7fff, 0x7fff, 0x7fff, 0x7fff, 0x7fff, 
0x7fff, 0x7fff, 0x7fff, 0x7fff, 0x7fff, 0x7fff, 0x7fff, 0x7fff, 
0x8ffb, 0x8ffb, 0x8ffb, 0x8ffb, 0x8ffb, 0x8ffb, 0x8ffb, 0x8ffb, 
0x8ffb, 0x8ffb, 0x8ffb, 0x8ffb, 0x8ffb, 0x8ffb, 0x8ffb, 0x8ffb, 
0x8ffb, 0x8ffb, 0x8ffb, 0x8ffb, 0x8ffb, 0x8ffb, 0x8ffb, 0x8ffb, 
0x8ffb, 0x8ffb, 0x8ffb, 0x8ffb, 0x8ffb, 0x8ffb, 0x8ffb, 0x8ffb, 
0x8ffb, 0x8ffb, 0x8ffb, 0x8ffb, 0x8ffb, 0x8ffb, 0x8ffb, 0x8ffb, 
0x8ffb, 0x8ffb, 0x8ffb, 0x8ffb, 0x8ffb, 0x8ffb, 0x8ffb, 0x8ffb, 
0x8ffb, 0x8ffb, 0x8ffb, 0x8ffb, 0x8ffb, 0x8ffb, 0x8ffb, 0x8ffb, 
0x9ff6, 0x9ff6, 0x9ff6, 0x9ff6, 0x9ff6, 0x9ff6, 0x9ff6, 0x9ff6, 
0x9ff6, 0x9ff6, 0x9ff6, 0x9ff6, 0x9ff6, 0x9ff6, 0x9ff6, 0x9ff6, 
0x9ff6, 0x9ff6, 0x9ff6, 0x9ff6, 0x9ff6, 0x9ff6, 0x9ff6, 0x9ff6, 
0x9ff6, 0x9ff6, 0x9ff6, 0x9ff6, 0x9ff6, 0x9ff6, 0x9ff6, 0x9ff6, 
0x9ff6, 0x9ff6, 0x9ff6, 0x9ff6, 0x9ff6, 0x9ff6, 0x9ff6, 0x9ff6, 
0x9ff6, 0x9ff6, 0x9ff6, 0x9ff6, 0x9ff6, 0x9ff6, 0x9ff6, 0x9ff6, 
0x9ff6, 0x9ff6, 0x9ff6, 0x9ff6, 0x9ff6, 0x9ff6, 0x9ff6, 0x9ff6, 
0x0000, 0x0000, 0x0000, 0x0000, 0x0000, 0x0000, 0x0000, 0x0000, 
0x0000, 0x0000, 0x0000, 0x0000, 0x0000, 0x0000, 0x0000, 0x0000, 
0x0000, 0x0000, 0x0000, 0x0000, 0x0000, 0x0000, 0x0000, 0x0000, 
0x0000, 0x0000, 0x0000, 0x0000, 0x0000, 0x0000, 0x0000, 0x0000, 
0x0000, 0x0000, 0x0000, 0x0000, 0x0000, 0x0000, 0x0000, 0x0000, 
0x0000, 0x0000, 0x0000, 0x0000, 0x0000, 0x0000, 0x0000, 0x0000, 
0x0000, 0x0000, 0x0000, 0x0000, 0x0000, 0x0000, 0x0000, 0x0000, 
0x7fff, 0x7fff, 0x7fff, 0x7fff, 0x7fff, 0x7fff, 0x7fff, 0x7fff, 
0x7fff, 0x7fff, 0x7fff, 0x7fff, 0x7fff, 0x7fff, 0x7fff, 0x7fff, 
0x7fff, 0x7fff, 0x7fff, 0x7fff, 0x7fff, 0x7fff, 0x7fff, 0x7fff, 
0x7fff, 0x7fff, 0x7fff, 0x7fff, 0x7fff, 0x7fff, 0x7fff, 0x7fff, 
0x7fff, 0x7fff, 0x7fff, 0x7fff, 0x7fff, 0x7fff, 0x7fff, 0x7fff, 
0x7fff, 0x7fff, 0x7fff, 0x7fff, 0x7fff, 0x7fff, 0x7fff, 0x7fff, 
0x7fff, 0x7fff, 0x7fff, 0x7fff, 0x7fff, 0x7fff, 0x7fff, 0x7fff, 
0x8ffb, 0x8ffb, 0x8ffb, 0x8ffb, 0x8ffb, 0x8ffb, 0x8ffb, 0x8ffb, 
0x8ffb, 0x8ffb, 0x8ffb, 0x8ffb, 0x8ffb, 0x8ffb, 0x8ffb, 0x8ffb, 
0x8ffb, 0x8ffb, 0x8ffb, 0x8ffb, 0x8ffb, 0x8ffb, 0x8ffb, 0x8ffb, 
0x8ffb, 0x8ffb, 0x8ffb, 0x8ffb, 0x8ffb, 0x8ffb, 0x8ffb, 0x8ffb, 
0x8ffb, 0x8ffb, 0x8ffb, 0x8ffb, 0x8ffb, 0x8ffb, 0x8ffb, 0x8ffb, 
0x8ffb, 0x8ffb, 0x8ffb, 0x8ffb, 0x8ffb, 0x8ffb, 0x8ffb, 0x8ffb, 
0x8ffb, 0x8ffb, 0x8ffb, 0x8ffb, 0x8ffb, 0x8ffb, 0x8ffb, 0x8ffb, 
0x9ff6, 0x9ff6, 0x9ff6, 0x9ff6, 0x9ff6, 0x9ff6, 0x9ff6, 0x9ff6, 
0x9ff6, 0x9ff6, 0x9ff6, 0x9ff6, 0x9ff6, 0x9ff6, 0x9ff6, 0x9ff6, 
0x9ff6, 0x9ff6, 0x9ff6, 0x9ff6, 0x9ff6, 0x9ff6, 0x9ff6, 0x9ff6, 
0x9ff6, 0x9ff6, 0x9ff6, 0x9ff6, 0x9ff6, 0x9ff6, 0x9ff6, 0x9ff6, 
0x9ff6, 0x9ff6, 0x9ff6, 0x9ff6, 0x9ff6, 0x9ff6, 0x9ff6, 0x9ff6, 
0x9ff6, 0x9ff6, 0x9ff6, 0x9ff6, 0x9ff6, 0x9ff6, 0x9ff6, 0x9ff6, 
0x9ff6, 0x9ff6, 0x9ff6, 0x9ff6, 0x9ff6, 0x9ff6, 0x9ff6, 0x9ff6, 
0x0000, 0x0000, 0x0000, 0x0000, 0x0000, 0x0000, 0x0000, 0x0000, 
0x0000, 0x0000, 0x0000, 0x0000, 0x0000, 0x0000, 0x0000, 0x0000, 
0x0000, 0x0000, 0x0000, 0x0000, 0x0000, 0x0000, 0x0000, 0x0000, 
0x0000, 0x0000, 0x0000, 0x0000, 0x0000, 0x0000, 0x0000, 0x0000, 
0x0000, 0x0000, 0x0000, 0x0000, 0x0000, 0x0000, 0x0000, 0x0000, 
0x0000, 0x0000, 0x0000, 0x0000, 0x0000, 0x0000, 0x0000, 0x0000, 
0x0000, 0x0000, 0x0000, 0x0000, 0x0000, 0x0000, 0x0000, 0x0000, 
0x7fff, 0x7fff, 0x7fff, 0x7fff, 0x7fff, 0x7fff, 0x7fff, 0x7fff, 
0x7fff, 0x7fff, 0x7fff, 0x7fff, 0x7fff, 0x7fff, 0x7fff, 0x7fff, 
0x7fff, 0x7fff, 0x7fff, 0x7fff, 0x7fff, 0x7fff, 0x7fff, 0x7fff, 
0x7fff, 0x7fff, 0x7fff, 0x7fff, 0x7fff, 0x7fff, 0x7fff, 0x7fff, 
0x7fff, 0x7fff, 0x7fff, 0x7fff, 0x7fff, 0x7fff, 0x7fff, 0x7fff, 
0x7fff, 0x7fff, 0x7fff, 0x7fff, 0x7fff, 0x7fff, 0x7fff, 0x7fff, 
0x7fff, 0x7fff, 0x7fff, 0x7fff, 0x7fff, 0x7fff, 0x7fff, 0x7fff, 
0x8ffb, 0x8ffb, 0x8ffb, 0x8ffb, 0x8ffb, 0x8ffb, 0x8ffb, 0x8ffb, 
0x8ffb, 0x8ffb, 0x8ffb, 0x8ffb, 0x8ffb, 0x8ffb, 0x8ffb, 0x8ffb, 
0x8ffb, 0x8ffb, 0x8ffb, 0x8ffb, 0x8ffb, 0x8ffb, 0x8ffb, 0x8ffb, 
0x8ffb, 0x8ffb, 0x8ffb, 0x8ffb, 0x8ffb, 0x8ffb, 0x8ffb, 0x8ffb, 
0x8ffb, 0x8ffb, 0x8ffb, 0x8ffb, 0x8ffb, 0x8ffb, 0x8ffb, 0x8ffb, 
0x8ffb, 0x8ffb, 0x8ffb, 0x8ffb, 0x8ffb, 0x8ffb, 0x8ffb, 0x8ffb, 
0x8ffb, 0x8ffb, 0x8ffb, 0x8ffb, 0x8ffb, 0x8ffb, 0x8ffb, 0x8ffb, 
0x9ff6, 0x9ff6, 0x9ff6, 0x9ff6, 0x9ff6, 0x9ff6, 0x9ff6, 0x9ff6, 
0x9ff6, 0x9ff6, 0x9ff6, 0x9ff6, 0x9ff6, 0x9ff6, 0x9ff6, 0x9ff6, 
0x9ff6, 0x9ff6, 0x9ff6, 0x9ff6, 0x9ff6, 0x9ff6, 0x9ff6, 0x9ff6, 
0x9ff6, 0x9ff6, 0x9ff6, 0x9ff6, 0x9ff6, 0x9ff6, 0x9ff6, 0x9ff6, 
0x9ff6, 0x9ff6, 0x9ff6, 0x9ff6, 0x9ff6, 0x9ff6, 0x9ff6, 0x9ff6, 
0x9ff6, 0x9ff6, 0x9ff6, 0x9ff6, 0x9ff6, 0x9ff6, 0x9ff6, 0x9ff6, 
0x9ff6, 0x9ff6, 0x9ff6, 0x9ff6, 0x9ff6, 0x9ff6, 0x9ff6, 0x9ff6, 
0x0000, 0x0000, 0x0000, 0x0000, 0x0000, 0x0000, 0x0000, 0x0000, 
0x0000, 0x0000, 0x0000, 0x0000, 0x0000, 0x0000, 0x0000, 0x0000, 
0x0000, 0x0000, 0x0000, 0x0000, 0x0000, 0x0000, 0x0000, 0x0000, 
0x0000, 0x0000, 0x0000, 0x0000, 0x0000, 0x0000, 0x0000, 0x0000, 
0x0000, 0x0000, 0x0000, 0x0000, 0x0000, 0x0000, 0x0000, 0x0000, 
0x0000, 0x0000, 0x0000, 0x0000, 0x0000, 0x0000, 0x0000, 0x0000, 
0x0000, 0x0000, 0x0000, 0x0000, 0x0000, 0x0000, 0x0000, 0x0000, 
0x7fff, 0x7fff, 0x7fff, 0x7fff, 0x7fff, 0x7fff, 0x7fff, 0x7fff, 
0x7fff, 0x7fff, 0x7fff, 0x7fff, 0x7fff, 0x7fff, 0x7fff, 0x7fff, 
0x7fff, 0x7fff, 0x7fff, 0x7fff, 0x7fff, 0x7fff, 0x7fff, 0x7fff, 
0x7fff, 0x7fff, 0x7fff, 0x7fff, 0x7fff, 0x7fff, 0x7fff, 0x7fff, 
0x7fff, 0x7fff, 0x7fff, 0x7fff, 0x7fff, 0x7fff, 0x7fff, 0x7fff, 
0x7fff, 0x7fff, 0x7fff, 0x7fff, 0x7fff, 0x7fff, 0x7fff, 0x7fff, 
0x7fff, 0x7fff, 0x7fff, 0x7fff, 0x7fff, 0x7fff, 0x7fff, 0x7fff, 
0x8ffb, 0x8ffb, 0x8ffb, 0x8ffb, 0x8ffb, 0x8ffb, 0x8ffb, 0x8ffb, 
0x8ffb, 0x8ffb, 0x8ffb, 0x8ffb, 0x8ffb, 0x8ffb, 0x8ffb, 0x8ffb, 
0x8ffb, 0x8ffb, 0x8ffb, 0x8ffb, 0x8ffb, 0x8ffb, 0x8ffb, 0x8ffb, 
0x8ffb, 0x8ffb, 0x8ffb, 0x8ffb, 0x8ffb, 0x8ffb, 0x8ffb, 0x8ffb, 
0x8ffb, 0x8ffb, 0x8ffb, 0x8ffb, 0x8ffb, 0x8ffb, 0x8ffb, 0x8ffb, 
0x8ffb, 0x8ffb, 0x8ffb, 0x8ffb, 0x8ffb, 0x8ffb, 0x8ffb, 0x8ffb, 
0x8ffb, 0x8ffb, 0x8ffb, 0x8ffb, 0x8ffb, 0x8ffb, 0x8ffb, 0x8ffb, 
0x9ff6, 0x9ff6, 0x9ff6, 0x9ff6, 0x9ff6, 0x9ff6, 0x9ff6, 0x9ff6, 
0x9ff6, 0x9ff6, 0x9ff6, 0x9ff6, 0x9ff6, 0x9ff6, 0x9ff6, 0x9ff6, 
0x9ff6, 0x9ff6, 0x9ff6, 0x9ff6, 0x9ff6, 0x9ff6, 0x9ff6, 0x9ff6, 
0x9ff6, 0x9ff6, 0x9ff6, 0x9ff6, 0x9ff6, 0x9ff6, 0x9ff6, 0x9ff6, 
0x9ff6, 0x9ff6, 0x9ff6, 0x9ff6, 0x9ff6, 0x9ff6, 0x9ff6, 0x9ff6, 
0x9ff6, 0x9ff6, 0x9ff6, 0x9ff6, 0x9ff6, 0x9ff6, 0x9ff6, 0x9ff6, 
0x9ff6, 0x9ff6, 0x9ff6, 0x9ff6, 0x9ff6, 0x9ff6, 0x9ff6, 0x9ff6, 
0x0000, 0x0000, 0x0000, 0x0000, 0x0000, 0x0000, 0x0000, 0x0000, 
0x0000, 0x0000, 0x0000, 0x0000, 0x0000, 0x0000, 0x0000, 0x0000, 
0x0000, 0x0000, 0x0000, 0x0000, 0x0000, 0x0000, 0x0000, 0x0000, 
0x0000, 0x0000, 0x0000, 0x0000, 0x0000, 0x0000, 0x0000, 0x0000, 
0x0000, 0x0000, 0x0000, 0x0000, 0x0000, 0x0000, 0x0000, 0x0000, 
0x0000, 0x0000, 0x0000, 0x0000, 0x0000, 0x0000, 0x0000, 0x0000, 
0x0000, 0x0000, 0x0000, 0x0000, 0x0000, 0x0000, 0x0000, 0x0000, 
0x7fff, 0x7fff, 0x7fff, 0x7fff, 0x7fff, 0x7fff, 0x7fff, 0x7fff, 
0x7fff, 0x7fff, 0x7fff, 0x7fff, 0x7fff, 0x7fff, 0x7fff, 0x7fff, 
0x7fff, 0x7fff, 0x7fff, 0x7fff, 0x7fff, 0x7fff, 0x7fff, 0x7fff, 
0x7fff, 0x7fff, 0x7fff, 0x7fff, 0x7fff, 0x7fff, 0x7fff, 0x7fff, 
0x7fff, 0x7fff, 0x7fff, 0x7fff, 0x7fff, 0x7fff, 0x7fff, 0x7fff, 
0x7fff, 0x7fff, 0x7fff, 0x7fff, 0x7fff, 0x7fff, 0x7fff, 0x7fff, 
0x7fff, 0x7fff, 0x7fff, 0x7fff, 0x7fff, 0x7fff, 0x7fff, 0x7fff, 
0x8ffb, 0x8ffb, 0x8ffb, 0x8ffb, 0x8ffb, 0x8ffb, 0x8ffb, 0x8ffb, 
0x8ffb, 0x8ffb, 0x8ffb, 0x8ffb, 0x8ffb, 0x8ffb, 0x8ffb, 0x8ffb, 
0x8ffb, 0x8ffb, 0x8ffb, 0x8ffb, 0x8ffb, 0x8ffb, 0x8ffb, 0x8ffb, 
0x8ffb, 0x8ffb, 0x8ffb, 0x8ffb, 0x8ffb, 0x8ffb, 0x8ffb, 0x8ffb, 
0x8ffb, 0x8ffb, 0x8ffb, 0x8ffb, 0x8ffb, 0x8ffb, 0x8ffb, 0x8ffb, 
0x8ffb, 0x8ffb, 0x8ffb, 0x8ffb, 0x8ffb, 0x8ffb, 0x8ffb, 0x8ffb, 
0x8ffb, 0x8ffb, 0x8ffb, 0x8ffb, 0x8ffb, 0x8ffb, 0x8ffb, 0x8ffb, 
0x9ff6, 0x9ff6, 0x9ff6, 0x9ff6, 0x9ff6, 0x9ff6, 0x9ff6, 0x9ff6, 
0x9ff6, 0x9ff6, 0x9ff6, 0x9ff6, 0x9ff6, 0x9ff6, 0x9ff6, 0x9ff6, 
0x9ff6, 0x9ff6, 0x9ff6, 0x9ff6, 0x9ff6, 0x9ff6, 0x9ff6, 0x9ff6, 
0x9ff6, 0x9ff6, 0x9ff6, 0x9ff6, 0x9ff6, 0x9ff6, 0x9ff6, 0x9ff6, 
0x9ff6, 0x9ff6, 0x9ff6, 0x9ff6, 0x9ff6, 0x9ff6, 0x9ff6, 0x9ff6, 
0x9ff6, 0x9ff6, 0x9ff6, 0x9ff6, 0x9ff6, 0x9ff6, 0x9ff6, 0x9ff6, 
0x9ff6, 0x9ff6, 0x9ff6, 0x9ff6, 0x9ff6, 0x9ff6, 0x9ff6, 0x9ff6, 
0x0000, 0x0000, 0x0000, 0x0000, 0x0000, 0x0000, 0x0000, 0x0000, 
0x0000, 0x0000, 0x0000, 0x0000, 0x0000, 0x0000, 0x0000, 0x0000, 
0x0000, 0x0000, 0x0000, 0x0000, 0x0000, 0x0000, 0x0000, 0x0000, 
0x0000, 0x0000, 0x0000, 0x0000, 0x0000, 0x0000, 0x0000, 0x0000, 
0x0000, 0x0000, 0x0000, 0x0000, 0x0000, 0x0000, 0x0000, 0x0000, 
0x0000, 0x0000, 0x0000, 0x0000, 0x0000, 0x0000, 0x0000, 0x0000, 
0x0000, 0x0000, 0x0000, 0x0000, 0x0000, 0x0000, 0x0000, 0x0000, 
0x0000, 0x0000, 0x0000, 0x0000, 0x0000, 0x0000, 0x0000, 0x0000, 
0x0000, 0x0000, 0x0000, 0x0000, 0x0000, 0x0000, 0x0000, 0x0000, 
0x0000, 0x0000, 0x0000, 0x0000, 0x0000, 0x0000, 0x0000, 0x0000, 
0x0000, 0x0000, 0x0000, 0x0000, 0x0000, 0x0000, 0x0000, 0x0000, 
0x0000, 0x0000, 0x0000, 0x0000, 0x0000, 0x0000, 0x0000, 0x0000, 
0x0000, 0x0000, 0x0000, 0x0000, 0x0000, 0x0000, 0x0000, 0x0000, 
0x0000, 0x0000, 0x0000, 0x0000, 0x0000, 0x0000, 0x0000, 0x0000, 
0x0000, 0x0000, 0x0000, 0x0000, 0x0000, 0x0000, 0x0000, 0x0000, 
0x0000, 0x0000, 0x0000, 0x0000, 0x0000, 0x0000, 0x0000, 0x0000, 
0x0000, 0x0000, 0x0000, 0x0000, 0x0000, 0x0000, 0x0000, 0x0000, 
0x0000, 0x0000, 0x0000, 0x0000, 0x0000, 0x0000, 0x0000, 0x0000, 
0x0000, 0x0000, 0x0000, 0x0000, 0x0000, 0x0000, 0x0000, 0x0000, 
0x0000, 0x0000, 0x0000, 0x0000, 0x0000, 0x0000, 0x0000, 0x0000, 
0x0000, 0x0000, 0x0000, 0x0000, 0x0000, 0x0000, 0x0000, 0x0000, 
0x0000, 0x0000, 0x0000, 0x0000, 0x0000, 0x0000, 0x0000, 0x0000, 
0x0000, 0x0000, 0x0000, 0x0000, 0x0000, 0x0000, 0x0000, 0x0000, 
0x0000, 0x0000, 0x0000, 0x0000, 0x0000, 0x0000, 0x0000, 0x0000, 
0x0000, 0x0000, 0x0000, 0x0000, 0x0000, 0x0000, 0x0000, 0x0000, 
0x0000, 0x0000, 0x0000, 0x0000, 0x0000, 0x0000, 0x0000, 0x0000, 
0x0000, 0x0000, 0x0000, 0x0000, 0x0000, 0x0000, 0x0000, 0x0000, 
0x0000, 0x0000, 0x0000, 0x0000, 0x0000, 0x0000, 0x0000, 0x0000, 
0x0000, 0x0000, 0x0000, 0x0000, 0x0000, 0x0000, 0x0000, 0x0000, 
0x0000, 0x0000, 0x0000, 0x0000, 0x0000, 0x0000, 0x0000, 0x0000, 
0x0000, 0x0000, 0x0000, 0x0000, 0x0000, 0x0000, 0x0000, 0x0000, 
0x0000, 0x0000, 0x0000, 0x0000, 0x0000, 0x0000, 0x0000, 0x0000, 
0x0000, 0x0000, 0x0000, 0x0000, 0x0000, 0x0000, 0x0000, 0x0000, 
0x0000, 0x0000, 0x0000, 0x0000, 0x0000, 0x0000, 0x0000, 0x0000, 
0x0000, 0x0000, 0x0000, 0x0000, 0x0000, 0x0000, 0x0000, 0x0000, 
0x0000, 0x0000, 0x0000, 0x0000, 0x0000, 0x0000, 0x0000, 0x0000, 
0x0000, 0x0000, 0x0000, 0x0000, 0x0000, 0x0000, 0x0000, 0x0000, 
0x0000, 0x0000, 0x0000, 0x0000, 0x0000, 0x0000, 0x0000, 0x0000, 
0x0000, 0x0000, 0x0000, 0x0000, 0x0000, 0x0000, 0x0000, 0x0000, 
0x0000, 0x0000, 0x0000, 0x0000, 0x0000, 0x0000, 0x0000, 0x0000, 
0x0000, 0x0000, 0x0000, 0x0000, 0x0000, 0x0000, 0x0000, 0x0000, 
0x0000, 0x0000, 0x0000, 0x0000, 0x0000, 0x0000, 0x0000, 0x0000, 
0x0000, 0x0000, 0x0000, 0x0000, 0x0000, 0x0000, 0x0000, 0x0000, 
0x0000, 0x0000, 0x0000, 0x0000, 0x0000, 0x0000, 0x0000, 0x0000, 
0x0000, 0x0000, 0x0000, 0x0000, 0x0000, 0x0000, 0x0000, 0x0000, 
0x0000, 0x0000, 0x0000, 0x0000, 0x0000, 0x0000, 0x0000, 0x0000, 
0x0000, 0x0000, 0x0000, 0x0000, 0x0000, 0x0000, 0x0000, 0x0000, 
0x0000, 0x0000, 0x0000, 0x0000, 0x0000, 0x0000, 0x0000, 0x0000, 
0x0000, 0x0000, 0x0000, 0x0000, 0x0000, 0x0000, 0x0000, 0x0000, 
0x0000, 0x0000, 0x0000, 0x0000, 0x0000, 0x0000, 0x0000, 0x0000, 
0x0000, 0x0000, 0x0000, 0x0000, 0x0000, 0x0000, 0x0000, 0x0000, 
0x0000, 0x0000, 0x0000, 0x0000, 0x0000, 0x0000, 0x0000, 0x0000, 
0x0000, 0x0000, 0x0000, 0x0000, 0x0000, 0x0000, 0x0000, 0x0000, 
0x0000, 0x0000, 0x0000, 0x0000, 0x0000, 0x0000, 0x0000, 0x0000, 
0x0000, 0x0000, 0x0000, 0x0000, 0x0000, 0x0000, 0x0000, 0x0000, 
0x0000, 0x0000, 0x0000, 0x0000, 0x0000, 0x0000, 0x0000, 0x0000, 
0x0000, 0x0000, 0x0000, 0x0000, 0x0000, 0x0000, 0x0000, 0x0000, 
0x0000, 0x0000, 0x0000, 0x0000, 0x0000, 0x0000, 0x0000, 0x0000, 
0x0000, 0x0000, 0x0000, 0x0000, 0x0000, 0x0000, 0x0000, 0x0000, 
0x0000, 0x0000, 0x0000, 0x0000, 0x0000, 0x0000, 0x0000, 0x0000, 
0x0000, 0x0000, 0x0000, 0x0000, 0x0000, 0x0000, 0x0000, 0x0000, 
0x0000, 0x0000, 0x0000, 0x0000, 0x0000, 0x0000, 0x0000, 0x0000, 
0x0000, 0x0000, 0x0000, 0x0000, 0x0000, 0x0000, 0x0000, 0x0000, 
0x0000, 0x0000, 0x0000, 0x0000, 0x0000, 0x0000, 0x0000, 0x0000, 
0x0000, 0x0000, 0x0000, 0x0000, 0x0000, 0x0000, 0x0000, 0x0000, 
0x0000, 0x0000, 0x0000, 0x0000, 0x0000, 0x0000, 0x0000, 0x0000, 
0x0000, 0x0000, 0x0000, 0x0000, 0x0000, 0x0000, 0x0000, 0x0000, 
0x0000, 0x0000, 0x0000, 0x0000, 0x0000, 0x0000, 0x0000, 0x0000, 
0x0000, 0x0000, 0x0000, 0x0000, 0x0000, 0x0000, 0x0000, 0x0000, 
0x0000, 0x0000, 0x0000, 0x0000, 0x0000, 0x0000, 0x0000, 0x0000, 
0x0000, 0x0000, 0x0000, 0x0000, 0x0000, 0x0000, 0x0000, 0x0000, 
0x0000, 0x0000, 0x0000, 0x0000, 0x0000, 0x0000, 0x0000, 0x0000, 
0x0000, 0x0000, 0x0000, 0x0000, 0x0000, 0x0000, 0x0000, 0x0000, 
0x0000, 0x0000, 0x0000, 0x0000, 0x0000, 0x0000, 0x0000, 0x0000, 
0x0000, 0x0000, 0x0000, 0x0000, 0x0000, 0x0000, 0x0000, 0x0000, 
0x0000, 0x0000, 0x0000, 0x0000, 0x0000, 0x0000, 0x0000, 0x0000, 
0x0000, 0x0000, 0x0000, 0x0000, 0x0000, 0x0000, 0x0000, 0x0000, 
0x0000, 0x0000, 0x0000, 0x0000, 0x0000, 0x0000, 0x0000, 0x0000, 
0x0000, 0x0000, 0x0000, 0x0000, 0x0000, 0x0000, 0x0000, 0x0000, 
0x0000, 0x0000, 0x0000, 0x0000, 0x0000, 0x0000, 0x0000, 0x0000, 
0x0000, 0x0000, 0x0000, 0x0000, 0x0000, 0x0000, 0x0000, 0x0000, 
0x0000, 0x0000, 0x0000, 0x0000, 0x0000, 0x0000, 0x0000, 0x0000, 
0x0000, 0x0000, 0x0000, 0x0000, 0x0000, 0x0000, 0x0000, 0x0000, 
0x0000, 0x0000, 0x0000, 0x0000, 0x0000, 0x0000, 0x0000, 0x0000, 
0x0000, 0x0000, 0x0000, 0x0000, 0x0000, 0x0000, 0x0000, 0x0000, 
0x0000, 0x0000, 0x0000, 0x0000, 0x0000, 0x0000, 0x0000, 0x0000, 
0x0000, 0x0000, 0x0000, 0x0000, 0x0000, 0x0000, 0x0000, 0x0000, 
0x0000, 0x0000, 0x0000, 0x0000, 0x0000, 0x0000, 0x0000, 0x0000, 
0x0000, 0x0000, 0x0000, 0x0000, 0x0000, 0x0000, 0x0000, 0x0000, 
0x0000, 0x0000, 0x0000, 0x0000, 0x0000, 0x0000, 0x0000, 0x0000, 
0x0000, 0x0000, 0x0000, 0x0000, 0x0000, 0x0000, 0x0000, 0x0000, 
0x0000, 0x0000, 0x0000, 0x0000, 0x0000, 0x0000, 0x0000, 0x0000, 
0x0000, 0x0000, 0x0000, 0x0000, 0x0000, 0x0000, 0x0000, 0x0000, 
0x0000, 0x0000, 0x0000, 0x0000, 0x0000, 0x0000, 0x0000, 0x0000, 
0x0000, 0x0000, 0x0000, 0x0000, 0x0000, 0x0000, 0x0000, 0x0000, 
0x0000, 0x0000, 0x0000, 0x0000, 0x0000, 0x0000, 0x0000, 0x0000, 
0x0000, 0x0000, 0x0000, 0x0000, 0x0000, 0x0000, 0x0000, 0x0000, 
0x0000, 0x0000, 0x0000, 0x0000, 0x0000, 0x0000, 0x0000, 0x0000, 
0x0000, 0x0000, 0x0000, 0x0000, 0x0000, 0x0000, 0x0000, 0x0000, 
0x0000, 0x0000, 0x0000, 0x0000, 0x0000, 0x0000, 0x0000, 0x0000, 
0x0000, 0x0000, 0x0000, 0x0000, 0x0000, 0x0000, 0x0000, 0x0000, 
0x0000, 0x0000, 0x0000, 0x0000, 0x0000, 0x0000, 0x0000, 0x0000, 
0x0000, 0x0000, 0x0000, 0x0000, 0x0000, 0x0000, 0x0000, 0x0000, 
0x0000, 0x0000, 0x0000, 0x0000, 0x0000, 0x0000, 0x0000, 0x0000, 
0x0000, 0x0000, 0x0000, 0x0000, 0x0000, 0x0000, 0x0000, 0x0000, 
0x0000, 0x0000, 0x0000, 0x0000, 0x0000, 0x0000, 0x0000, 0x0000, 
0x0000, 0x0000, 0x0000, 0x0000, 0x0000, 0x0000, 0x0000, 0x0000, 
0x0000, 0x0000, 0x0000, 0x0000, 0x0000, 0x0000, 0x0000, 0x0000, 
0x0000, 0x0000, 0x0000, 0x0000, 0x0000, 0x0000, 0x0000, 0x0000, 
0x0000, 0x0000, 0x0000, 0x0000, 0x0000, 0x0000, 0x0000, 0x0000, 
0x0000, 0x0000, 0x0000, 0x0000, 0x0000, 0x0000, 0x0000, 0x0000, 
0x0000, 0x0000, 0x0000, 0x0000, 0x0000, 0x0000, 0x0000, 0x0000, 
0x0000, 0x0000, 0x0000, 0x0000, 0x0000, 0x0000, 0x0000, 0x0000, 
0x0000, 0x0000, 0x0000, 0x0000, 0x0000, 0x0000, 0x0000, 0x0000, 
0x0000, 0x0000, 0x0000, 0x0000, 0x0000, 0x0000, 0x0000, 0x0000, 
0x0000, 0x0000, 0x0000, 0x0000, 0x0000, 0x0000, 0x0000, 0x0000, 
0x0000, 0x0000, 0x0000, 0x0000, 0x0000, 0x0000, 0x0000, 0x0000, 
0x0000, 0x0000, 0x0000, 0x0000, 0x0000, 0x0000, 0x0000, 0x0000, 
0x0000, 0x0000, 0x0000, 0x0000, 0x0000, 0x0000, 0x0000, 0x0000, 
0x0000, 0x0000, 0x0000, 0x0000, 0x0000, 0x0000, 0x0000, 0xffff, 
0xffff, 0xffff, 0xffff, 0xffff, 0xffff, 0xffff, 0xffff, 0xffff, 
0x0000, 0x0000, 0x0000, 0x0000, 0x0000, 0x0000, 0x0000, 0x0000, 
0x0000, 0x0000, 0x0000, 0x0000, 0x0000, 0x0000, 0x0000, 0x0000, 
0x0000, 0x0000, 0x0000, 0x0000, 0xffff, 0xffff, 0xffff, 0xffff, 
0xffff, 0xffff, 0xffff, 0xffff, 0x0000, 0x0000, 0x0000, 0x0000, 
0x0000, 0x0000, 0x0000, 0x0000, 0x0000, 0x0000, 0x0000, 0x0000, 
0x0000, 0x0000, 0x0000, 0x0000, 0x0000, 0x0000, 0x0000, 0x0000, 
0x0000, 0x0000, 0x0000, 0x0000, 0x0000, 0x0000, 0x0000, 0xffff, 
0xffff, 0xffff, 0xffff, 0xffff, 0x0000, 0x0000, 0x0000, 0x0000, 
0x0000, 0x0000, 0x0000, 0x0000, 0x0000, 0x0000, 0x0000, 0x0000, 
0x0000, 0x0000, 0x0000, 0x0000, 0x0000, 0x0000, 0xffff, 0xffff, 
0xffff, 0xffff, 0xffff, 0xffff, 0xffff, 0xffff, 0x0000, 0x0000, 
0x0000, 0x0000, 0x0000, 0x0000, 0x0000, 0x0000, 0x0000, 0x0000, 
0x0000, 0x0000, 0x0000, 0x0000, 0x0000, 0x0000, 0x0000, 0x0000, 
0x0000, 0x0000, 0x0000, 0x0000, 0x0000, 0x0000, 0x0000, 0x0000, 
0x0000, 0x0000, 0x0000, 0x0000, 0x0000, 0x0000, 0x0000, 0x0000, 
0x0000, 0x0000, 0x0000, 0x0000, 0x0000, 0x0000, 0x0000, 0x0000, 
0x0000, 0x0000, 0x0000, 0x0000, 0x0000, 0x0000, 0x0000, 0x0000, 
0x0000, 0x0000, 0x0000, 0x0000, 0x0000, 0x0000, 0x0000, 0x0000, 
0x0000, 0x0000, 0x0000, 0x0000, 0x0000, 0x0000, 0x0000, 0x0000, 
0x0000, 0x0000, 0x0000, 0x0000, 0x0000, 0x0000, 0x0000, 0x0000, 
0x0000, 0x0000, 0x0000, 0x0000, 0x0000, 0x0000, 0x0000, 0x0000, 
0x0000, 0x0000, 0x0000, 0x0000, 0x0000, 0x0000, 0x0000, 0x0000, 
0x0000, 0x0000, 0x0000, 0x0000, 0x0000, 0x0000, 0x0000, 0x0000, 
0x0000, 0x0000, 0x0000, 0x0000, 0x0000, 0x0000, 0x0000, 0x0000, 
0x0000, 0x0000, 0x0000, 0x0000, 0x0000, 0x0000, 0x0000, 0x0000, 
0x0000, 0x0000, 0x0000, 0x0000, 0x0000, 0x0000, 0x0000, 0x0000, 
0x0000, 0x0000, 0x0000, 0x0000, 0x0000, 0xffff, 0xffff, 0x83ff, 
0x83ff, 0x83ff, 0x83ff, 0x83ff, 0x83ff, 0x83ff, 0x83ff, 0x83ff, 
0xdcff, 0xdcff, 0x0000, 0x0000, 0x0000, 0x0000, 0x0000, 0x0000, 
0x0000, 0x0000, 0x0000, 0x0000, 0x0000, 0x0000, 0x0000, 0x0000, 
0x0000, 0x0000, 0xffff, 0xffff, 0x83ff, 0x83ff, 0x83ff, 0x83ff, 
0x83ff, 0x83ff, 0x83ff, 0x83ff, 0xdcff, 0xdcff, 0xdcff, 0x0000, 
0x0000, 0x0000, 0x0000, 0x0000, 0x0000, 0x0000, 0x0000, 0x0000, 
0x0000, 0x0000, 0x0000, 0x0000, 0x0000, 0x0000, 0x0000, 0x0000, 
0x0000, 0x0000, 0x0000, 0x0000, 0x0000, 0x0000, 0xffff, 0x83ff, 
0x83ff, 0x83ff, 0x83ff, 0x83ff, 0xdcff, 0x0000, 0x0000, 0x0000, 
0x0000, 0x0000, 0x0000, 0x0000, 0x0000, 0x0000, 0x0000, 0x0000, 
0x0000, 0x0000, 0x0000, 0x0000, 0xffff, 0xffff, 0x83ff, 0x83ff, 
0x83ff, 0x83ff, 0x83ff, 0x83ff, 0x83ff, 0x83ff, 0xdcff, 0xdcff, 
0xdcff, 0x0000, 0x0000, 0x0000, 0x0000, 0x0000, 0x0000, 0x0000, 
0x0000, 0x0000, 0x0000, 0x0000, 0x0000, 0x0000, 0x0000, 0x0000, 
0x0000, 0x0000, 0x0000, 0x0000, 0x0000, 0x0000, 0x0000, 0x0000, 
0x0000, 0x0000, 0x0000, 0x0000, 0x0000, 0x0000, 0x0000, 0x0000, 
0x0000, 0x0000, 0x0000, 0x0000, 0x0000, 0x0000, 0x0000, 0x0000, 
0x0000, 0x0000, 0xeffa, 0xeffa, 0x0000, 0x0000, 0x0000, 0x0000, 
0x0000, 0x0000, 0x0000, 0x0000, 0x0000, 0x0000, 0x0000, 0x0000, 
0x0000, 0x0000, 0x0000, 0x0000, 0x0000, 0x0000, 0x0000, 0x0000, 
0x0000, 0x0000, 0x0000, 0x0000, 0x0000, 0x0000, 0x0000, 0x0000, 
0x0000, 0x0000, 0x0000, 0x0000, 0x0000, 0x0000, 0x0000, 0x0000, 
0x0000, 0x0000, 0x0000, 0x0000, 0x0000, 0x0000, 0x0000, 0x0000, 
0x0000, 0x0000, 0x0000, 0x0000, 0x0000, 0x0000, 0x0000, 0x0000, 
0x0000, 0x0000, 0x0000, 0x0000, 0x0000, 0x0000, 0x0000, 0x0000, 
0x0000, 0x0000, 0x0000, 0x0000, 0x0000, 0x0000, 0x0000, 0x0000, 
0x0000, 0x0000, 0x0000, 0x0000, 0x0000, 0x0000, 0x0000, 0x0000, 
0x0000, 0x0000, 0x0000, 0xffff, 0xffff, 0x83ff, 0x83ff, 0x83ff, 
0x83ff, 0x83ff, 0x83ff, 0x83ff, 0x83ff, 0x83ff, 0x83ff, 0x83ff, 
0x83ff, 0x83ff, 0xdcff, 0xdcff, 0x0000, 0x0000, 0x0000, 0x0000, 
0x0000, 0x0000, 0x0000, 0x0000, 0x0000, 0x0000, 0x0000, 0x0000, 
0xffff, 0xffff, 0x83ff, 0x83ff, 0x83ff, 0x83ff, 0x83ff, 0x83ff, 
0x83ff, 0x83ff, 0x83ff, 0x83ff, 0x83ff, 0x83ff, 0x83ff, 0xdcff, 
0x0000, 0x0000, 0x0000, 0x0000, 0x0000, 0x0000, 0x0000, 0x0000, 
0x0000, 0x0000, 0x0000, 0x0000, 0x0000, 0x0000, 0x0000, 0x0000, 
0x0000, 0x0000, 0x0000, 0x0000, 0x0000, 0x0000, 0xffff, 0x83ff, 
0x83ff, 0x83ff, 0x83ff, 0x83ff, 0xdcff, 0x0000, 0x0000, 0x0000, 
0x0000, 0x0000, 0x0000, 0x0000, 0x0000, 0x0000, 0x0000, 0x0000, 
0x0000, 0x0000, 0xffff, 0xffff, 0x83ff, 0x83ff, 0x83ff, 0x83ff, 
0x83ff, 0x83ff, 0x83ff, 0x83ff, 0x83ff, 0x83ff, 0x83ff, 0x83ff, 
0x83ff, 0xdcff, 0x0000, 0x0000, 0x0000, 0x0000, 0x0000, 0x0000, 
0x0000, 0x0000, 0x0000, 0x0000, 0x0000, 0x0000, 0x0000, 0x0000, 
0x0000, 0x0000, 0x0000, 0x0000, 0x0000, 0x0000, 0x0000, 0x0000, 
0x0000, 0x0000, 0x0000, 0x0000, 0x0000, 0x0000, 0x0000, 0x0000, 
0x0000, 0x0000, 0x0000, 0x0000, 0x0000, 0x0000, 0x0000, 0x0000, 
0x0000, 0x0000, 0xeffa, 0xbff7, 0xbff7, 0x0000, 0x0000, 0x0000, 
0x0000, 0x0000, 0x0000, 0x0000, 0x0000, 0x0000, 0x0000, 0x0000, 
0x0000, 0x0000, 0x0000, 0x0000, 0x0000, 0x0000, 0x0000, 0x0000, 
0x0000, 0x0000, 0x0000, 0x0000, 0x0000, 0x0000, 0x0000, 0x0000, 
0x0000, 0x0000, 0x0000, 0x0000, 0x0000, 0x0000, 0x0000, 0x0000, 
0x0000, 0x0000, 0x0000, 0x0000, 0x0000, 0x0000, 0x0000, 0x0000, 
0x0000, 0x0000, 0x0000, 0x0000, 0x0000, 0x0000, 0x0000, 0x0000, 
0x0000, 0x0000, 0x0000, 0x0000, 0x0000, 0x0000, 0x0000, 0x0000, 
0x0000, 0x0000, 0x0000, 0x0000, 0x0000, 0x0000, 0x0000, 0x0000, 
0x0000, 0x0000, 0x0000, 0x0000, 0x0000, 0x0000, 0x0000, 0x0000, 
0x0000, 0x0000, 0xffff, 0x83ff, 0x83ff, 0x83ff, 0x83ff, 0x83ff, 
0x83ff, 0x83ff, 0x83ff, 0x83ff, 0x83ff, 0x83ff, 0x83ff, 0x83ff, 
0x83ff, 0x83ff, 0x83ff, 0x83ff, 0xdcff, 0x0000, 0x0000, 0x0000, 
0x0000, 0x0000, 0x0000, 0x0000, 0x0000, 0x0000, 0x0000, 0xffff, 
0x83ff, 0x83ff, 0x83ff, 0x83ff, 0x83ff, 0x83ff, 0x83ff, 0x83ff, 
0x83ff, 0x83ff, 0x83ff, 0x83ff, 0x83ff, 0x83ff, 0x83ff, 0x83ff, 
0xdcff, 0xdcff, 0x0000, 0x0000, 0x0000, 0x0000, 0x0000, 0x0000, 
0x0000, 0x0000, 0x0000, 0x0000, 0x0000, 0x0000, 0x0000, 0x0000, 
0x0000, 0x0000, 0x0000, 0x0000, 0x0000, 0xffff, 0x83ff, 0x83ff, 
0x83ff, 0x83ff, 0x83ff, 0x83ff, 0xdcff, 0x0000, 0x0000, 0x0000, 
0x0000, 0x0000, 0x0000, 0x0000, 0x0000, 0x0000, 0x0000, 0x0000, 
0x0000, 0xffff, 0x83ff, 0x83ff, 0x83ff, 0x83ff, 0x83ff, 0x83ff, 
0x83ff, 0x83ff, 0x83ff, 0x83ff, 0x83ff, 0x83ff, 0x83ff, 0x83ff, 
0x83ff, 0x83ff, 0xdcff, 0xdcff, 0x0000, 0x0000, 0x0000, 0x0000, 
0x0000, 0x0000, 0x0000, 0x0000, 0x0000, 0x0000, 0x0000, 0x0000, 
0x0000, 0x0000, 0x0000, 0x0000, 0x0000, 0x0000, 0x0000, 0x0000, 
0x0000, 0x0000, 0x0000, 0x0000, 0x0000, 0x0000, 0x0000, 0x0000, 
0x0000, 0x0000, 0x0000, 0x0000, 0x0000, 0x0000, 0x0000, 0x0000, 
0x0000, 0x0000, 0xeffa, 0xbff7, 0xbff7, 0x7ff5, 0x0000, 0x0000, 
0x0000, 0x0000, 0x0000, 0x0000, 0x0000, 0x0000, 0x0000, 0x0000, 
0x0000, 0x0000, 0x0000, 0x0000, 0x0000, 0x0000, 0x0000, 0x0000, 
0x0000, 0x0000, 0x0000, 0x0000, 0x0000, 0x0000, 0x0000, 0x0000, 
0x0000, 0x0000, 0x0000, 0x0000, 0x0000, 0x0000, 0x0000, 0x0000, 
0x0000, 0x0000, 0x0000, 0x0000, 0x0000, 0x0000, 0x0000, 0x0000, 
0x0000, 0x0000, 0x0000, 0x0000, 0x0000, 0x0000, 0x0000, 0x0000, 
0x0000, 0x0000, 0x0000, 0x0000, 0x0000, 0x0000, 0x0000, 0x0000, 
0x0000, 0x0000, 0x0000, 0x0000, 0x0000, 0x0000, 0x0000, 0x0000, 
0x0000, 0x0000, 0x0000, 0x0000, 0x0000, 0x0000, 0x0000, 0x0000, 
0x0000, 0xffff, 0x83ff, 0x83ff, 0x83ff, 0x83ff, 0x83ff, 0x83ff, 
0x83ff, 0x83ff, 0xdcff, 0xdcff, 0xdcff, 0x83ff, 0x83ff, 0x83ff, 
0x83ff, 0x83ff, 0x83ff, 0x83ff, 0x83ff, 0xdcff, 0x0000, 0x0000, 
0x0000, 0x0000, 0x0000, 0x0000, 0x0000, 0x0000, 0xffff, 0x83ff, 
0x83ff, 0x83ff, 0x83ff, 0x83ff, 0x83ff, 0x83ff, 0x83ff, 0x83ff, 
0xdcff, 0x83ff, 0x83ff, 0x83ff, 0x83ff, 0x83ff, 0x83ff, 0x83ff, 
0x83ff, 0x83ff, 0xdcff, 0x0000, 0x0000, 0x0000, 0x0000, 0x0000, 
0x0000, 0x0000, 0x0000, 0x0000, 0x0000, 0x0000, 0x0000, 0x0000, 
0x0000, 0x0000, 0x0000, 0x0000, 0xffff, 0x83ff, 0x83ff, 0x83ff, 
0x83ff, 0x83ff, 0x83ff, 0x83ff, 0xdcff, 0x0000, 0x0000, 0x0000, 
0x0000, 0x0000, 0x0000, 0x0000, 0x0000, 0x0000, 0x0000, 0x0000, 
0xffff, 0x83ff, 0x83ff, 0x83ff, 0x83ff, 0x83ff, 0x83ff, 0x83ff, 
0x83ff, 0x83ff, 0xdcff, 0x83ff, 0x83ff, 0x83ff, 0x83ff, 0x83ff, 
0x83ff, 0x83ff, 0x83ff, 0x83ff, 0xdcff, 0x0000, 0x0000, 0x0000, 
0x0000, 0x0000, 0x0000, 0x0000, 0x0000, 0x0000, 0x0000, 0x0000, 
0x0000, 0x0000, 0x0000, 0x0000, 0x0000, 0x0000, 0xeffa, 0xeffa, 
0xeffa, 0xeffa, 0x0000, 0xeffa, 0xeffa, 0x0000, 0x0000, 0xeffa, 
0x0000, 0x0000, 0x0000, 0x0000, 0x0000, 0xeffa, 0x0000, 0x0000, 
0x0000, 0xeffa, 0xeffa, 0xbff7, 0xbff7, 0x7ff5, 0x0000, 0x0000, 
0x0000, 0x0000, 0x0000, 0x0000, 0xeffa, 0xeffa, 0xeffa, 0xeffa, 
0x0000, 0x0000, 0x0000, 0x0000, 0x0000, 0x0000, 0x0000, 0x0000, 
0x0000, 0x0000, 0x0000, 0x0000, 0x0000, 0x0000, 0x0000, 0x0000, 
0x0000, 0x0000, 0x0000, 0x0000, 0x0000, 0x0000, 0x0000, 0x0000, 
0x0000, 0x0000, 0x0000, 0x0000, 0x0000, 0x0000, 0x0000, 0x0000, 
0x0000, 0x0000, 0x0000, 0x0000, 0x0000, 0x0000, 0x0000, 0x0000, 
0x0000, 0x0000, 0x0000, 0x0000, 0x0000, 0x0000, 0x0000, 0x0000, 
0x0000, 0x0000, 0x0000, 0x0000, 0x0000, 0x0000, 0x0000, 0x0000, 
0x0000, 0x0000, 0x0000, 0x0000, 0x0000, 0x0000, 0x0000, 0x0000, 
0xffff, 0x83ff, 0x83ff, 0x83ff, 0x83ff, 0x83ff, 0xdcff, 0xdcff, 
0xdcff, 0xdcff, 0x0000, 0x0000, 0x0000, 0xdcff, 0xdcff, 0xdcff, 
0x83ff, 0x83ff, 0x83ff, 0x83ff, 0x83ff, 0x83ff, 0xdcff, 0x0000, 
0x0000, 0x0000, 0x0000, 0x0000, 0x0000, 0x0000, 0xffff, 0x83ff, 
0x83ff, 0x83ff, 0x83ff, 0x83ff, 0xdcff, 0xdcff, 0xdcff, 0xdcff, 
0x0000, 0xdcff, 0xdcff, 0xdcff, 0xdcff, 0x83ff, 0x83ff, 0x83ff, 
0x83ff, 0x83ff, 0xdcff, 0x0000, 0x0000, 0x0000, 0x0000, 0x0000, 
0x0000, 0x0000, 0x0000, 0x0000, 0x0000, 0x0000, 0x0000, 0x0000, 
0x0000, 0x0000, 0x0000, 0x0000, 0xffff, 0x83ff, 0x83ff, 0x83ff, 
0x83ff, 0x83ff, 0x83ff, 0x83ff, 0xdcff, 0x0000, 0x0000, 0x0000, 
0x0000, 0x0000, 0x0000, 0x0000, 0x0000, 0x0000, 0x0000, 0x0000, 
0xffff, 0x83ff, 0x83ff, 0x83ff, 0x83ff, 0x83ff, 0xdcff, 0xdcff, 
0xdcff, 0xdcff, 0x0000, 0xdcff, 0xdcff, 0xdcff, 0xdcff, 0x83ff, 
0x83ff, 0x83ff, 0x83ff, 0x83ff, 0xdcff, 0x0000, 0x0000, 0x0000, 
0x0000, 0x0000, 0x0000, 0x0000, 0x0000, 0x0000, 0x0000, 0x0000, 
0x0000, 0x0000, 0x0000, 0x0000, 0x0000, 0x0000, 0xeffa, 0xbff7, 
0xbff7, 0xbff7, 0xbff7, 0x0000, 0xbff7, 0xbff7, 0x0000, 0xeffa, 
0xbff7, 0x0000, 0x0000, 0x0000, 0x0000, 0xeffa, 0xbff7, 0x0000, 
0x0000, 0x0000, 0xbff7, 0xbff7, 0xbff7, 0xbff7, 0xbff7, 0x0000, 
0x0000, 0x0000, 0x0000, 0xeffa, 0xbff7, 0xbff7, 0xbff7, 0xbff7, 
0xbff7, 0x0000, 0x0000, 0x0000, 0x0000, 0x0000, 0x0000, 0x0000, 
0x0000, 0x0000, 0x0000, 0x0000, 0x0000, 0x0000, 0x0000, 0x0000, 
0x0000, 0x0000, 0x0000, 0x0000, 0x0000, 0x0000, 0x0000, 0x0000, 
0x0000, 0x0000, 0x0000, 0x0000, 0x0000, 0x0000, 0x0000, 0x0000, 
0x0000, 0x0000, 0x0000, 0x0000, 0x0000, 0x0000, 0x0000, 0x0000, 
0x0000, 0x0000, 0x0000, 0x0000, 0x0000, 0x0000, 0x0000, 0x0000, 
0x0000, 0x0000, 0x0000, 0x0000, 0x0000, 0x0000, 0x0000, 0x0000, 
0x0000, 0x0000, 0x0000, 0x0000, 0x0000, 0x0000, 0x0000, 0x0000, 
0x0000, 0xdcff, 0xdcff, 0xdcff, 0x83ff, 0xdcff, 0x0000, 0x0000, 
0x0000, 0x0000, 0x0000, 0x0000, 0x0000, 0x0000, 0x0000, 0x0000, 
0xdcff, 0xdcff, 0x83ff, 0x83ff, 0x83ff, 0x83ff, 0xdcff, 0x0000, 
0x0000, 0x0000, 0x0000, 0x0000, 0x0000, 0xffff, 0x83ff, 0x83ff, 
0x83ff, 0x83ff, 0x83ff, 0xdcff, 0x0000, 0x0000, 0x0000, 0x0000, 
0x0000, 0x0000, 0x0000, 0x0000, 0x0000, 0xdcff, 0x83ff, 0x83ff, 
0x83ff, 0x83ff, 0x83ff, 0xdcff, 0x0000, 0x0000, 0x0000, 0x0000, 
0x0000, 0x0000, 0x0000, 0x0000, 0x0000, 0x0000, 0x0000, 0x0000, 
0x0000, 0x0000, 0x0000, 0xffff, 0x83ff, 0x83ff, 0x83ff, 0x83ff, 
0xdcff, 0x83ff, 0x83ff, 0x83ff, 0xdcff, 0x0000, 0x0000, 0x0000, 
0x0000, 0x0000, 0x0000, 0x0000, 0x0000, 0x0000, 0x0000, 0xffff, 
0x83ff, 0x83ff, 0x83ff, 0x83ff, 0x83ff, 0xdcff, 0x0000, 0x0000, 
0x0000, 0x0000, 0x0000, 0x0000, 0x0000, 0x0000, 0x0000, 0xdcff, 
0x83ff, 0x83ff, 0x83ff, 0x83ff, 0x83ff, 0xdcff, 0x0000, 0x0000, 
0x0000, 0x0000, 0x0000, 0x0000, 0x0000, 0x0000, 0x0000, 0x0000, 
0x0000, 0x0000, 0x0000, 0x0000, 0x0000, 0x0000, 0xeffa, 0xbff7, 
0xbff7, 0x7ff5, 0xbff7, 0xbff7, 0xeffa, 0xbff7, 0x7ff5, 0xeffa, 
0xbff7, 0x7ff5, 0x0000, 0x0000, 0x0000, 0xeffa, 0xbff7, 0x7ff5, 
0x0000, 0x0000, 0xeffa, 0xbff7, 0xbff7, 0x7ff5, 0x7ff5, 0x7ff5, 
0x0000, 0x0000, 0xeffa, 0xeffa, 0xbff7, 0x7ff5, 0x7ff5, 0x7ff5, 
0xbff7, 0xbff7, 0x0000, 0x0000, 0x0000, 0x0000, 0x0000, 0x0000, 
0x0000, 0x0000, 0x0000, 0x0000, 0x0000, 0x0000, 0x0000, 0x0000, 
0x0000, 0x0000, 0x0000, 0x0000, 0x0000, 0x0000, 0x0000, 0x0000, 
0x0000, 0x0000, 0x0000, 0x0000, 0x0000, 0x0000, 0x0000, 0x0000, 
0x0000, 0x0000, 0x0000, 0x0000, 0x0000, 0x0000, 0x0000, 0x0000, 
0x0000, 0x0000, 0x0000, 0x0000, 0x0000, 0x0000, 0x0000, 0x0000, 
0x0000, 0x0000, 0x0000, 0x0000, 0x0000, 0x0000, 0x0000, 0x0000, 
0x0000, 0x0000, 0x0000, 0x0000, 0x0000, 0x0000, 0x0000, 0x0000, 
0x0000, 0x0000, 0x0000, 0x0000, 0xdcff, 0x0000, 0x0000, 0x0000, 
0x0000, 0x0000, 0x0000, 0x0000, 0x0000, 0x0000, 0x0000, 0x0000, 
0x0000, 0x0000, 0xdcff, 0x83ff, 0x83ff, 0x83ff, 0x83ff, 0xdcff, 
0x0000, 0x0000, 0x0000, 0x0000, 0x0000, 0xffff, 0x83ff, 0x83ff, 
0x83ff, 0x83ff, 0xdcff, 0x0000, 0x0000, 0x0000, 0x0000, 0x0000, 
0x0000, 0x0000, 0x0000, 0x0000, 0x0000, 0x0000, 0xdcff, 0x83ff, 
0x83ff, 0x83ff, 0x83ff, 0xdcff, 0x0000, 0x0000, 0x0000, 0x0000, 
0x0000, 0x0000, 0x0000, 0x0000, 0x0000, 0x0000, 0x0000, 0x0000, 
0x0000, 0x0000, 0x0000, 0xffff, 0x83ff, 0x83ff, 0x83ff, 0x83ff, 
0xdcff, 0x83ff, 0x83ff, 0x83ff, 0xdcff, 0x0000, 0x0000, 0x0000, 
0x0000, 0x0000, 0x0000, 0x0000, 0x0000, 0x0000, 0x0000, 0xffff, 
0x83ff, 0x83ff, 0x83ff, 0x83ff, 0xdcff, 0x0000, 0x0000, 0x0000, 
0x0000, 0x0000, 0x0000, 0x0000, 0x0000, 0x0000, 0x0000, 0x0000, 
0xdcff, 0x83ff, 0x83ff, 0x83ff, 0x83ff, 0xdcff, 0x0000, 0x0000, 
0x0000, 0x0000, 0x0000, 0x0000, 0x0000, 0x0000, 0x0000, 0x0000, 
0x0000, 0x0000, 0x0000, 0x0000, 0x0000, 0x0000, 0xeffa, 0xbff7, 
0x7ff5, 0x7ff5, 0xbff7, 0x7ff5, 0x7ff5, 0xbff7, 0xbff7, 0xeffa, 
0xbff7, 0x7ff5, 0x0000, 0x0000, 0x0000, 0xeffa, 0xbff7, 0x7ff5, 
0x0000, 0x0000, 0xeffa, 0xbff7, 0xbff7, 0x7ff5, 0x0000, 0x0000, 
0x0000, 0x0000, 0xeffa, 0xbff7, 0xbff7, 0x7ff5, 0x0000, 0x0000, 
0xeffa, 0xbff7, 0x7ff5, 0x0000, 0x0000, 0x0000, 0x0000, 0x0000, 
0x0000, 0x0000, 0x0000, 0x0000, 0x0000, 0x0000, 0x0000, 0x0000, 
0x0000, 0x0000, 0x0000, 0x0000, 0x0000, 0x0000, 0x0000, 0x0000, 
0x0000, 0x0000, 0x0000, 0x0000, 0x0000, 0x0000, 0x0000, 0x0000, 
0x0000, 0x0000, 0x0000, 0x0000, 0x0000, 0x0000, 0x0000, 0x0000, 
0x0000, 0x0000, 0x0000, 0x0000, 0x0000, 0x0000, 0x0000, 0x0000, 
0x0000, 0x0000, 0x0000, 0x0000, 0x0000, 0x0000, 0x0000, 0x0000, 
0x0000, 0x0000, 0x0000, 0x0000, 0x0000, 0x0000, 0x0000, 0x0000, 
0x0000, 0x0000, 0x0000, 0x0000, 0x0000, 0x0000, 0x0000, 0x0000, 
0x0000, 0x0000, 0x0000, 0x0000, 0x0000, 0x0000, 0x0000, 0x0000, 
0x0000, 0x0000, 0xdcff, 0x83ff, 0x83ff, 0x83ff, 0x83ff, 0xdcff, 
0x0000, 0x0000, 0x0000, 0x0000, 0xffff, 0x83ff, 0x83ff, 0x83ff, 
0x83ff, 0xdcff, 0x0000, 0x0000, 0x0000, 0x0000, 0x0000, 0x0000, 
0x0000, 0x0000, 0x0000, 0x0000, 0x0000, 0x0000, 0xdcff, 0x83ff, 
0x83ff, 0x83ff, 0x83ff, 0xdcff, 0x0000, 0x0000, 0x0000, 0x0000, 
0x0000, 0x0000, 0x0000, 0x0000, 0x0000, 0x0000, 0x0000, 0x0000, 
0x0000, 0x0000, 0xffff, 0x83ff, 0x83ff, 0x83ff, 0x83ff, 0xdcff, 
0xdcff, 0x83ff, 0x83ff, 0x83ff, 0xdcff, 0x0000, 0x0000, 0x0000, 
0x0000, 0x0000, 0x0000, 0x0000, 0x0000, 0x0000, 0xffff, 0x83ff, 
0x83ff, 0x83ff, 0x83ff, 0xdcff, 0x0000, 0x0000, 0x0000, 0x0000, 
0x0000, 0x0000, 0x0000, 0x0000, 0x0000, 0x0000, 0x0000, 0x0000, 
0xdcff, 0x83ff, 0x83ff, 0x83ff, 0x83ff, 0xdcff, 0x0000, 0x0000, 
0x0000, 0x0000, 0x0000, 0x0000, 0x0000, 0x0000, 0x0000, 0x0000, 
0x0000, 0x0000, 0x0000, 0x0000, 0x0000, 0x0000, 0xeffa, 0xbff7, 
0x7ff5, 0xeffa, 0xbff7, 0x7ff5, 0xeffa, 0xbff7, 0xbff7, 0x7ff5, 
0xbff7, 0x7ff5, 0x0000, 0x0000, 0x0000, 0xeffa, 0xbff7, 0x7ff5, 
0x0000, 0x0000, 0xeffa, 0xbff7, 0xbff7, 0x7ff5, 0x0000, 0x0000, 
0x0000, 0x0000, 0xeffa, 0xbff7, 0x7ff5, 0x7ff5, 0xeffa, 0xeffa, 
0xeffa, 0xbff7, 0xbff7, 0x0000, 0x0000, 0x0000, 0x0000, 0x0000, 
0x0000, 0x0000, 0x0000, 0x0000, 0x0000, 0x0000, 0x0000, 0x0000, 
0x0000, 0x0000, 0x0000, 0x0000, 0x0000, 0x0000, 0x0000, 0x0000, 
0x0000, 0x0000, 0x0000, 0x0000, 0x0000, 0x0000, 0x0000, 0x0000, 
0x0000, 0x0000, 0x0000, 0x0000, 0x0000, 0x0000, 0x0000, 0x0000, 
0x0000, 0x0000, 0x0000, 0x0000, 0x0000, 0x0000, 0x0000, 0x0000, 
0x0000, 0x0000, 0x0000, 0x0000, 0x0000, 0x0000, 0x0000, 0x0000, 
0x0000, 0x0000, 0x0000, 0x0000, 0x0000, 0x0000, 0x0000, 0x0000, 
0x0000, 0x0000, 0x0000, 0x0000, 0x0000, 0x0000, 0x0000, 0x0000, 
0x0000, 0x0000, 0x0000, 0x0000, 0x0000, 0x0000, 0x0000, 0x0000, 
0x0000, 0x0000, 0xdcff, 0x83ff, 0x83ff, 0x83ff, 0x83ff, 0xdcff, 
0x0000, 0x0000, 0x0000, 0x0000, 0xffff, 0x83ff, 0x83ff, 0x83ff, 
0x83ff, 0xdcff, 0x0000, 0x0000, 0x0000, 0x0000, 0x0000, 0x0000, 
0x0000, 0x0000, 0x0000, 0x0000, 0x0000, 0x0000, 0x0000, 0xffff, 
0x83ff, 0x83ff, 0x83ff, 0x83ff, 0xdcff, 0x0000, 0x0000, 0x0000, 
0x0000, 0x0000, 0x0000, 0x0000, 0x0000, 0x0000, 0x0000, 0x0000, 
0x0000, 0xffff, 0x83ff, 0x83ff, 0x83ff, 0x83ff, 0xdcff, 0x0000, 
0xffff, 0x83ff, 0x83ff, 0x83ff, 0xdcff, 0x0000, 0x0000, 0x0000, 
0x0000, 0x0000, 0x0000, 0x0000, 0x0000, 0x0000, 0xffff, 0x83ff, 
0x83ff, 0x83ff, 0x83ff, 0xdcff, 0x0000, 0x0000, 0x0000, 0x0000, 
0x0000, 0x0000, 0x0000, 0x0000, 0x0000, 0x0000, 0x0000, 0x0000, 
0x0000, 0xffff, 0x83ff, 0x83ff, 0x83ff, 0x83ff, 0xdcff, 0x0000, 
0x0000, 0x0000, 0x0000, 0x0000, 0x0000, 0x0000, 0x0000, 0x0000, 
0x0000, 0x0000, 0x0000, 0x0000, 0x0000, 0x0000, 0xeffa, 0xbff7, 
0x7ff5, 0xeffa, 0xbff7, 0x7ff5, 0xeffa, 0xbff7, 0xbff7, 0x7ff5, 
0xbff7, 0x7ff5, 0x0000, 0x0000, 0x0000, 0xeffa, 0xbff7, 0x7ff5, 
0x0000, 0x0000, 0xeffa, 0xbff7, 0xbff7, 0x7ff5, 0x0000, 0x0000, 
0x0000, 0x0000, 0xeffa, 0xbff7, 0xbff7, 0xbff7, 0xbff7, 0xbff7, 
0xbff7, 0xbff7, 0xbff7, 0x7ff5, 0x0000, 0x0000, 0x0000, 0x0000, 
0x0000, 0x0000, 0x0000, 0x0000, 0x0000, 0x0000, 0x0000, 0x0000, 
0x0000, 0x0000, 0x0000, 0x0000, 0x0000, 0x0000, 0x0000, 0x0000, 
0x0000, 0x0000, 0x0000, 0x0000, 0x0000, 0x0000, 0x0000, 0x0000, 
0x0000, 0x0000, 0x0000, 0x0000, 0x0000, 0x0000, 0x0000, 0x0000, 
0x0000, 0x0000, 0x0000, 0x0000, 0x0000, 0x0000, 0x0000, 0x0000, 
0x0000, 0x0000, 0x0000, 0x0000, 0x0000, 0x0000, 0x0000, 0x0000, 
0x0000, 0x0000, 0x0000, 0x0000, 0x0000, 0x0000, 0x0000, 0x0000, 
0x0000, 0x0000, 0x0000, 0x0000, 0x0000, 0x0000, 0x0000, 0x0000, 
0x0000, 0x0000, 0x0000, 0x0000, 0x0000, 0x0000, 0x0000, 0x0000, 
0x0000, 0x0000, 0x0000, 0xdcff, 0x83ff, 0x83ff, 0x83ff, 0xdcff, 
0x0000, 0x0000, 0x0000, 0x0000, 0xffff, 0x83ff, 0x83ff, 0x83ff, 
0x83ff, 0xdcff, 0x0000, 0x0000, 0x0000, 0x0000, 0x0000, 0x0000, 
0x0000, 0x0000, 0x0000, 0x0000, 0x0000, 0x0000, 0x0000, 0xffff, 
0x83ff, 0x83ff, 0x83ff, 0x83ff, 0xdcff, 0x0000, 0x0000, 0x0000, 
0x0000, 0x0000, 0x0000, 0x0000, 0x0000, 0x0000, 0x0000, 0x0000, 
0x0000, 0xffff, 0x83ff, 0x83ff, 0x83ff, 0x83ff, 0xdcff, 0x0000, 
0xffff, 0x83ff, 0x83ff, 0x83ff, 0xdcff, 0x0000, 0x0000, 0x0000, 
0x0000, 0x0000, 0x0000, 0x0000, 0x0000, 0x0000, 0xffff, 0x83ff, 
0x83ff, 0x83ff, 0x83ff, 0xdcff, 0x0000, 0x0000, 0x0000, 0x0000, 
0x0000, 0x0000, 0x0000, 0x0000, 0x0000, 0x0000, 0x0000, 0x0000, 
0x0000, 0xffff, 0x83ff, 0x83ff, 0x83ff, 0x83ff, 0xdcff, 0x0000, 
0x0000, 0x0000, 0x0000, 0x0000, 0x0000, 0x0000, 0x0000, 0x0000, 
0x0000, 0x0000, 0x0000, 0x0000, 0x0000, 0x0000, 0xeffa, 0xbff7, 
0x7ff5, 0xeffa, 0xbff7, 0x7ff5, 0xeffa, 0xbff7, 0xbff7, 0x7ff5, 
0xbff7, 0x7ff5, 0x0000, 0x0000, 0x0000, 0xeffa, 0xbff7, 0x7ff5, 
0x0000, 0x0000, 0x0000, 0xbff7, 0xbff7, 0x7ff5, 0x0000, 0x0000, 
0x0000, 0x0000, 0xeffa, 0xbff7, 0x7ff5, 0x7ff5, 0x7ff5, 0x7ff5, 
0x7ff5, 0x7ff5, 0x7ff5, 0x7ff5, 0x0000, 0x0000, 0x0000, 0x0000, 
0x0000, 0x0000, 0x0000, 0x0000, 0x0000, 0x0000, 0x0000, 0x0000, 
0x0000, 0x0000, 0x0000, 0x0000, 0x0000, 0x0000, 0x0000, 0x0000, 
0x0000, 0x0000, 0x0000, 0x0000, 0x0000, 0x0000, 0x0000, 0x0000, 
0x0000, 0x0000, 0x0000, 0x0000, 0x0000, 0x0000, 0x0000, 0x0000, 
0x0000, 0x0000, 0x0000, 0x0000, 0x0000, 0x0000, 0x0000, 0x0000, 
0x0000, 0x0000, 0x0000, 0x0000, 0x0000, 0x0000, 0x0000, 0x0000, 
0x0000, 0x0000, 0x0000, 0x0000, 0x0000, 0x0000, 0x0000, 0x0000, 
0x0000, 0x0000, 0x0000, 0x0000, 0x0000, 0x0000, 0x0000, 0x0000, 
0x0000, 0x0000, 0x0000, 0x0000, 0x0000, 0x0000, 0x0000, 0x0000, 
0x0000, 0x0000, 0xffff, 0x83ff, 0x83ff, 0x83ff, 0x83ff, 0xdcff, 
0x0000, 0x0000, 0x0000, 0x0000, 0xffff, 0x83ff, 0x83ff, 0x83ff, 
0x83ff, 0xdcff, 0x0000, 0x0000, 0x0000, 0x0000, 0x0000, 0x0000, 
0x0000, 0x0000, 0x0000, 0x0000, 0x0000, 0x0000, 0x0000, 0xffff, 
0x83ff, 0x83ff, 0x83ff, 0x83ff, 0xdcff, 0x0000, 0x0000, 0x0000, 
0x0000, 0x0000, 0x0000, 0x0000, 0x0000, 0x0000, 0x0000, 0x0000, 
0xffff, 0x83ff, 0x83ff, 0x83ff, 0x83ff, 0xdcff, 0x0000, 0x0000, 
0xffff, 0x83ff, 0x83ff, 0x83ff, 0xdcff, 0x0000, 0x0000, 0x0000, 
0x0000, 0x0000, 0x0000, 0x0000, 0x0000, 0x0000, 0xffff, 0x83ff, 
0x83ff, 0x83ff, 0x83ff, 0xdcff, 0x0000, 0x0000, 0x0000, 0x0000, 
0x0000, 0x0000, 0x0000, 0x0000, 0x0000, 0x0000, 0x0000, 0x0000, 
0x0000, 0xffff, 0x83ff, 0x83ff, 0x83ff, 0x83ff, 0xdcff, 0x0000, 
0x0000, 0x0000, 0x0000, 0x0000, 0x0000, 0x0000, 0x0000, 0x0000, 
0x0000, 0x0000, 0x0000, 0x0000, 0x0000, 0x0000, 0xeffa, 0xbff7, 
0x7ff5, 0xeffa, 0xbff7, 0x7ff5, 0xeffa, 0xbff7, 0xbff7, 0x7ff5, 
0xbff7, 0xbff7, 0x0000, 0x0000, 0xeffa, 0xeffa, 0xbff7, 0x7ff5, 
0x0000, 0x0000, 0x0000, 0xeffa, 0xbff7, 0x7ff5, 0x0000, 0xeffa, 
0xeffa, 0x0000, 0x0000, 0xbff7, 0x7ff5, 0x0000, 0x0000, 0xeffa, 
0xeffa, 0xbff7, 0xbff7, 0x0000, 0x0000, 0x0000, 0x0000, 0x0000, 
0x0000, 0x0000, 0x0000, 0x0000, 0x0000, 0x0000, 0x0000, 0x0000, 
0x0000, 0x0000, 0x0000, 0x0000, 0x0000, 0x0000, 0x0000, 0x0000, 
0x0000, 0x0000, 0x0000, 0x0000, 0x0000, 0x0000, 0x0000, 0x0000, 
0x0000, 0x0000, 0x0000, 0x0000, 0x0000, 0x0000, 0x0000, 0x0000, 
0x0000, 0x0000, 0x0000, 0x0000, 0x0000, 0x0000, 0x0000, 0x0000, 
0x0000, 0x0000, 0x0000, 0x0000, 0x0000, 0x0000, 0x0000, 0x0000, 
0x0000, 0x0000, 0x0000, 0x0000, 0x0000, 0x0000, 0x0000, 0x0000, 
0x0000, 0x0000, 0x0000, 0x0000, 0x0000, 0x0000, 0x0000, 0x0000, 
0x0000, 0x0000, 0x0000, 0x0000, 0x0000, 0x0000, 0x0000, 0x0000, 
0x0000, 0x0000, 0xffff, 0x83ff, 0x83ff, 0x83ff, 0x83ff, 0xdcff, 
0x0000, 0x0000, 0x0000, 0x0000, 0xffff, 0x83ff, 0x83ff, 0x83ff, 
0x83ff, 0xdcff, 0x0000, 0x0000, 0x0000, 0x0000, 0x0000, 0x0000, 
0x0000, 0x0000, 0x0000, 0x0000, 0x0000, 0x0000, 0x0000, 0xffff, 
0x83ff, 0x83ff, 0x83ff, 0x83ff, 0xdcff, 0x0000, 0x0000, 0x0000, 
0x0000, 0x0000, 0x0000, 0x0000, 0x0000, 0x0000, 0x0000, 0xffff, 
0x83ff, 0x83ff, 0x83ff, 0x83ff, 0xdcff, 0x0000, 0x0000, 0x0000, 
0xffff, 0x83ff, 0x83ff, 0x83ff, 0xdcff, 0x0000, 0x0000, 0x0000, 
0x0000, 0x0000, 0x0000, 0x0000, 0x0000, 0x0000, 0xffff, 0x83ff, 
0x83ff, 0x83ff, 0x83ff, 0xdcff, 0x0000, 0x0000, 0x0000, 0x0000, 
0x0000, 0x0000, 0x0000, 0x0000, 0x0000, 0x0000, 0x0000, 0x0000, 
0x0000, 0xffff, 0x83ff, 0x83ff, 0x83ff, 0x83ff, 0xdcff, 0x0000, 
0x0000, 0x0000, 0x0000, 0x0000, 0x0000, 0x0000, 0x0000, 0x0000, 
0x0000, 0x0000, 0x0000, 0x0000, 0x0000, 0x0000, 0xeffa, 0xbff7, 
0x7ff5, 0xeffa, 0xbff7, 0x7ff5, 0xeffa, 0xbff7, 0xbff7, 0x7ff5, 
0x0000, 0xbff7, 0x7ff5, 0xeffa, 0xbff7, 0xbff7, 0xbff7, 0x7ff5, 
0x0000, 0x0000, 0x0000, 0x0000, 0xbff7, 0xbff7, 0xeffa, 0xeffa, 
0xbff7, 0xbff7, 0x0000, 0x0000, 0xbff7, 0xeffa, 0xeffa, 0xeffa, 
0xbff7, 0xbff7, 0x7ff5, 0x7ff5, 0x0000, 0x0000, 0x0000, 0x0000, 
0x0000, 0x0000, 0x0000, 0x0000, 0x0000, 0x0000, 0x0000, 0x0000, 
0x0000, 0x0000, 0x0000, 0x0000, 0x0000, 0x0000, 0x0000, 0x0000, 
0x0000, 0x0000, 0x0000, 0x0000, 0x0000, 0x0000, 0x0000, 0x0000, 
0x0000, 0x0000, 0x0000, 0x0000, 0x0000, 0x0000, 0x0000, 0x0000, 
0x0000, 0x0000, 0x0000, 0x0000, 0x0000, 0x0000, 0x0000, 0x0000, 
0x0000, 0x0000, 0x0000, 0x0000, 0x0000, 0x0000, 0x0000, 0x0000, 
0x0000, 0x0000, 0x0000, 0x0000, 0x0000, 0x0000, 0x0000, 0x0000, 
0x0000, 0x0000, 0x0000, 0x0000, 0x0000, 0x0000, 0x0000, 0x0000, 
0x0000, 0x0000, 0x0000, 0x0000, 0x0000, 0x0000, 0x0000, 0x0000, 
0x0000, 0x0000, 0xffff, 0x83ff, 0x83ff, 0x83ff, 0x83ff, 0xdcff, 
0x0000, 0x0000, 0x0000, 0x0000, 0xffff, 0x83ff, 0x83ff, 0x83ff, 
0x83ff, 0xdcff, 0x0000, 0x0000, 0x0000, 0x0000, 0x0000, 0x0000, 
0x0000, 0x0000, 0x0000, 0x0000, 0x0000, 0x0000, 0x0000, 0xffff, 
0x83ff, 0x83ff, 0x83ff, 0x83ff, 0xdcff, 0x0000, 0x0000, 0x0000, 
0x0000, 0x0000, 0x0000, 0x0000, 0x0000, 0x0000, 0x0000, 0xffff, 
0x83ff, 0x83ff, 0x83ff, 0x83ff, 0xdcff, 0x0000, 0x0000, 0x0000, 
0xffff, 0x83ff, 0x83ff, 0x83ff, 0xdcff, 0x0000, 0x0000, 0x0000, 
0x0000, 0x0000, 0x0000, 0x0000, 0x0000, 0x0000, 0xffff, 0x83ff, 
0x83ff, 0x83ff, 0x83ff, 0xdcff, 0x0000, 0x0000, 0x0000, 0x0000, 
0x0000, 0x0000, 0x0000, 0x0000, 0x0000, 0x0000, 0x0000, 0x0000, 
0x0000, 0xffff, 0x83ff, 0x83ff, 0x83ff, 0x83ff, 0xdcff, 0x0000, 
0x0000, 0x0000, 0x0000, 0x0000, 0x0000, 0x0000, 0x0000, 0x0000, 
0x0000, 0x0000, 0x0000, 0x0000, 0x0000, 0x0000, 0x0000, 0xbff7, 
0x7ff5, 0x0000, 0xbff7, 0x7ff5, 0x0000, 0xbff7, 0xbff7, 0x7ff5, 
0x0000, 0x0000, 0xbff7, 0xbff7, 0xbff7, 0x7ff5, 0xbff7, 0x7ff5, 
0x0000, 0x0000, 0x0000, 0x0000, 0x0000, 0xbff7, 0xbff7, 0xbff7, 
0xbff7, 0x7ff5, 0x7ff5, 0x0000, 0x0000, 0xbff7, 0xbff7, 0xbff7, 
0xbff7, 0x7ff5, 0x7ff5, 0x0000, 0x0000, 0x0000, 0x0000, 0x0000, 
0x0000, 0x0000, 0x0000, 0x0000, 0x0000, 0x0000, 0x0000, 0x0000, 
0x0000, 0x0000, 0x0000, 0x0000, 0x0000, 0x0000, 0x0000, 0x0000, 
0x0000, 0x0000, 0x0000, 0x0000, 0x0000, 0x0000, 0x0000, 0x0000, 
0x0000, 0x0000, 0x0000, 0x0000, 0x0000, 0x0000, 0x0000, 0x0000, 
0x0000, 0x0000, 0x0000, 0x0000, 0x0000, 0x0000, 0x0000, 0x0000, 
0x0000, 0x0000, 0x0000, 0x0000, 0x0000, 0x0000, 0x0000, 0x0000, 
0x0000, 0x0000, 0x0000, 0x0000, 0x0000, 0x0000, 0x0000, 0x0000, 
0x0000, 0x0000, 0x0000, 0x0000, 0x0000, 0x0000, 0x0000, 0x0000, 
0x0000, 0x0000, 0x0000, 0x0000, 0x0000, 0x0000, 0x0000, 0x0000, 
0x0000, 0xffff, 0x83ff, 0x83ff, 0x83ff, 0x83ff, 0xdcff, 0x0000, 
0x0000, 0x0000, 0x0000, 0x0000, 0xffff, 0x83ff, 0x83ff, 0x83ff, 
0x83ff, 0xdcff, 0x0000, 0x0000, 0x0000, 0x0000, 0x0000, 0xffff, 
0xffff, 0xffff, 0x0000, 0x0000, 0x0000, 0x0000, 0x0000, 0xffff, 
0x83ff, 0x83ff, 0x83ff, 0x83ff, 0xdcff, 0x0000, 0x0000, 0x0000, 
0x0000, 0x0000, 0x0000, 0x0000, 0x0000, 0x0000, 0xffff, 0x83ff, 
0x83ff, 0x83ff, 0x83ff, 0xdcff, 0x0000, 0x0000, 0x0000, 0x0000, 
0xffff, 0x83ff, 0x83ff, 0x83ff, 0xdcff, 0x0000, 0x0000, 0x0000, 
0x0000, 0x0000, 0x0000, 0x0000, 0x0000, 0x0000, 0xffff, 0x83ff, 
0x83ff, 0x83ff, 0x83ff, 0xdcff, 0x0000, 0x0000, 0x0000, 0x0000, 
0x0000, 0xffff, 0xffff, 0xffff, 0x0000, 0x0000, 0x0000, 0x0000, 
0x0000, 0xffff, 0x83ff, 0x83ff, 0x83ff, 0x83ff, 0xdcff, 0x0000, 
0x0000, 0x0000, 0x0000, 0x0000, 0x0000, 0x0000, 0x0000, 0x0000, 
0x0000, 0x0000, 0x0000, 0x0000, 0x0000, 0x0000, 0x0000, 0x0000, 
0x7ff5, 0x0000, 0x0000, 0x7ff5, 0x0000, 0x0000, 0x7ff5, 0x7ff5, 
0x0000, 0x0000, 0x0000, 0x7ff5, 0x7ff5, 0x7ff5, 0x0000, 0x7ff5, 
0x0000, 0x0000, 0x0000, 0x0000, 0x0000, 0x0000, 0x7ff5, 0x7ff5, 
0x7ff5, 0x7ff5, 0x0000, 0x0000, 0x0000, 0x0000, 0x7ff5, 0x7ff5, 
0x7ff5, 0x7ff5, 0x0000, 0x0000, 0x0000, 0x0000, 0x0000, 0x0000, 
0x0000, 0x0000, 0x0000, 0x0000, 0x0000, 0x0000, 0x0000, 0x0000, 
0x0000, 0x0000, 0x0000, 0x0000, 0x0000, 0x0000, 0x0000, 0x0000, 
0x0000, 0x0000, 0x0000, 0x0000, 0x0000, 0x0000, 0x0000, 0x0000, 
0x0000, 0x0000, 0x0000, 0x0000, 0x0000, 0x0000, 0x0000, 0x0000, 
0x0000, 0x0000, 0x0000, 0x0000, 0x0000, 0x0000, 0x0000, 0x0000, 
0x0000, 0x0000, 0x0000, 0x0000, 0x0000, 0x0000, 0x0000, 0x0000, 
0x0000, 0x0000, 0x0000, 0x0000, 0x0000, 0x0000, 0x0000, 0x0000, 
0x0000, 0x0000, 0x0000, 0x0000, 0x0000, 0x0000, 0x0000, 0x0000, 
0x0000, 0x0000, 0x0000, 0x0000, 0x0000, 0x0000, 0x0000, 0x0000, 
0xffff, 0x83ff, 0x83ff, 0x83ff, 0x83ff, 0x83ff, 0xdcff, 0x0000, 
0x0000, 0x0000, 0x0000, 0x0000, 0xffff, 0x83ff, 0x83ff, 0x83ff, 
0x83ff, 0xdcff, 0x0000, 0x0000, 0x0000, 0x0000, 0xffff, 0x83ff, 
0x83ff, 0x83ff, 0xdcff, 0x0000, 0x0000, 0x0000, 0x0000, 0xffff, 
0x83ff, 0x83ff, 0x83ff, 0x83ff, 0xdcff, 0x0000, 0x0000, 0x0000, 
0x0000, 0x0000, 0x0000, 0x0000, 0x0000, 0xffff, 0x83ff, 0x83ff, 
0x83ff, 0x83ff, 0x83ff, 0xdcff, 0x0000, 0x0000, 0x0000, 0x0000, 
0xffff, 0x83ff, 0x83ff, 0x83ff, 0xdcff, 0x0000, 0x0000, 0x0000, 
0x0000, 0x0000, 0x0000, 0x0000, 0x0000, 0x0000, 0xffff, 0x83ff, 
0x83ff, 0x83ff, 0x83ff, 0xdcff, 0x0000, 0x0000, 0x0000, 0x0000, 
0xffff, 0x83ff, 0x83ff, 0x83ff, 0xdcff, 0x0000, 0x0000, 0x0000, 
0x0000, 0xffff, 0x83ff, 0x83ff, 0x83ff, 0x83ff, 0xdcff, 0x0000, 
0x0000, 0x0000, 0x0000, 0x0000, 0x0000, 0x0000, 0x0000, 0x0000, 
0x0000, 0x0000, 0x0000, 0x0000, 0x0000, 0x0000, 0x0000, 0x0000, 
0x0000, 0x0000, 0x0000, 0x0000, 0x0000, 0x0000, 0x0000, 0x0000, 
0x0000, 0x0000, 0x0000, 0x0000, 0x0000, 0x0000, 0x0000, 0x0000, 
0x0000, 0x0000, 0x0000, 0x0000, 0x0000, 0x0000, 0x0000, 0x0000, 
0x0000, 0x0000, 0x0000, 0x0000, 0x0000, 0x0000, 0x0000, 0x0000, 
0x0000, 0x0000, 0x0000, 0x0000, 0x0000, 0x0000, 0x0000, 0x0000, 
0x0000, 0x0000, 0x0000, 0x0000, 0x0000, 0x0000, 0x0000, 0x0000, 
0x0000, 0x0000, 0x0000, 0x0000, 0x0000, 0x0000, 0x0000, 0x0000, 
0x0000, 0x0000, 0x0000, 0x0000, 0x0000, 0x0000, 0x0000, 0x0000, 
0x0000, 0x0000, 0x0000, 0x0000, 0x0000, 0x0000, 0x0000, 0x0000, 
0x0000, 0x0000, 0x0000, 0x0000, 0x0000, 0x0000, 0x0000, 0x0000, 
0x0000, 0x0000, 0x0000, 0x0000, 0x0000, 0x0000, 0x0000, 0x0000, 
0x0000, 0x0000, 0x0000, 0x0000, 0x0000, 0x0000, 0x0000, 0x0000, 
0x0000, 0x0000, 0x0000, 0x0000, 0x0000, 0x0000, 0x0000, 0x0000, 
0x0000, 0x0000, 0x0000, 0x0000, 0x0000, 0x0000, 0x0000, 0xffff, 
0x83ff, 0x83ff, 0x83ff, 0x83ff, 0x83ff, 0xdcff, 0x0000, 0x0000, 
0x0000, 0x0000, 0x0000, 0x0000, 0xffff, 0x83ff, 0x83ff, 0x83ff, 
0x83ff, 0xdcff, 0x0000, 0x0000, 0x0000, 0xffff, 0x83ff, 0x83ff, 
0x83ff, 0x83ff, 0x83ff, 0xdcff, 0x0000, 0x0000, 0x0000, 0xffff, 
0x83ff, 0x83ff, 0x83ff, 0x83ff, 0xdcff, 0x0000, 0x0000, 0x0000, 
0x0000, 0x0000, 0x0000, 0x0000, 0x0000, 0xffff, 0x83ff, 0x83ff, 
0x83ff, 0x83ff, 0xdcff, 0x0000, 0x0000, 0x0000, 0x0000, 0x0000, 
0xffff, 0x83ff, 0x83ff, 0x83ff, 0xdcff, 0x0000, 0x0000, 0x0000, 
0x0000, 0x0000, 0x0000, 0x0000, 0x0000, 0x0000, 0xffff, 0x83ff, 
0x83ff, 0x83ff, 0x83ff, 0xdcff, 0x0000, 0x0000, 0x0000, 0xffff, 
0x83ff, 0x83ff, 0x83ff, 0x83ff, 0x83ff, 0xdcff, 0x0000, 0x0000, 
0x0000, 0xffff, 0x83ff, 0x83ff, 0x83ff, 0x83ff, 0xdcff, 0x0000, 
0x0000, 0x0000, 0x0000, 0x0000, 0x0000, 0x0000, 0x0000, 0x0000, 
0x0000, 0x0000, 0x0000, 0x0000, 0x0000, 0x0000, 0x0000, 0x0000, 
0x0000, 0x0000, 0x0000, 0x0000, 0x0000, 0x0000, 0x0000, 0x0000, 
0x0000, 0x0000, 0x0000, 0x0000, 0x0000, 0x0000, 0x0000, 0x0000, 
0x0000, 0x0000, 0x0000, 0x0000, 0x0000, 0x0000, 0x0000, 0x0000, 
0x0000, 0x0000, 0x0000, 0x0000, 0x0000, 0x0000, 0x0000, 0x0000, 
0x0000, 0x0000, 0x0000, 0x0000, 0x0000, 0x0000, 0x0000, 0x0000, 
0x0000, 0x0000, 0x0000, 0x0000, 0x0000, 0x0000, 0x0000, 0x0000, 
0x0000, 0x0000, 0x0000, 0x0000, 0x0000, 0x0000, 0x0000, 0x0000, 
0x0000, 0x0000, 0x0000, 0x0000, 0x0000, 0x0000, 0x0000, 0x0000, 
0x0000, 0x0000, 0x0000, 0x0000, 0x0000, 0x0000, 0x0000, 0x0000, 
0x0000, 0x0000, 0x0000, 0x0000, 0x0000, 0x0000, 0x0000, 0x0000, 
0x0000, 0x0000, 0x0000, 0x0000, 0x0000, 0x0000, 0x0000, 0x0000, 
0x0000, 0x0000, 0x0000, 0x0000, 0x0000, 0x0000, 0x0000, 0x0000, 
0x0000, 0x0000, 0x0000, 0x0000, 0x0000, 0x0000, 0x0000, 0x0000, 
0x0000, 0x0000, 0x0000, 0x0000, 0x0000, 0xffff, 0xffff, 0x83ff, 
0x83ff, 0x83ff, 0x83ff, 0x83ff, 0xdcff, 0x0000, 0x0000, 0x0000, 
0x0000, 0x0000, 0x0000, 0x0000, 0xffff, 0x83ff, 0x83ff, 0x83ff, 
0x83ff, 0xdcff, 0x0000, 0x0000, 0xffff, 0x83ff, 0x83ff, 0x83ff, 
0x83ff, 0x83ff, 0x83ff, 0xdcff, 0x0000, 0x0000, 0x0000, 0xffff, 
0x83ff, 0x83ff, 0x83ff, 0x83ff, 0xdcff, 0x0000, 0x0000, 0x0000, 
0x0000, 0x0000, 0x0000, 0x0000, 0xffff, 0x83ff, 0x83ff, 0x83ff, 
0x83ff, 0xdcff, 0x0000, 0x0000, 0x0000, 0x0000, 0x0000, 0x0000, 
0xffff, 0x83ff, 0x83ff, 0x83ff, 0xdcff, 0x0000, 0x0000, 0x0000, 
0x0000, 0x0000, 0x0000, 0x0000, 0x0000, 0x0000, 0xffff, 0x83ff, 
0x83ff, 0x83ff, 0x83ff, 0xdcff, 0x0000, 0x0000, 0xffff, 0x83ff, 
0x83ff, 0x83ff, 0x83ff, 0x83ff, 0x83ff, 0xdcff, 0x0000, 0x0000, 
0x0000, 0xffff, 0x83ff, 0x83ff, 0x83ff, 0x83ff, 0xdcff, 0x0000, 
0x0000, 0x0000, 0x0000, 0x0000, 0x0000, 0x0000, 0x0000, 0x0000, 
0x0000, 0x0000, 0x0000, 0x0000, 0x0000, 0x0000, 0x0000, 0x0000, 
0x0000, 0x0000, 0x0000, 0x0000, 0x0000, 0x0000, 0x0000, 0x0000, 
0x0000, 0x0000, 0x0000, 0x0000, 0x0000, 0x0000, 0x0000, 0x0000, 
0x0000, 0x0000, 0x0000, 0x0000, 0x0000, 0x0000, 0x0000, 0x0000, 
0x0000, 0x0000, 0x0000, 0x0000, 0x0000, 0x0000, 0x0000, 0x0000, 
0x0000, 0x0000, 0x0000, 0x0000, 0x0000, 0x0000, 0x0000, 0x0000, 
0x0000, 0x0000, 0x0000, 0x0000, 0x0000, 0x0000, 0x0000, 0x0000, 
0x0000, 0x0000, 0x0000, 0x0000, 0x0000, 0x0000, 0x0000, 0x0000, 
0x0000, 0x0000, 0x0000, 0x0000, 0x0000, 0x0000, 0x0000, 0x0000, 
0x0000, 0x0000, 0x0000, 0x0000, 0x0000, 0x0000, 0x0000, 0x0000, 
0x0000, 0x0000, 0x0000, 0x0000, 0x0000, 0x0000, 0x0000, 0x0000, 
0x0000, 0x0000, 0x0000, 0x0000, 0x0000, 0x0000, 0x0000, 0x0000, 
0x0000, 0x0000, 0x0000, 0x0000, 0x0000, 0x0000, 0x0000, 0x0000, 
0x0000, 0x0000, 0x0000, 0x0000, 0x0000, 0x0000, 0x0000, 0x0000, 
0x0000, 0x0000, 0x0000, 0xffff, 0xffff, 0x83ff, 0x83ff, 0x83ff, 
0x83ff, 0x83ff, 0x83ff, 0xdcff, 0x0000, 0x0000, 0x0000, 0x0000, 
0x0000, 0x0000, 0x0000, 0x0000, 0xffff, 0x83ff, 0x83ff, 0x83ff, 
0x83ff, 0xdcff, 0x0000, 0x0000, 0xffff, 0x83ff, 0x83ff, 0x83ff, 
0x83ff, 0x83ff, 0x83ff, 0xdcff, 0x0000, 0x0000, 0x0000, 0xffff, 
0x83ff, 0x83ff, 0x83ff, 0x83ff, 0xdcff, 0x0000, 0x0000, 0x0000, 
0x0000, 0x0000, 0x0000, 0xffff, 0x83ff, 0x83ff, 0x83ff, 0x83ff, 
0x83ff, 0xdcff, 0x0000, 0x0000, 0x0000, 0x0000, 0x0000, 0x0000, 
0xffff, 0x83ff, 0x83ff, 0x83ff, 0xdcff, 0x0000, 0x0000, 0x0000, 
0x0000, 0x0000, 0x0000, 0x0000, 0x0000, 0x0000, 0xffff, 0x83ff, 
0x83ff, 0x83ff, 0x83ff, 0xdcff, 0x0000, 0x0000, 0xffff, 0x83ff, 
0x83ff, 0x83ff, 0x83ff, 0x83ff, 0x83ff, 0xdcff, 0x0000, 0x0000, 
0x0000, 0xffff, 0x83ff, 0x83ff, 0x83ff, 0x83ff, 0xdcff, 0x0000, 
0x0000, 0x0000, 0x0000, 0x0000, 0x0000, 0x0000, 0x0000, 0x0000, 
0x0000, 0x0000, 0x0000, 0x0000, 0x0000, 0x00f0, 0x00f0, 0x00f0, 
0x00f0, 0x0000, 0x0000, 0x0000, 0x0000, 0x0000, 0x0000, 0x0000, 
0x0000, 0x0000, 0x0000, 0x0000, 0x0000, 0x0000, 0x0000, 0x0000, 
0x0000, 0x0000, 0x0000, 0x0000, 0x0000, 0x0000, 0x0000, 0x0000, 
0x0000, 0x0000, 0x0000, 0x0000, 0x0000, 0x0000, 0x0000, 0x0000, 
0x0000, 0x0000, 0x0000, 0x0000, 0x0000, 0x0000, 0x0000, 0x0000, 
0x0000, 0x0000, 0x0000, 0x0000, 0x0000, 0x0000, 0x0000, 0x0000, 
0x0000, 0x0000, 0x0000, 0x0000, 0x0000, 0x0000, 0x0000, 0x0000, 
0x0000, 0x0000, 0x0000, 0x0000, 0x0000, 0x0000, 0x0000, 0x0000, 
0x0000, 0x0000, 0x0000, 0x0000, 0x0000, 0x0000, 0x0000, 0x0000, 
0x0000, 0x0000, 0x0000, 0x0000, 0x0000, 0x0000, 0x0000, 0x0000, 
0x0000, 0x0000, 0x0000, 0x0000, 0x0000, 0x0000, 0x0000, 0x0000, 
0x0000, 0x0000, 0x0000, 0x0000, 0x0000, 0x0000, 0x0000, 0x0000, 
0x0000, 0x0000, 0x0000, 0x0000, 0x0000, 0x0000, 0x0000, 0x0000, 
0x0000, 0x0000, 0xffff, 0x83ff, 0x83ff, 0x83ff, 0x83ff, 0x83ff, 
0x83ff, 0x83ff, 0xdcff, 0x0000, 0x0000, 0x0000, 0x0000, 0x0000, 
0x0000, 0x0000, 0x0000, 0x0000, 0xffff, 0x83ff, 0x83ff, 0x83ff, 
0x83ff, 0xdcff, 0x0000, 0x0000, 0x0000, 0xdcff, 0x83ff, 0x83ff, 
0x83ff, 0x83ff, 0x83ff, 0xdcff, 0x0000, 0x0000, 0x0000, 0xffff, 
0x83ff, 0x83ff, 0x83ff, 0x83ff, 0xdcff, 0x0000, 0x0000, 0x0000, 
0x0000, 0x0000, 0x0000, 0xffff, 0x83ff, 0x83ff, 0x83ff, 0x83ff, 
0xdcff, 0x0000, 0x0000, 0x0000, 0x0000, 0x0000, 0x0000, 0x0000, 
0xffff, 0x83ff, 0x83ff, 0x83ff, 0xdcff, 0x0000, 0x0000, 0x0000, 
0x0000, 0x0000, 0x0000, 0x0000, 0x0000, 0x0000, 0xffff, 0x83ff, 
0x83ff, 0x83ff, 0x83ff, 0xdcff, 0x0000, 0x0000, 0x0000, 0xdcff, 
0x83ff, 0x83ff, 0x83ff, 0x83ff, 0x83ff, 0xdcff, 0x0000, 0x0000, 
0x0000, 0xffff, 0x83ff, 0x83ff, 0x83ff, 0x83ff, 0xdcff, 0x0000, 
0x0000, 0x0000, 0x0000, 0x0000, 0x0000, 0x0000, 0x0000, 0x0000, 
0x0000, 0x0000, 0x0000, 0x0000, 0x00f0, 0xbff7, 0xbff7, 0xbff7, 
0xbff7, 0x00f0, 0x0000, 0x0000, 0x0000, 0x0000, 0x0000, 0x0000, 
0x0000, 0x0000, 0x0000, 0x0000, 0x0000, 0x0000, 0x0000, 0x0000, 
0x0000, 0x0000, 0x0000, 0x0000, 0x0000, 0x0000, 0x0000, 0x0000, 
0x0000, 0x0000, 0x0000, 0x0000, 0x0000, 0x0000, 0x0000, 0x0000, 
0x0000, 0x0000, 0x0000, 0x0000, 0x0000, 0x0000, 0x0000, 0x0000, 
0x0000, 0x0000, 0x0000, 0x0000, 0x0000, 0x0000, 0x0000, 0x0000, 
0x0000, 0x0000, 0x0000, 0x0000, 0x0000, 0x0000, 0x0000, 0x0000, 
0x0000, 0x0000, 0x0000, 0x0000, 0x0000, 0x0000, 0x0000, 0x0000, 
0x0000, 0x0000, 0x0000, 0x0000, 0x0000, 0x0000, 0x0000, 0x0000, 
0x0000, 0x0000, 0x0000, 0x0000, 0x0000, 0x0000, 0x0000, 0x0000, 
0x0000, 0x0000, 0x0000, 0x0000, 0x0000, 0x0000, 0x0000, 0x0000, 
0x0000, 0x0000, 0x0000, 0x0000, 0x0000, 0x0000, 0x0000, 0x0000, 
0x0000, 0x0000, 0x0000, 0x0000, 0x0000, 0x0000, 0x0000, 0x0000, 
0xffff, 0xffff, 0x83ff, 0x83ff, 0x83ff, 0x83ff, 0x83ff, 0x83ff, 
0xdcff, 0xdcff, 0x0000, 0x0000, 0x0000, 0x0000, 0x0000, 0x0000, 
0x0000, 0x0000, 0x0000, 0x0000, 0xffff, 0x83ff, 0x83ff, 0x83ff, 
0x83ff, 0xdcff, 0x0000, 0x0000, 0x0000, 0x0000, 0xdcff, 0x83ff, 
0x83ff, 0x83ff, 0xdcff, 0x0000, 0x0000, 0x0000, 0x0000, 0xffff, 
0x83ff, 0x83ff, 0x83ff, 0x83ff, 0xdcff, 0x0000, 0x0000, 0x0000, 
0x0000, 0x0000, 0xffff, 0x83ff, 0x83ff, 0x83ff, 0x83ff, 0xdcff, 
0x0000, 0x0000, 0x0000, 0x0000, 0x0000, 0x0000, 0x0000, 0x0000, 
0xffff, 0x83ff, 0x83ff, 0x83ff, 0xdcff, 0x0000, 0x0000, 0x0000, 
0x0000, 0x0000, 0x0000, 0x0000, 0x0000, 0x0000, 0xffff, 0x83ff, 
0x83ff, 0x83ff, 0x83ff, 0xdcff, 0x0000, 0x0000, 0x0000, 0x0000, 
0xdcff, 0x83ff, 0x83ff, 0x83ff, 0xdcff, 0x0000, 0x0000, 0x0000, 
0x0000, 0xffff, 0x83ff, 0x83ff, 0x83ff, 0x83ff, 0xdcff, 0x0000, 
0x0000, 0x0000, 0x0000, 0x0000, 0x0000, 0x0000, 0x0000, 0x0000, 
0x0000, 0x0000, 0x0000, 0x00f0, 0xbff7, 0xbff7, 0xbff7, 0xbff7, 
0xbff7, 0xbff7, 0x00f0, 0x0000, 0x0000, 0x0000, 0x0000, 0x0000, 
0x0000, 0x0000, 0x0000, 0x0000, 0x0000, 0x0000, 0x0000, 0x0000, 
0x0000, 0x0000, 0x0000, 0x0000, 0x0000, 0x0000, 0x0000, 0x0000, 
0x0000, 0x0000, 0x0000, 0x0000, 0x0000, 0x0000, 0x0000, 0x0000, 
0x0000, 0x0000, 0x0000, 0x0000, 0x0000, 0x0000, 0x0000, 0x0000, 
0x0000, 0x0000, 0x0000, 0x0000, 0x0000, 0x0000, 0x0000, 0x0000, 
0x0000, 0x0000, 0x0000, 0x0000, 0x0000, 0x0000, 0x0000, 0x0000, 
0x0000, 0x0000, 0x0000, 0x0000, 0x0000, 0x0000, 0x0000, 0x0000, 
0x0000, 0x0000, 0x0000, 0x0000, 0x0000, 0x0000, 0x0000, 0x0000, 
0x0000, 0x0000, 0x0000, 0x0000, 0x0000, 0x0000, 0x0000, 0x0000, 
0x0000, 0x0000, 0x0000, 0x0000, 0x0000, 0x0000, 0x0000, 0x0000, 
0x0000, 0x0000, 0x0000, 0x0000, 0x0000, 0x0000, 0x0000, 0x0000, 
0x0000, 0x0000, 0x0000, 0x0000, 0x0000, 0x0000, 0x0000, 0xffff, 
0x83ff, 0x83ff, 0x83ff, 0x83ff, 0x83ff, 0x83ff, 0x83ff, 0xdcff, 
0x0000, 0x0000, 0x0000, 0x0000, 0x0000, 0x0000, 0x0000, 0x0000, 
0x0000, 0x0000, 0x0000, 0x0000, 0xffff, 0x83ff, 0x83ff, 0x83ff, 
0x83ff, 0xdcff, 0x0000, 0x0000, 0x0000, 0x0000, 0x0000, 0xdcff, 
0xdcff, 0xdcff, 0x0000, 0x0000, 0x0000, 0x0000, 0x0000, 0xffff, 
0x83ff, 0x83ff, 0x83ff, 0x83ff, 0xdcff, 0x0000, 0x0000, 0x0000, 
0x0000, 0x0000, 0xffff, 0x83ff, 0x83ff, 0x83ff, 0x83ff, 0xdcff, 
0xffff, 0xffff, 0xffff, 0xffff, 0xffff, 0xffff, 0xffff, 0xffff, 
0xffff, 0x83ff, 0x83ff, 0x83ff, 0xdcff, 0xffff, 0xffff, 0xffff, 
0x0000, 0x0000, 0x0000, 0x0000, 0x0000, 0x0000, 0xffff, 0x83ff, 
0x83ff, 0x83ff, 0x83ff, 0xdcff, 0x0000, 0x0000, 0x0000, 0x0000, 
0x0000, 0xdcff, 0xdcff, 0xdcff, 0x0000, 0x0000, 0x0000, 0x0000, 
0x0000, 0xffff, 0x83ff, 0x83ff, 0x83ff, 0x83ff, 0xdcff, 0x0000, 
0x0000, 0x0000, 0x0000, 0x0000, 0x0000, 0x0000, 0x0000, 0x0000, 
0x0000, 0x0000, 0x0000, 0x00f0, 0xbff7, 0xbff7, 0xbff7, 0xbff7, 
0xbff7, 0xbff7, 0x00f0, 0x0000, 0x0000, 0x0000, 0x0000, 0x0000, 
0x0000, 0x0000, 0x0000, 0x0000, 0x0000, 0x0000, 0x0000, 0x0000, 
0xf9fd, 0xf9fd, 0x0000, 0x0000, 0x0000, 0x0000, 0x0000, 0x0000, 
0x0000, 0x0000, 0x0000, 0x0000, 0x0000, 0x0000, 0x0000, 0x0000, 
0x0000, 0x0000, 0x0000, 0x0000, 0x0000, 0x0000, 0x0000, 0x0000, 
0x0000, 0x0000, 0x0000, 0x0000, 0x0000, 0x0000, 0x0000, 0x0000, 
0x0000, 0x0000, 0x0000, 0x0000, 0x0000, 0x0000, 0xf9fd, 0xf9fd, 
0x0000, 0x0000, 0x0000, 0x0000, 0x0000, 0x0000, 0x0000, 0x0000, 
0x0000, 0x0000, 0x0000, 0x0000, 0x0000, 0x0000, 0x0000, 0x0000, 
0x0000, 0x0000, 0x0000, 0x0000, 0x0000, 0x0000, 0x0000, 0x0000, 
0x0000, 0x0000, 0x0000, 0xf9fd, 0xf9fd, 0x0000, 0x0000, 0x0000, 
0x0000, 0x0000, 0x0000, 0x0000, 0x0000, 0x0000, 0x0000, 0x0000, 
0x0000, 0x0000, 0x0000, 0x0000, 0x0000, 0x0000, 0xffff, 0x83ff, 
0x83ff, 0x83ff, 0x83ff, 0x83ff, 0x83ff, 0xdcff, 0xdcff, 0x0000, 
0x0000, 0x0000, 0x0000, 0x0000, 0x0000, 0x0000, 0x0000, 0x0000, 
0x0000, 0x0000, 0x0000, 0x0000, 0xffff, 0x83ff, 0x83ff, 0x83ff, 
0x83ff, 0xdcff, 0x0000, 0x0000, 0x0000, 0x0000, 0x0000, 0x0000, 
0x0000, 0x0000, 0x0000, 0x0000, 0x0000, 0x0000, 0x0000, 0xffff, 
0x83ff, 0x83ff, 0x83ff, 0x83ff, 0xdcff, 0x0000, 0x0000, 0x0000, 
0x0000, 0xffff, 0x83ff, 0x83ff, 0x83ff, 0x83ff, 0x83ff, 0x83ff, 
0x83ff, 0x83ff, 0x83ff, 0x83ff, 0x83ff, 0x83ff, 0x83ff, 0x83ff, 
0x83ff, 0x83ff, 0x83ff, 0x83ff, 0x83ff, 0x83ff, 0x83ff, 0x83ff, 
0xdcff, 0x0000, 0x0000, 0x0000, 0x0000, 0x0000, 0xffff, 0x83ff, 
0x83ff, 0x83ff, 0x83ff, 0xdcff, 0x0000, 0x0000, 0x0000, 0x0000, 
0x0000, 0x0000, 0x0000, 0x0000, 0x0000, 0x0000, 0x0000, 0x0000, 
0x0000, 0xffff, 0x83ff, 0x83ff, 0x83ff, 0x83ff, 0xdcff, 0x0000, 
0x0000, 0x0000, 0x0000, 0x0000, 0x0000, 0x0000, 0x0000, 0x0000, 
0x0000, 0x0000, 0x0000, 0x00f0, 0xbff7, 0xbff7, 0xbff7, 0xbff7, 
0xbff7, 0xbff7, 0x00f0, 0x0000, 0x0000, 0x0000, 0x0000, 0x0000, 
0x0000, 0x0000, 0x0000, 0x0000, 0x0000, 0x0000, 0x0000, 0x0000, 
0xf9fd, 0xf0fa, 0xf0fa, 0x0000, 0x0000, 0x0000, 0x0000, 0x0000, 
0x0000, 0x0000, 0x0000, 0x0000, 0x0000, 0x0000, 0x0000, 0x0000, 
0x0000, 0x0000, 0x0000, 0x0000, 0x0000, 0x0000, 0x0000, 0x0000, 
0x0000, 0x0000, 0x0000, 0x0000, 0x0000, 0x0000, 0x0000, 0x0000, 
0x0000, 0x0000, 0x0000, 0x0000, 0x0000, 0x0000, 0xf9fd, 0xf0fa, 
0xf0fa, 0x0000, 0x0000, 0x0000, 0x0000, 0x0000, 0x0000, 0x0000, 
0x0000, 0x0000, 0x0000, 0x0000, 0x0000, 0x0000, 0x0000, 0x0000, 
0x0000, 0x0000, 0x0000, 0x0000, 0x0000, 0x0000, 0x0000, 0x0000, 
0x0000, 0x0000, 0x0000, 0xf9fd, 0xf0fa, 0xf0fa, 0x0000, 0x0000, 
0x0000, 0x0000, 0x0000, 0x0000, 0x0000, 0x0000, 0x0000, 0x0000, 
0x0000, 0x0000, 0x0000, 0x0000, 0x0000, 0xffff, 0x83ff, 0x83ff, 
0x83ff, 0x83ff, 0x83ff, 0xdcff, 0xdcff, 0x0000, 0x0000, 0x0000, 
0x0000, 0x0000, 0x0000, 0x0000, 0x0000, 0x0000, 0x0000, 0x0000, 
0x0000, 0x0000, 0x0000, 0x0000, 0xffff, 0x83ff, 0x83ff, 0x83ff, 
0x83ff, 0xdcff, 0x0000, 0x0000, 0x0000, 0x0000, 0x0000, 0x0000, 
0x0000, 0x0000, 0x0000, 0x0000, 0x0000, 0x0000, 0x0000, 0xffff, 
0x83ff, 0x83ff, 0x83ff, 0x83ff, 0xdcff, 0x0000, 0x0000, 0x0000, 
0x0000, 0xffff, 0x83ff, 0x83ff, 0x83ff, 0x83ff, 0x83ff, 0x83ff, 
0x83ff, 0x83ff, 0x83ff, 0x83ff, 0x83ff, 0x83ff, 0x83ff, 0x83ff, 
0x83ff, 0x83ff, 0x83ff, 0x83ff, 0x83ff, 0x83ff, 0x83ff, 0x83ff, 
0xdcff, 0x0000, 0x0000, 0x0000, 0x0000, 0x0000, 0xffff, 0x83ff, 
0x83ff, 0x83ff, 0x83ff, 0xdcff, 0x0000, 0x0000, 0x0000, 0x0000, 
0x0000, 0x0000, 0x0000, 0x0000, 0x0000, 0x0000, 0x0000, 0x0000, 
0x0000, 0xffff, 0x83ff, 0x83ff, 0x83ff, 0x83ff, 0xdcff, 0x0000, 
0x0000, 0x0000, 0x0000, 0x0000, 0x0000, 0x0000, 0x0000, 0x0000, 
0x0000, 0x0000, 0x0000, 0x00f0, 0xbff7, 0xbff7, 0xbff7, 0xbff7, 
0xbff7, 0xbff7, 0x00f0, 0x0000, 0x0000, 0x0000, 0x0000, 0x0000, 
0x0000, 0x0000, 0x0000, 0x0000, 0x0000, 0x0000, 0x0000, 0x0000, 
0xf9fd, 0xf0fa, 0xf0fa, 0x70f4, 0x0000, 0x0000, 0x0000, 0x0000, 
0x0000, 0x0000, 0x0000, 0x0000, 0x0000, 0x0000, 0x0000, 0x0000, 
0x0000, 0x0000, 0x0000, 0x0000, 0x0000, 0x0000, 0x0000, 0x0000, 
0x0000, 0x0000, 0x0000, 0x0000, 0x0000, 0x0000, 0x0000, 0x0000, 
0x0000, 0x0000, 0x0000, 0x0000, 0x0000, 0x0000, 0xf9fd, 0xf0fa, 
0xf0fa, 0x70f4, 0x0000, 0x0000, 0x0000, 0x0000, 0x0000, 0x0000, 
0x0000, 0x0000, 0x0000, 0x0000, 0x0000, 0x0000, 0x0000, 0x0000, 
0x0000, 0x0000, 0x0000, 0x0000, 0x0000, 0x0000, 0x0000, 0x0000, 
0x0000, 0x0000, 0x0000, 0xf9fd, 0xf0fa, 0xf0fa, 0x70f4, 0x0000, 
0x0000, 0x0000, 0x0000, 0x0000, 0x0000, 0x0000, 0x0000, 0x0000, 
0x0000, 0x0000, 0x0000, 0x0000, 0xffff, 0x83ff, 0x83ff, 0x83ff, 
0x83ff, 0x83ff, 0xdcff, 0x0000, 0x0000, 0x0000, 0x0000, 0x0000, 
0x0000, 0x0000, 0x0000, 0x0000, 0x0000, 0x0000, 0x0000, 0x0000, 
0x0000, 0x0000, 0x0000, 0x0000, 0xffff, 0x83ff, 0x83ff, 0x83ff, 
0x83ff, 0xdcff, 0x0000, 0x0000, 0x0000, 0x0000, 0x0000, 0x0000, 
0x0000, 0x0000, 0x0000, 0x0000, 0x0000, 0x0000, 0x0000, 0xffff, 
0x83ff, 0x83ff, 0x83ff, 0x83ff, 0xdcff, 0x0000, 0x0000, 0x0000, 
0x0000, 0xffff, 0x83ff, 0x83ff, 0x83ff, 0x83ff, 0x83ff, 0x83ff, 
0x83ff, 0x83ff, 0x83ff, 0x83ff, 0x83ff, 0x83ff, 0x83ff, 0x83ff, 
0x83ff, 0x83ff, 0x83ff, 0x83ff, 0x83ff, 0x83ff, 0x83ff, 0x83ff, 
0xdcff, 0x0000, 0x0000, 0x0000, 0x0000, 0x0000, 0xffff, 0x83ff, 
0x83ff, 0x83ff, 0x83ff, 0xdcff, 0x0000, 0x0000, 0x0000, 0x0000, 
0x0000, 0x0000, 0x0000, 0x0000, 0x0000, 0x0000, 0x0000, 0x0000, 
0x0000, 0xffff, 0x83ff, 0x83ff, 0x83ff, 0x83ff, 0xdcff, 0x0000, 
0x0000, 0x0000, 0x0000, 0x0000, 0x0000, 0x0000, 0x0000, 0x0000, 
0x0000, 0x0000, 0x0000, 0x0000, 0x00f0, 0xbff7, 0xbff7, 0xbff7, 
0xbff7, 0x00f0, 0x0000, 0x0000, 0x0000, 0x0000, 0x0000, 0x0000, 
0x0000, 0x0000, 0x0000, 0x0000, 0x0000, 0x0000, 0x0000, 0xf9fd, 
0xf9fd, 0xf0fa, 0xf0fa, 0xf9fd, 0x0000, 0x0000, 0x0000, 0x0000, 
0x0000, 0x0000, 0xf9fd, 0xf9fd, 0xf9fd, 0xf9fd, 0x0000, 0x0000, 
0x0000, 0x0000, 0x0000, 0x0000, 0x0000, 0x0000, 0x0000, 0x0000, 
0x0000, 0x0000, 0x0000, 0x0000, 0xf9fd, 0xf9fd, 0xf9fd, 0xf9fd, 
0xf9fd, 0x0000, 0x0000, 0x0000, 0x0000, 0xf9fd, 0xf9fd, 0xf0fa, 
0xf0fa, 0xf9fd, 0x0000, 0x0000, 0x0000, 0x0000, 0x0000, 0x0000, 
0xf9fd, 0xf9fd, 0xf9fd, 0xf9fd, 0x0000, 0x0000, 0x0000, 0x0000, 
0x0000, 0xf9fd, 0x0000, 0x0000, 0xf9fd, 0xf9fd, 0xf9fd, 0x0000, 
0x0000, 0x0000, 0xf9fd, 0xf9fd, 0xf0fa, 0xf0fa, 0xf9fd, 0x0000, 
0x0000, 0x0000, 0x0000, 0x0000, 0x0000, 0x0000, 0x0000, 0x0000, 
0x0000, 0x0000, 0x0000, 0xffff, 0x83ff, 0x83ff, 0x83ff, 0x83ff, 
0x83ff, 0xdcff, 0x0000, 0x0000, 0x0000, 0x0000, 0x0000, 0x0000, 
0x0000, 0x0000, 0x0000, 0x0000, 0x0000, 0x0000, 0x0000, 0x0000, 
0x0000, 0x0000, 0x0000, 0x0000, 0xffff, 0x83ff, 0x83ff, 0x83ff, 
0x83ff, 0xdcff, 0x0000, 0x0000, 0x0000, 0x0000, 0x0000, 0x0000, 
0x0000, 0x0000, 0x0000, 0x0000, 0x0000, 0x0000, 0x0000, 0xffff, 
0x83ff, 0x83ff, 0x83ff, 0x83ff, 0xdcff, 0x0000, 0x0000, 0x0000, 
0x0000, 0x0000, 0xdcff, 0xdcff, 0xdcff, 0xdcff, 0xdcff, 0xdcff, 
0xdcff, 0xdcff, 0xdcff, 0xdcff, 0xdcff, 0xdcff, 0xdcff, 0xdcff, 
0xdcff, 0x83ff, 0x83ff, 0x83ff, 0xdcff, 0xdcff, 0xdcff, 0xdcff, 
0x0000, 0x0000, 0x0000, 0x0000, 0x0000, 0x0000, 0xffff, 0x83ff, 
0x83ff, 0x83ff, 0x83ff, 0xdcff, 0x0000, 0x0000, 0x0000, 0x0000, 
0x0000, 0x0000, 0x0000, 0x0000, 0x0000, 0x0000, 0x0000, 0x0000, 
0x0000, 0xffff, 0x83ff, 0x83ff, 0x83ff, 0x83ff, 0xdcff, 0x0000, 
0x0000, 0x0000, 0x0000, 0x0000, 0x0000, 0x0000, 0x00f0, 0x00f0, 
0x00f0, 0x00f0, 0x0000, 0x0000, 0x0000, 0x00f0, 0x00f0, 0x00f0, 
0x00f0, 0x0000, 0x0000, 0x0000, 0x00f0, 0x00f0, 0x00f0, 0x00f0, 
0x0000, 0x0000, 0x0000, 0x0000, 0x0000, 0x0000, 0x0000, 0x0000, 
0xf0fa, 0xf0fa, 0xf0fa, 0xf0fa, 0xf0fa, 0x0000, 0x0000, 0x0000, 
0x0000, 0xf9fd, 0xf0fa, 0xf0fa, 0xf0fa, 0xf0fa, 0xf0fa, 0x0000, 
0x0000, 0x0000, 0x0000, 0x0000, 0x0000, 0x0000, 0x0000, 0x0000, 
0x0000, 0x0000, 0x0000, 0xf9fd, 0xf9fd, 0xf0fa, 0xf0fa, 0xf0fa, 
0xf0fa, 0xf0fa, 0x0000, 0x0000, 0x0000, 0x0000, 0xf0fa, 0xf0fa, 
0xf0fa, 0xf0fa, 0xf0fa, 0x0000, 0x0000, 0x0000, 0x0000, 0xf9fd, 
0xf0fa, 0xf0fa, 0xf0fa, 0xf0fa, 0xf0fa, 0x0000, 0x0000, 0x0000, 
0x0000, 0xf9fd, 0xf0fa, 0xf9fd, 0xf0fa, 0xf0fa, 0xf0fa, 0xf0fa, 
0x0000, 0x0000, 0x0000, 0xf0fa, 0xf0fa, 0xf0fa, 0xf0fa, 0xf0fa, 
0x0000, 0x0000, 0x0000, 0x0000, 0x0000, 0x0000, 0x0000, 0x0000, 
0x0000, 0x0000, 0xffff, 0x83ff, 0x83ff, 0x83ff, 0x83ff, 0x83ff, 
0xdcff, 0x0000, 0x0000, 0x0000, 0x0000, 0x0000, 0x0000, 0x0000, 
0x0000, 0x0000, 0x0000, 0x0000, 0x0000, 0x0000, 0x0000, 0x0000, 
0x0000, 0x0000, 0x0000, 0x0000, 0xffff, 0x83ff, 0x83ff, 0x83ff, 
0x83ff, 0xdcff, 0x0000, 0x0000, 0x0000, 0x0000, 0x0000, 0x0000, 
0x0000, 0x0000, 0x0000, 0x0000, 0x0000, 0x0000, 0x0000, 0xffff, 
0x83ff, 0x83ff, 0x83ff, 0x83ff, 0xdcff, 0x0000, 0x0000, 0x0000, 
0x0000, 0x0000, 0x0000, 0x0000, 0x0000, 0x0000, 0x0000, 0x0000, 
0x0000, 0x0000, 0x0000, 0x0000, 0x0000, 0x0000, 0x0000, 0x0000, 
0xffff, 0x83ff, 0x83ff, 0x83ff, 0xdcff, 0x0000, 0x0000, 0x0000, 
0x0000, 0x0000, 0x0000, 0x0000, 0x0000, 0x0000, 0xffff, 0x83ff, 
0x83ff, 0x83ff, 0x83ff, 0xdcff, 0x0000, 0x0000, 0x0000, 0x0000, 
0x0000, 0x0000, 0x0000, 0x0000, 0x0000, 0x0000, 0x0000, 0x0000, 
0x0000, 0xffff, 0x83ff, 0x83ff, 0x83ff, 0x83ff, 0xdcff, 0x0000, 
0x0000, 0x0000, 0x0000, 0x0000, 0x0000, 0x00f0, 0xffff, 0xffff, 
0xffff, 0xffff, 0x00f0, 0x0000, 0x0000, 0x0000, 0x0000, 0x0000, 
0x0000, 0x0000, 0x0000, 0x00f0, 0xf0fa, 0xf0fa, 0xf0fa, 0xf0fa, 
0x00f0, 0x0000, 0x0000, 0x0000, 0x0000, 0x0000, 0x0000, 0x0000, 
0xf9fd, 0xf0fa, 0xf0fa, 0x70f4, 0x70f4, 0x70f4, 0x0000, 0x0000, 
0xf9fd, 0xf0fa, 0xf0fa, 0x70f4, 0x70f4, 0x70f4, 0xf0fa, 0xf0fa, 
0x0000, 0x0000, 0x0000, 0x0000, 0x0000, 0x0000, 0x0000, 0x0000, 
0x0000, 0x0000, 0x0000, 0xf9fd, 0xf0fa, 0xf0fa, 0x70f4, 0x70f4, 
0x70f4, 0xf0fa, 0xf0fa, 0x0000, 0x0000, 0x0000, 0xf9fd, 0xf0fa, 
0xf0fa, 0x70f4, 0x70f4, 0x70f4, 0x0000, 0x0000, 0xf9fd, 0xf9fd, 
0xf0fa, 0xf0fa, 0x70f4, 0x70f4, 0xf9fd, 0xf0fa, 0x0000, 0x0000, 
0x0000, 0xf9fd, 0xf0fa, 0x70f4, 0xf0fa, 0x70f4, 0x70f4, 0xf0fa, 
0xf0fa, 0x0000, 0x0000, 0xf9fd, 0xf0fa, 0xf0fa, 0x70f4, 0x70f4, 
0x70f4, 0x0000, 0x0000, 0x0000, 0x0000, 0x0000, 0x0000, 0x0000, 
0x0000, 0x0000, 0xffff, 0x83ff, 0x83ff, 0x83ff, 0x83ff, 0xdcff, 
0x0000, 0x0000, 0x0000, 0x0000, 0x0000, 0x0000, 0x0000, 0x0000, 
0x0000, 0x0000, 0x0000, 0x0000, 0x0000, 0x0000, 0x0000, 0x0000, 
0x0000, 0x0000, 0x0000, 0x0000, 0xffff, 0x83ff, 0x83ff, 0x83ff, 
0x83ff, 0xdcff, 0x0000, 0x0000, 0x0000, 0x0000, 0x0000, 0x0000, 
0x0000, 0x0000, 0x0000, 0x0000, 0x0000, 0x0000, 0x0000, 0xffff, 
0x83ff, 0x83ff, 0x83ff, 0x83ff, 0xdcff, 0x0000, 0x0000, 0x0000, 
0x0000, 0x0000, 0x0000, 0x0000, 0x0000, 0x0000, 0x0000, 0x0000, 
0x0000, 0x0000, 0x0000, 0x0000, 0x0000, 0x0000, 0x0000, 0x0000, 
0xffff, 0x83ff, 0x83ff, 0x83ff, 0xdcff, 0x0000, 0x0000, 0x0000, 
0x0000, 0x0000, 0x0000, 0x0000, 0x0000, 0x0000, 0xffff, 0x83ff, 
0x83ff, 0x83ff, 0x83ff, 0xdcff, 0x0000, 0x0000, 0x0000, 0x0000, 
0x0000, 0x0000, 0x0000, 0x0000, 0x0000, 0x0000, 0x0000, 0x0000, 
0x0000, 0xffff, 0x83ff, 0x83ff, 0x83ff, 0x83ff, 0xdcff, 0x0000, 
0x0000, 0x0000, 0x0000, 0x0000, 0x00f0, 0xffff, 0xffff, 0xffff, 
0xffff, 0xffff, 0xffff, 0x00f0, 0x0000, 0x0000, 0x0000, 0x0000, 
0x0000, 0x0000, 0x00f0, 0xf0fa, 0xf0fa, 0xf0fa, 0xf0fa, 0xf0fa, 
0xf0fa, 0x00f0, 0x0000, 0x0000, 0x0000, 0x0000, 0x0000, 0x0000, 
0xf9fd, 0xf0fa, 0xf0fa, 0x70f4, 0x0000, 0x0000, 0x0000, 0x0000, 
0xf9fd, 0xf0fa, 0x70f4, 0x70f4, 0x0000, 0x0000, 0xf9fd, 0xf0fa, 
0x70f4, 0x0000, 0x0000, 0x0000, 0x0000, 0x0000, 0x0000, 0x0000, 
0x0000, 0x0000, 0x0000, 0xf9fd, 0xf0fa, 0x70f4, 0x70f4, 0x0000, 
0x0000, 0x0000, 0x70f4, 0x70f4, 0x0000, 0x0000, 0xf9fd, 0xf0fa, 
0xf0fa, 0x70f4, 0x0000, 0x0000, 0x0000, 0x0000, 0x0000, 0xf0fa, 
0xf0fa, 0x70f4, 0x0000, 0x0000, 0xf9fd, 0xf0fa, 0x70f4, 0x0000, 
0x0000, 0xf9fd, 0xf0fa, 0xf0fa, 0x70f4, 0x70f4, 0x0000, 0x0000, 
0x70f4, 0x70f4, 0x0000, 0xf9fd, 0xf0fa, 0xf0fa, 0x70f4, 0x0000, 
0x0000, 0x0000, 0x0000, 0x0000, 0x0000, 0x0000, 0x0000, 0x0000, 
0x0000, 0x0000, 0xffff, 0x83ff, 0x83ff, 0x83ff, 0x83ff, 0xdcff, 
0x0000, 0x0000, 0x0000, 0x0000, 0x0000, 0x0000, 0x0000, 0x0000, 
0x0000, 0x0000, 0x0000, 0x0000, 0x0000, 0x0000, 0x0000, 0x0000, 
0x0000, 0x0000, 0x0000, 0x0000, 0xffff, 0x83ff, 0x83ff, 0x83ff, 
0x83ff, 0xdcff, 0x0000, 0x0000, 0x0000, 0x0000, 0x0000, 0x0000, 
0x0000, 0x0000, 0x0000, 0x0000, 0x0000, 0x0000, 0xffff, 0x83ff, 
0x83ff, 0x83ff, 0x83ff, 0xdcff, 0x0000, 0x0000, 0x0000, 0x0000, 
0x0000, 0x0000, 0x0000, 0x0000, 0x0000, 0x0000, 0x0000, 0x0000, 
0x0000, 0x0000, 0x0000, 0x0000, 0x0000, 0x0000, 0x0000, 0x0000, 
0xffff, 0x83ff, 0x83ff, 0x83ff, 0xdcff, 0x0000, 0x0000, 0x0000, 
0x0000, 0x0000, 0x0000, 0x0000, 0x0000, 0x0000, 0xffff, 0x83ff, 
0x83ff, 0x83ff, 0x83ff, 0xdcff, 0x0000, 0x0000, 0x0000, 0x0000, 
0x0000, 0x0000, 0x0000, 0x0000, 0x0000, 0x0000, 0x0000, 0x0000, 
0xffff, 0x83ff, 0x83ff, 0x83ff, 0x83ff, 0xdcff, 0x0000, 0x0000, 
0x0000, 0x0000, 0x0000, 0x0000, 0x00f0, 0xffff, 0xffff, 0xffff, 
0xffff, 0xffff, 0xffff, 0x00f0, 0x0000, 0x0000, 0x0000, 0x0000, 
0x0000, 0x0000, 0x00f0, 0xf0fa, 0xf0fa, 0xf0fa, 0xf0fa, 0xf0fa, 
0xf0fa, 0x00f0, 0x0000, 0x0000, 0x0000, 0x0000, 0x0000, 0x0000, 
0xf9fd, 0xf0fa, 0xf0fa, 0x70f4, 0x0000, 0x0000, 0x0000, 0x0000, 
0xf9fd, 0xf0fa, 0x70f4, 0x0000, 0x0000, 0x0000, 0xf9fd, 0xf0fa, 
0xf0fa, 0x0000, 0x0000, 0x0000, 0x0000, 0x0000, 0x0000, 0x0000, 
0x0000, 0x0000, 0x0000, 0x0000, 0xf0fa, 0xf0fa, 0xf9fd, 0xf9fd, 
0xf9fd, 0x0000, 0x0000, 0x0000, 0x0000, 0x0000, 0xf9fd, 0xf0fa, 
0xf0fa, 0x70f4, 0x0000, 0x0000, 0x0000, 0x0000, 0x0000, 0x0000, 
0xf9fd, 0xf9fd, 0xf9fd, 0xf9fd, 0xf9fd, 0xf0fa, 0x70f4, 0x0000, 
0x0000, 0xf9fd, 0xf0fa, 0xf0fa, 0x70f4, 0x0000, 0x0000, 0x0000, 
0x0000, 0x0000, 0x0000, 0xf9fd, 0xf0fa, 0xf0fa, 0x70f4, 0x0000, 
0x0000, 0x0000, 0x0000, 0x0000, 0x0000, 0x0000, 0x0000, 0x0000, 
0x0000, 0xffff, 0x83ff, 0x83ff, 0x83ff, 0x83ff, 0xdcff, 0x0000, 
0x0000, 0x0000, 0x0000, 0x0000, 0x0000, 0x0000, 0x0000, 0x0000, 
0x0000, 0x0000, 0x0000, 0x0000, 0x0000, 0x0000, 0x0000, 0x0000, 
0x0000, 0x0000, 0x0000, 0x0000, 0x0000, 0xdcff, 0x83ff, 0x83ff, 
0x83ff, 0x83ff, 0xdcff, 0x0000, 0x0000, 0x0000, 0x0000, 0x0000, 
0x0000, 0x0000, 0x0000, 0x0000, 0x0000, 0x0000, 0xffff, 0x83ff, 
0x83ff, 0x83ff, 0x83ff, 0xdcff, 0x0000, 0x0000, 0x0000, 0x0000, 
0x0000, 0x0000, 0x0000, 0x0000, 0x0000, 0x0000, 0x0000, 0x0000, 
0x0000, 0x0000, 0x0000, 0x0000, 0x0000, 0x0000, 0x0000, 0x0000, 
0xffff, 0x83ff, 0x83ff, 0x83ff, 0xdcff, 0x0000, 0x0000, 0x0000, 
0x0000, 0x0000, 0x0000, 0x0000, 0x0000, 0x0000, 0x0000, 0xdcff, 
0x83ff, 0x83ff, 0x83ff, 0x83ff, 0xdcff, 0x0000, 0x0000, 0x0000, 
0x0000, 0x0000, 0x0000, 0x0000, 0x0000, 0x0000, 0x0000, 0x0000, 
0xffff, 0x83ff, 0x83ff, 0x83ff, 0x83ff, 0xdcff, 0x0000, 0x0000, 
0x0000, 0x0000, 0x0000, 0x0000, 0x00f0, 0xffff, 0xffff, 0xffff, 
0xffff, 0xffff, 0xffff, 0x00f0, 0x0000, 0x0000, 0x0000, 0x0000, 
0x0000, 0x0000, 0x00f0, 0xf0fa, 0xf0fa, 0xf0fa, 0xf0fa, 0xf0fa, 
0xf0fa, 0x00f0, 0x0000, 0x0000, 0x0000, 0x0000, 0x0000, 0x0000, 
0xf9fd, 0xf0fa, 0xf0fa, 0x70f4, 0x0000, 0x0000, 0x0000, 0x0000, 
0xf9fd, 0xf0fa, 0x70f4, 0x0000, 0x0000, 0x0000, 0xf9fd, 0xf0fa, 
0xf0fa, 0x70f4, 0x0000, 0x0000, 0x0000, 0x0000, 0x0000, 0x0000, 
0x0000, 0x0000, 0x0000, 0x0000, 0x0000, 0xf0fa, 0xf0fa, 0xf0fa, 
0xf0fa, 0xf0fa, 0x0000, 0x0000, 0x0000, 0x0000, 0xf9fd, 0xf0fa, 
0xf0fa, 0x70f4, 0x0000, 0x0000, 0x0000, 0x0000, 0xf9fd, 0xf9fd, 
0xf0fa, 0xf0fa, 0xf0fa, 0xf0fa, 0xf0fa, 0xf0fa, 0x70f4, 0x0000, 
0x0000, 0xf9fd, 0xf0fa, 0x70f4, 0x70f4, 0x0000, 0x0000, 0x0000, 
0x0000, 0x0000, 0x0000, 0xf9fd, 0xf0fa, 0xf0fa, 0x70f4, 0x0000, 
0x0000, 0x0000, 0x0000, 0x0000, 0x0000, 0x0000, 0x0000, 0x0000, 
0x0000, 0xffff, 0x83ff, 0x83ff, 0x83ff, 0x83ff, 0xdcff, 0x0000, 
0x0000, 0x0000, 0x0000, 0x0000, 0x0000, 0x0000, 0x0000, 0x0000, 
0x0000, 0x0000, 0x0000, 0x0000, 0x0000, 0x0000, 0x0000, 0x0000, 
0x0000, 0x0000, 0x0000, 0x0000, 0x0000, 0xdcff, 0x83ff, 0x83ff, 
0x83ff, 0x83ff, 0x83ff, 0xdcff, 0x0000, 0x0000, 0x0000, 0x0000, 
0x0000, 0x0000, 0x0000, 0x0000, 0x0000, 0xffff, 0x83ff, 0x83ff, 
0x83ff, 0x83ff, 0x83ff, 0xdcff, 0x0000, 0x0000, 0x0000, 0x0000, 
0x0000, 0x0000, 0x0000, 0x0000, 0x0000, 0x0000, 0x0000, 0x0000, 
0x0000, 0x0000, 0x0000, 0x0000, 0x0000, 0x0000, 0x0000, 0x0000, 
0xffff, 0x83ff, 0x83ff, 0x83ff, 0xdcff, 0x0000, 0x0000, 0x0000, 
0x0000, 0x0000, 0x0000, 0x0000, 0x0000, 0x0000, 0x0000, 0xdcff, 
0x83ff, 0x83ff, 0x83ff, 0x83ff, 0x83ff, 0xdcff, 0x0000, 0x0000, 
0x0000, 0x0000, 0x0000, 0x0000, 0x0000, 0x0000, 0x0000, 0xffff, 
0x83ff, 0x83ff, 0x83ff, 0x83ff, 0x83ff, 0xdcff, 0x0000, 0x0000, 
0x0000, 0x0000, 0x0000, 0x0000, 0x00f0, 0xffff, 0xffff, 0xffff, 
0xffff, 0xffff, 0xffff, 0x00f0, 0x0000, 0x0000, 0x0000, 0x0000, 
0x0000, 0x0000, 0x00f0, 0xf0fa, 0xf0fa, 0xf0fa, 0xf0fa, 0xf0fa, 
0xf0fa, 0x00f0, 0x0000, 0x0000, 0x0000, 0x0000, 0x0000, 0x0000, 
0x0000, 0xf0fa, 0xf0fa, 0x70f4, 0x0000, 0x0000, 0x0000, 0x0000, 
0xf9fd, 0xf0fa, 0x70f4, 0x0000, 0x0000, 0x0000, 0xf9fd, 0xf0fa, 
0xf0fa, 0x70f4, 0x0000, 0x0000, 0x0000, 0x0000, 0x0000, 0x0000, 
0x0000, 0x0000, 0x0000, 0x0000, 0x0000, 0x0000, 0x70f4, 0x70f4, 
0x70f4, 0xf0fa, 0xf0fa, 0x0000, 0x0000, 0x0000, 0x0000, 0xf0fa, 
0xf0fa, 0x70f4, 0x0000, 0x0000, 0x0000, 0x0000, 0xf9fd, 0xf0fa, 
0xf0fa, 0xf0fa, 0x70f4, 0x70f4, 0xf9fd, 0xf0fa, 0x70f4, 0x0000, 
0x0000, 0xf9fd, 0xf0fa, 0x70f4, 0x0000, 0x0000, 0x0000, 0x0000, 
0x0000, 0x0000, 0x0000, 0x0000, 0xf0fa, 0xf0fa, 0x70f4, 0x0000, 
0x0000, 0x0000, 0x0000, 0x0000, 0x0000, 0x0000, 0x0000, 0x0000, 
0x0000, 0xffff, 0x83ff, 0x83ff, 0x83ff, 0x83ff, 0xdcff, 0x0000, 
0x0000, 0x0000, 0x0000, 0x0000, 0x0000, 0x0000, 0x0000, 0x0000, 
0x0000, 0x0000, 0x0000, 0x0000, 0x0000, 0x0000, 0x0000, 0x0000, 
0x0000, 0x0000, 0x0000, 0x0000, 0x0000, 0x0000, 0xdcff, 0x83ff, 
0x83ff, 0x83ff, 0x83ff, 0x83ff, 0xffff, 0xffff, 0xffff, 0xffff, 
0x0000, 0xffff, 0xffff, 0xffff, 0xffff, 0x83ff, 0x83ff, 0x83ff, 
0x83ff, 0x83ff, 0xdcff, 0x0000, 0x0000, 0x0000, 0x0000, 0x0000, 
0x0000, 0x0000, 0x0000, 0x0000, 0x0000, 0x0000, 0x0000, 0x0000, 
0x0000, 0x0000, 0x0000, 0x0000, 0x0000, 0x0000, 0x0000, 0x0000, 
0xffff, 0x83ff, 0x83ff, 0x83ff, 0xdcff, 0x0000, 0x0000, 0x0000, 
0x0000, 0x0000, 0x0000, 0x0000, 0x0000, 0x0000, 0x0000, 0x0000, 
0xdcff, 0x83ff, 0x83ff, 0x83ff, 0x83ff, 0x83ff, 0xffff, 0xffff, 
0xffff, 0xffff, 0x0000, 0xffff, 0xffff, 0xffff, 0xffff, 0x83ff, 
0x83ff, 0x83ff, 0x83ff, 0x83ff, 0xdcff, 0x0000, 0x0000, 0x0000, 
0x0000, 0x0000, 0x0000, 0x0000, 0x0000, 0x00f0, 0xffff, 0xffff, 
0xffff, 0xffff, 0x00f0, 0x0000, 0x0000, 0x0000, 0x0000, 0x0000, 
0x0000, 0x0000, 0x0000, 0x00f0, 0xf0fa, 0xf0fa, 0xf0fa, 0xf0fa, 
0x00f0, 0x0000, 0x0000, 0x0000, 0x0000, 0x0000, 0x0000, 0x0000, 
0x0000, 0xf9fd, 0xf0fa, 0x70f4, 0x0000, 0xf9fd, 0xf9fd, 0x0000, 
0x0000, 0xf0fa, 0xf0fa, 0x0000, 0x0000, 0xf9fd, 0xf9fd, 0xf0fa, 
0x70f4, 0x70f4, 0x0000, 0x0000, 0x0000, 0x0000, 0x0000, 0x0000, 
0x0000, 0x0000, 0x0000, 0xf9fd, 0xf9fd, 0x0000, 0x0000, 0x0000, 
0xf9fd, 0xf9fd, 0xf0fa, 0x70f4, 0x0000, 0x0000, 0x0000, 0xf9fd, 
0xf0fa, 0x70f4, 0x0000, 0xf9fd, 0xf9fd, 0x0000, 0xf9fd, 0xf0fa, 
0x70f4, 0x70f4, 0x0000, 0xf9fd, 0xf9fd, 0xf0fa, 0x70f4, 0x0000, 
0x0000, 0xf9fd, 0xf0fa, 0x70f4, 0x0000, 0x0000, 0x0000, 0x0000, 
0x0000, 0x0000, 0x0000, 0x0000, 0xf9fd, 0xf0fa, 0x70f4, 0x0000, 
0xf9fd, 0xf9fd, 0x0000, 0x0000, 0x0000, 0x0000, 0x0000, 0x0000, 
0x0000, 0xffff, 0x83ff, 0x83ff, 0x83ff, 0x83ff, 0xdcff, 0xffff, 
0xffff, 0xffff, 0xffff, 0xffff, 0xffff, 0xffff, 0xffff, 0xffff, 
0xffff, 0xffff, 0xffff, 0xffff, 0xffff, 0xffff, 0xffff, 0x0000, 
0x0000, 0x0000, 0x0000, 0x0000, 0x0000, 0x0000, 0xdcff, 0x83ff, 
0x83ff, 0x83ff, 0x83ff, 0x83ff, 0x83ff, 0x83ff, 0x83ff, 0x83ff, 
0xffff, 0x83ff, 0x83ff, 0x83ff, 0x83ff, 0x83ff, 0x83ff, 0x83ff, 
0x83ff, 0x83ff, 0xdcff, 0x0000, 0x0000, 0x0000, 0x0000, 0x0000, 
0x0000, 0x0000, 0x0000, 0x0000, 0x0000, 0x0000, 0x0000, 0x0000, 
0x0000, 0x0000, 0x0000, 0x0000, 0x0000, 0x0000, 0x0000, 0x0000, 
0xffff, 0x83ff, 0x83ff, 0x83ff, 0xdcff, 0x0000, 0x0000, 0x0000, 
0x0000, 0x0000, 0x0000, 0x0000, 0x0000, 0x0000, 0x0000, 0x0000, 
0xdcff, 0x83ff, 0x83ff, 0x83ff, 0x83ff, 0x83ff, 0x83ff, 0x83ff, 
0x83ff, 0x83ff, 0xffff, 0x83ff, 0x83ff, 0x83ff, 0x83ff, 0x83ff, 
0x83ff, 0x83ff, 0x83ff, 0x83ff, 0xdcff, 0x0000, 0x0000, 0x0000, 
0x0000, 0x0000, 0x0000, 0x0000, 0x0000, 0x0000, 0x00f0, 0x00f0, 
0x00f0, 0x00f0, 0x0000, 0x0000, 0x0000, 0x00f0, 0x00f0, 0x00f0, 
0x00f0, 0x0000, 0x0000, 0x0000, 0x00f0, 0x00f0, 0x00f0, 0x00f0, 
0x0000, 0x0000, 0x0000, 0x0000, 0x0000, 0x0000, 0x0000, 0x0000, 
0x0000, 0x0000, 0xf0fa, 0xf0fa, 0xf9fd, 0xf9fd, 0xf0fa, 0xf0fa, 
0x0000, 0x0000, 0xf0fa, 0xf9fd, 0xf9fd, 0xf9fd, 0xf0fa, 0xf0fa, 
0x70f4, 0x0000, 0x0000, 0x0000, 0x0000, 0x0000, 0x0000, 0x0000, 
0x0000, 0x0000, 0x0000, 0x0000, 0xf0fa, 0xf0fa, 0xf9fd, 0xf9fd, 
0xf9fd, 0xf0fa, 0xf0fa, 0x70f4, 0x0000, 0x0000, 0x0000, 0x0000, 
0xf0fa, 0xf0fa, 0xf9fd, 0xf9fd, 0xf0fa, 0xf0fa, 0x0000, 0xf0fa, 
0xf0fa, 0xf9fd, 0xf9fd, 0xf0fa, 0xf0fa, 0xf0fa, 0x70f4, 0x0000, 
0x0000, 0xf9fd, 0xf0fa, 0x70f4, 0x0000, 0x0000, 0x0000, 0x0000, 
0x0000, 0x0000, 0x0000, 0x0000, 0x0000, 0xf0fa, 0xf0fa, 0xf9fd, 
0xf9fd, 0xf0fa, 0xf0fa, 0x0000, 0x0000, 0x0000, 0x0000, 0x0000, 
0x0000, 0xffff, 0x83ff, 0x83ff, 0x83ff, 0x83ff, 0x83ff, 0x83ff, 
0x83ff, 0x83ff, 0x83ff, 0x83ff, 0x83ff, 0x83ff, 0x83ff, 0x83ff, 
0x83ff, 0x83ff, 0x83ff, 0x83ff, 0x83ff, 0x83ff, 0x83ff, 0xdcff, 
0x0000, 0x0000, 0x0000, 0x0000, 0x0000, 0x0000, 0x0000, 0xdcff, 
0x83ff, 0x83ff, 0x83ff, 0x83ff, 0x83ff, 0x83ff, 0x83ff, 0x83ff, 
0x83ff, 0x83ff, 0x83ff, 0x83ff, 0x83ff, 0x83ff, 0x83ff, 0x83ff, 
0x83ff, 0xdcff, 0x0000, 0x0000, 0x0000, 0x0000, 0x0000, 0x0000, 
0x0000, 0x0000, 0x0000, 0x0000, 0x0000, 0x0000, 0x0000, 0x0000, 
0x0000, 0x0000, 0x0000, 0x0000, 0x0000, 0x0000, 0x0000, 0x0000, 
0xffff, 0x83ff, 0x83ff, 0x83ff, 0xdcff, 0x0000, 0x0000, 0x0000, 
0x0000, 0x0000, 0x0000, 0x0000, 0x0000, 0x0000, 0x0000, 0x0000, 
0x0000, 0xdcff, 0x83ff, 0x83ff, 0x83ff, 0x83ff, 0x83ff, 0x83ff, 
0x83ff, 0x83ff, 0x83ff, 0x83ff, 0x83ff, 0x83ff, 0x83ff, 0x83ff, 
0x83ff, 0x83ff, 0x83ff, 0xdcff, 0x0000, 0x0000, 0x0000, 0x0000, 
0x0000, 0x0000, 0x0000, 0x0000, 0x0000, 0x0000, 0x0000, 0x0000, 
0x0000, 0x0000, 0x0000, 0x0000, 0x00f0, 0x7cff, 0x7cff, 0x7cff, 
0x7cff, 0x00f0, 0x0000, 0x0000, 0x0000, 0x0000, 0x0000, 0x0000, 
0x0000, 0x0000, 0x0000, 0x0000, 0x0000, 0x0000, 0x0000, 0x0000, 
0x0000, 0x0000, 0x0000, 0xf0fa, 0xf0fa, 0xf0fa, 0xf0fa, 0x70f4, 
0x70f4, 0x0000, 0x0000, 0xf0fa, 0xf0fa, 0xf0fa, 0xf0fa, 0x70f4, 
0x70f4, 0x0000, 0x0000, 0x0000, 0x0000, 0x0000, 0x0000, 0x0000, 
0x0000, 0x0000, 0x0000, 0x0000, 0x0000, 0xf0fa, 0xf0fa, 0xf0fa, 
0xf0fa, 0xf0fa, 0x70f4, 0x70f4, 0x0000, 0x0000, 0x0000, 0x0000, 
0x0000, 0xf0fa, 0xf0fa, 0xf0fa, 0xf0fa, 0x70f4, 0x70f4, 0x0000, 
0xf0fa, 0xf0fa, 0xf0fa, 0xf0fa, 0x0000, 0xf0fa, 0x70f4, 0x0000, 
0x0000, 0x0000, 0xf0fa, 0x70f4, 0x0000, 0x0000, 0x0000, 0x0000, 
0x0000, 0x0000, 0x0000, 0x0000, 0x0000, 0x0000, 0xf0fa, 0xf0fa, 
0xf0fa, 0xf0fa, 0x70f4, 0x70f4, 0x0000, 0x0000, 0x0000, 0x0000, 
0x0000, 0xffff, 0x83ff, 0x83ff, 0x83ff, 0x83ff, 0x83ff, 0x83ff, 
0x83ff, 0x83ff, 0x83ff, 0x83ff, 0x83ff, 0x83ff, 0x83ff, 0x83ff, 
0x83ff, 0x83ff, 0x83ff, 0x83ff, 0x83ff, 0x83ff, 0x83ff, 0xdcff, 
0x0000, 0x0000, 0x0000, 0x0000, 0x0000, 0x0000, 0x0000, 0x0000, 
0xdcff, 0xdcff, 0x83ff, 0x83ff, 0x83ff, 0x83ff, 0x83ff, 0x83ff, 
0x83ff, 0x83ff, 0x83ff, 0x83ff, 0x83ff, 0x83ff, 0x83ff, 0xdcff, 
0xdcff, 0x0000, 0x0000, 0x0000, 0x0000, 0x0000, 0x0000, 0x0000, 
0x0000, 0x0000, 0x0000, 0x0000, 0x0000, 0x0000, 0x0000, 0x0000, 
0x0000, 0x0000, 0x0000, 0x0000, 0x0000, 0x0000, 0x0000, 0x0000, 
0xffff, 0x83ff, 0x83ff, 0x83ff, 0xdcff, 0x0000, 0x0000, 0x0000, 
0x0000, 0x0000, 0x0000, 0x0000, 0x0000, 0x0000, 0x0000, 0x0000, 
0x0000, 0x0000, 0xdcff, 0xdcff, 0x83ff, 0x83ff, 0x83ff, 0x83ff, 
0x83ff, 0x83ff, 0x83ff, 0x83ff, 0x83ff, 0x83ff, 0x83ff, 0x83ff, 
0x83ff, 0xdcff, 0xdcff, 0x0000, 0x0000, 0x0000, 0x0000, 0x0000, 
0x0000, 0x0000, 0x0000, 0x0000, 0x0000, 0x0000, 0x0000, 0x0000, 
0x0000, 0x0000, 0x0000, 0x00f0, 0x7cff, 0x7cff, 0x7cff, 0x7cff, 
0x7cff, 0x7cff, 0x00f0, 0x0000, 0x0000, 0x0000, 0x0000, 0x0000, 
0x0000, 0x0000, 0x0000, 0x0000, 0x0000, 0x0000, 0x0000, 0x0000, 
0x0000, 0x0000, 0x0000, 0x0000, 0x70f4, 0x70f4, 0x70f4, 0x70f4, 
0x0000, 0x0000, 0x0000, 0x0000, 0x70f4, 0x70f4, 0x70f4, 0x70f4, 
0x0000, 0x0000, 0x0000, 0x0000, 0x0000, 0x0000, 0x0000, 0x0000, 
0x0000, 0x0000, 0x0000, 0x0000, 0x0000, 0x0000, 0x70f4, 0x70f4, 
0x70f4, 0x70f4, 0x70f4, 0x0000, 0x0000, 0x0000, 0x0000, 0x0000, 
0x0000, 0x0000, 0x70f4, 0x70f4, 0x70f4, 0x70f4, 0x0000, 0x0000, 
0x0000, 0x70f4, 0x70f4, 0x70f4, 0x70f4, 0x0000, 0x70f4, 0x0000, 
0x0000, 0x0000, 0x0000, 0x70f4, 0x0000, 0x0000, 0x0000, 0x0000, 
0x0000, 0x0000, 0x0000, 0x0000, 0x0000, 0x0000, 0x0000, 0x70f4, 
0x70f4, 0x70f4, 0x70f4, 0x0000, 0x0000, 0x0000, 0x0000, 0x0000, 
0x0000, 0xffff, 0x83ff, 0x83ff, 0x83ff, 0x83ff, 0x83ff, 0x83ff, 
0x83ff, 0x83ff, 0x83ff, 0x83ff, 0x83ff, 0x83ff, 0x83ff, 0x83ff, 
0x83ff, 0x83ff, 0x83ff, 0x83ff, 0x83ff, 0x83ff, 0x83ff, 0xdcff, 
0x0000, 0x0000, 0x0000, 0x0000, 0x0000, 0x0000, 0x0000, 0x0000, 
0x0000, 0x0000, 0xdcff, 0xdcff, 0x83ff, 0x83ff, 0x83ff, 0x83ff, 
0x83ff, 0x83ff, 0x83ff, 0x83ff, 0xdcff, 0xdcff, 0xdcff, 0x0000, 
0x0000, 0x0000, 0x0000, 0x0000, 0x0000, 0x0000, 0x0000, 0x0000, 
0x0000, 0x0000, 0x0000, 0x0000, 0x0000, 0x0000, 0x0000, 0x0000, 
0x0000, 0x0000, 0x0000, 0x0000, 0x0000, 0x0000, 0x0000, 0x0000, 
0xffff, 0x83ff, 0x83ff, 0x83ff, 0xdcff, 0x0000, 0x0000, 0x0000, 
0x0000, 0x0000, 0x0000, 0x0000, 0x0000, 0x0000, 0x0000, 0x0000, 
0x0000, 0x0000, 0x0000, 0x0000, 0xdcff, 0xdcff, 0x83ff, 0x83ff, 
0x83ff, 0x83ff, 0x83ff, 0x83ff, 0x83ff, 0x83ff, 0xdcff, 0xdcff, 
0xdcff, 0x0000, 0x0000, 0x0000, 0x0000, 0x0000, 0x0000, 0x0000, 
0x0000, 0x0000, 0x0000, 0x0000, 0x0000, 0x0000, 0x0000, 0x0000, 
0x0000, 0x0000, 0x0000, 0x00f0, 0x7cff, 0x7cff, 0x7cff, 0x7cff, 
0x7cff, 0x7cff, 0x00f0, 0x0000, 0x0000, 0x0000, 0x0000, 0x0000, 
0x0000, 0x0000, 0x0000, 0x0000, 0x0000, 0x0000, 0x0000, 0x0000, 
0x0000, 0x0000, 0x0000, 0x0000, 0x0000, 0x0000, 0x0000, 0x0000, 
0x0000, 0x0000, 0x0000, 0x0000, 0x0000, 0x0000, 0x0000, 0x0000, 
0x0000, 0x0000, 0x0000, 0x0000, 0x0000, 0x0000, 0x0000, 0x0000, 
0x0000, 0x0000, 0x0000, 0x0000, 0x0000, 0x0000, 0x0000, 0x0000, 
0x0000, 0x0000, 0x0000, 0x0000, 0x0000, 0x0000, 0x0000, 0x0000, 
0x0000, 0x0000, 0x0000, 0x0000, 0x0000, 0x0000, 0x0000, 0x0000, 
0x0000, 0x0000, 0x0000, 0x0000, 0x0000, 0x0000, 0x0000, 0x0000, 
0x0000, 0x0000, 0x0000, 0x0000, 0x0000, 0x0000, 0x0000, 0x0000, 
0x0000, 0x0000, 0x0000, 0x0000, 0x0000, 0x0000, 0x0000, 0x0000, 
0x0000, 0x0000, 0x0000, 0x0000, 0x0000, 0x0000, 0x0000, 0x0000, 
0x0000, 0x0000, 0xdcff, 0xdcff, 0xdcff, 0xdcff, 0xdcff, 0xdcff, 
0xdcff, 0xdcff, 0xdcff, 0xdcff, 0xdcff, 0xdcff, 0xdcff, 0xdcff, 
0xdcff, 0xdcff, 0xdcff, 0xdcff, 0xdcff, 0xdcff, 0xdcff, 0x0000, 
0x0000, 0x0000, 0x0000, 0x0000, 0x0000, 0x0000, 0x0000, 0x0000, 
0x0000, 0x0000, 0x0000, 0x0000, 0xffff, 0xffff, 0xffff, 0xdcff, 
0xdcff, 0xdcff, 0xdcff, 0xdcff, 0x0000, 0x0000, 0x0000, 0x0000, 
0x0000, 0x0000, 0x0000, 0x0000, 0x0000, 0x0000, 0x0000, 0x0000, 
0x0000, 0x0000, 0x0000, 0x0000, 0x0000, 0x0000, 0x0000, 0x0000, 
0x0000, 0x0000, 0x0000, 0x0000, 0x0000, 0x0000, 0x0000, 0x0000, 
0x0000, 0xdcff, 0xdcff, 0xdcff, 0x0000, 0x0000, 0x0000, 0x0000, 
0x0000, 0x0000, 0x0000, 0x0000, 0x0000, 0x0000, 0x0000, 0x0000, 
0x0000, 0x0000, 0x0000, 0x0000, 0x0000, 0x0000, 0xdcff, 0xdcff, 
0xdcff, 0xdcff, 0xdcff, 0xdcff, 0xdcff, 0xdcff, 0x0000, 0x0000, 
0x0000, 0x0000, 0x0000, 0x0000, 0x0000, 0x0000, 0x0000, 0x0000, 
0x0000, 0x0000, 0x0000, 0x0000, 0x0000, 0x0000, 0x0000, 0x0000, 
0x0000, 0x0000, 0x0000, 0x00f0, 0x7cff, 0x7cff, 0x7cff, 0x7cff, 
0x7cff, 0x7cff, 0x00f0, 0x0000, 0x0000, 0x0000, 0x0000, 0x0000, 
0x0000, 0x0000, 0x0000, 0x0000, 0x0000, 0x0000, 0x0000, 0x0000, 
0x0000, 0x0000, 0x0000, 0x0000, 0x0000, 0x0000, 0x0000, 0x0000, 
0x0000, 0x0000, 0x0000, 0x0000, 0x0000, 0x0000, 0x0000, 0x0000, 
0x0000, 0x0000, 0x0000, 0x0000, 0x0000, 0x0000, 0x0000, 0x0000, 
0x0000, 0x0000, 0x0000, 0x0000, 0x0000, 0x0000, 0x0000, 0x0000, 
0x0000, 0x0000, 0x0000, 0x0000, 0x0000, 0x0000, 0x0000, 0x0000, 
0x0000, 0x0000, 0x0000, 0x0000, 0x0000, 0x0000, 0x0000, 0x0000, 
0x0000, 0x0000, 0x0000, 0x0000, 0x0000, 0x0000, 0x0000, 0x0000, 
0x0000, 0x0000, 0x0000, 0x0000, 0x0000, 0x0000, 0x0000, 0x0000, 
0x0000, 0x0000, 0x0000, 0x0000, 0x0000, 0x0000, 0x0000, 0x0000, 
0x0000, 0x0000, 0x0000, 0x0000, 0x0000, 0x0000, 0x0000, 0x0000, 
0x0000, 0x0000, 0x0000, 0x0000, 0x0000, 0x0000, 0x0000, 0x0000, 
0x0000, 0x0000, 0x0000, 0x0000, 0x0000, 0x0000, 0x0000, 0x0000, 
0x0000, 0x0000, 0x0000, 0x0000, 0x0000, 0x0000, 0x0000, 0x0000, 
0x0000, 0x0000, 0x0000, 0x0000, 0x0000, 0x0000, 0x0000, 0x0000, 
0x0000, 0x0000, 0x0000, 0xffff, 0x83ff, 0x83ff, 0x83ff, 0xdcff, 
0x0000, 0x0000, 0x0000, 0x0000, 0x0000, 0x0000, 0x0000, 0x0000, 
0x0000, 0x0000, 0x0000, 0x0000, 0x0000, 0x0000, 0x0000, 0x0000, 
0x0000, 0x0000, 0x0000, 0x0000, 0x0000, 0x0000, 0x0000, 0x0000, 
0x0000, 0x0000, 0x0000, 0x0000, 0xffff, 0xffff, 0xffff, 0x0000, 
0x0000, 0x0000, 0x0000, 0x0000, 0x0000, 0x0000, 0x0000, 0x0000, 
0x0000, 0x0000, 0x0000, 0x0000, 0x0000, 0x0000, 0x0000, 0x0000, 
0x0000, 0x0000, 0x0000, 0xffff, 0xffff, 0x0000, 0x0000, 0x0000, 
0x0000, 0x0000, 0x0000, 0x0000, 0x0000, 0x0000, 0x0000, 0x0000, 
0x0000, 0x0000, 0x0000, 0x0000, 0x0000, 0x0000, 0x0000, 0x0000, 
0x0000, 0x0000, 0x0000, 0x0000, 0x0000, 0x0000, 0x0000, 0x0000, 
0x0000, 0x0000, 0x0000, 0x00f0, 0x7cff, 0x7cff, 0x7cff, 0x7cff, 
0x7cff, 0x7cff, 0x00f0, 0x0000, 0x0000, 0x0000, 0x0000, 0x0000, 
0x0000, 0x0000, 0x0000, 0x0000, 0x0000, 0x0000, 0x0000, 0x0000, 
0x0000, 0x0000, 0x0000, 0x0000, 0x0000, 0x0000, 0x0000, 0x0000, 
0x0000, 0x0000, 0x0000, 0x0000, 0x0000, 0x0000, 0x0000, 0x0000, 
0x0000, 0x0000, 0x0000, 0x0000, 0x0000, 0x0000, 0x0000, 0x0000, 
0x0000, 0x0000, 0x0000, 0x0000, 0x0000, 0x0000, 0x0000, 0x0000, 
0x0000, 0x0000, 0x0000, 0x0000, 0x0000, 0x0000, 0x0000, 0x0000, 
0x0000, 0x0000, 0x0000, 0x0000, 0x0000, 0x0000, 0x0000, 0x0000, 
0x0000, 0x0000, 0x0000, 0x0000, 0x0000, 0x0000, 0x0000, 0x0000, 
0x0000, 0x0000, 0x0000, 0x0000, 0x0000, 0x0000, 0x0000, 0x0000, 
0x0000, 0x0000, 0x0000, 0x0000, 0x0000, 0x0000, 0x0000, 0x0000, 
0x0000, 0x0000, 0x0000, 0x0000, 0x0000, 0x0000, 0x0000, 0x0000, 
0x0000, 0x0000, 0x0000, 0x0000, 0x0000, 0x0000, 0x0000, 0x0000, 
0x0000, 0x0000, 0x0000, 0x0000, 0x0000, 0x0000, 0x0000, 0x0000, 
0x0000, 0x0000, 0x0000, 0x0000, 0x0000, 0x0000, 0x0000, 0x0000, 
0x0000, 0x0000, 0x0000, 0x0000, 0x0000, 0x0000, 0x0000, 0x0000, 
0x0000, 0x0000, 0x0000, 0xffff, 0x83ff, 0x83ff, 0x83ff, 0x83ff, 
0xdcff, 0x0000, 0x0000, 0x0000, 0x0000, 0x0000, 0x0000, 0x0000, 
0x0000, 0x0000, 0x0000, 0x0000, 0x0000, 0x0000, 0x0000, 0x0000, 
0x0000, 0x0000, 0x0000, 0x0000, 0x0000, 0x0000, 0x0000, 0x0000, 
0x0000, 0x0000, 0x0000, 0xffff, 0x83ff, 0x83ff, 0x83ff, 0xdcff, 
0x0000, 0x0000, 0x0000, 0x0000, 0x0000, 0x0000, 0x0000, 0x0000, 
0x0000, 0x0000, 0x0000, 0x0000, 0x0000, 0x0000, 0x0000, 0x0000, 
0x0000, 0x0000, 0xffff, 0x83ff, 0x83ff, 0xdcff, 0x0000, 0x0000, 
0x0000, 0x0000, 0x0000, 0x0000, 0x0000, 0x0000, 0x0000, 0x0000, 
0x0000, 0x0000, 0x0000, 0x0000, 0x0000, 0x0000, 0x0000, 0x0000, 
0x0000, 0x0000, 0x0000, 0x0000, 0x0000, 0x0000, 0x0000, 0x0000, 
0x0000, 0x0000, 0x0000, 0x0000, 0x00f0, 0x7cff, 0x7cff, 0x7cff, 
0x7cff, 0x00f0, 0x0000, 0x0000, 0x0000, 0x0000, 0x0000, 0x0000, 
0x0000, 0x0000, 0x0000, 0x0000, 0x0000, 0x0000, 0x0000, 0x0000, 
0x0000, 0x0000, 0x0000, 0x0000, 0x0000, 0x0000, 0x0000, 0x0000, 
0x0000, 0x0000, 0x0000, 0x0000, 0x0000, 0x0000, 0x0000, 0x0000, 
0x0000, 0x0000, 0x0000, 0x0000, 0x0000, 0x0000, 0x0000, 0x0000, 
0x0000, 0x0000, 0x0000, 0x0000, 0x0000, 0x0000, 0x0000, 0x0000, 
0x0000, 0x0000, 0x0000, 0x0000, 0x0000, 0x0000, 0x0000, 0x0000, 
0x0000, 0x0000, 0x0000, 0x0000, 0x0000, 0x0000, 0x0000, 0x0000, 
0x0000, 0x0000, 0x0000, 0x0000, 0x0000, 0x0000, 0x0000, 0x0000, 
0x0000, 0x0000, 0x0000, 0x0000, 0x0000, 0x0000, 0x0000, 0x0000, 
0x0000, 0x0000, 0x0000, 0x0000, 0x0000, 0x0000, 0x0000, 0x0000, 
0x0000, 0x0000, 0x0000, 0x0000, 0x0000, 0x0000, 0x0000, 0x0000, 
0x0000, 0x0000, 0x0000, 0x0000, 0x0000, 0x0000, 0x0000, 0x0000, 
0x0000, 0x0000, 0x0000, 0x0000, 0x0000, 0x0000, 0x0000, 0x0000, 
0x0000, 0x0000, 0x0000, 0x0000, 0x0000, 0x0000, 0x0000, 0x0000, 
0x0000, 0x0000, 0x0000, 0x0000, 0x0000, 0x0000, 0x0000, 0x0000, 
0x0000, 0x0000, 0x0000, 0xffff, 0x83ff, 0x83ff, 0x83ff, 0x83ff, 
0xdcff, 0x0000, 0x0000, 0x0000, 0x0000, 0x0000, 0x0000, 0x0000, 
0x0000, 0x0000, 0x0000, 0x0000, 0x0000, 0x0000, 0x0000, 0x0000, 
0x0000, 0x0000, 0x0000, 0x0000, 0x0000, 0x0000, 0x0000, 0x0000, 
0x0000, 0x0000, 0x0000, 0xffff, 0x83ff, 0x83ff, 0x83ff, 0xdcff, 
0x0000, 0x0000, 0x0000, 0x0000, 0x0000, 0x0000, 0x0000, 0x0000, 
0x0000, 0x0000, 0x0000, 0x0000, 0x0000, 0x0000, 0x0000, 0x0000, 
0x0000, 0x0000, 0xffff, 0x83ff, 0x83ff, 0xdcff, 0x0000, 0x0000, 
0x0000, 0x0000, 0x0000, 0x0000, 0x0000, 0x0000, 0x0000, 0x0000, 
0x0000, 0x0000, 0x0000, 0x0000, 0x0000, 0x0000, 0x0000, 0x0000, 
0x0000, 0x0000, 0x0000, 0x0000, 0x0000, 0x0000, 0x0000, 0x0000, 
0x0000, 0x0000, 0x0000, 0x0000, 0x0000, 0x00f0, 0x00f0, 0x00f0, 
0x00f0, 0x0000, 0x0000, 0x0000, 0x0000, 0x0000, 0x0000, 0x0000, 
0x0000, 0x0000, 0x0000, 0x0000, 0x0000, 0x0000, 0x0000, 0x0000, 
0x0000, 0x0000, 0x0000, 0x0000, 0x0000, 0x0000, 0x0000, 0x0000, 
0x0000, 0x0000, 0x0000, 0x0000, 0x0000, 0x0000, 0x0000, 0x0000, 
0x0000, 0x0000, 0x0000, 0x0000, 0x0000, 0x0000, 0x0000, 0x0000, 
0x0000, 0x0000, 0x0000, 0x0000, 0x0000, 0x0000, 0x0000, 0x0000, 
0x0000, 0x0000, 0x0000, 0x0000, 0x0000, 0x0000, 0x0000, 0x0000, 
0x0000, 0x0000, 0x0000, 0x0000, 0x0000, 0x0000, 0x0000, 0x0000, 
0x0000, 0x0000, 0x0000, 0x0000, 0x0000, 0x0000, 0x0000, 0x0000, 
0x0000, 0x0000, 0x0000, 0x0000, 0x0000, 0x0000, 0x0000, 0x0000, 
0x0000, 0x0000, 0x0000, 0x0000, 0x0000, 0x0000, 0x0000, 0x0000, 
0x0000, 0x0000, 0x0000, 0x0000, 0x0000, 0x0000, 0x0000, 0x0000, 
0x0000, 0x0000, 0x0000, 0x0000, 0x0000, 0x0000, 0x0000, 0x0000, 
0x0000, 0x0000, 0x0000, 0x0000, 0x0000, 0x0000, 0x0000, 0x0000, 
0x0000, 0x0000, 0x0000, 0x0000, 0x0000, 0x0000, 0x0000, 0x0000, 
0x0000, 0x0000, 0x0000, 0x0000, 0x0000, 0x0000, 0x0000, 0x0000, 
0x0000, 0x0000, 0x0000, 0xffff, 0x83ff, 0x83ff, 0x83ff, 0xdcff, 
0x0000, 0x0000, 0x0000, 0x0000, 0x0000, 0x0000, 0x0000, 0x0000, 
0x0000, 0x0000, 0x0000, 0x0000, 0x0000, 0x0000, 0x0000, 0x0000, 
0x0000, 0x0000, 0x0000, 0x0000, 0x0000, 0x0000, 0x0000, 0x0000, 
0x0000, 0x0000, 0x0000, 0xffff, 0x83ff, 0x83ff, 0x83ff, 0xdcff, 
0x0000, 0x0000, 0x0000, 0x0000, 0x0000, 0x0000, 0x0000, 0x0000, 
0x0000, 0x0000, 0x0000, 0x0000, 0x0000, 0x0000, 0x0000, 0x0000, 
0x0000, 0x0000, 0xffff, 0x83ff, 0x83ff, 0xdcff, 0x0000, 0x0000, 
0x0000, 0x0000, 0x0000, 0x0000, 0x0000, 0x0000, 0x0000, 0x0000, 
0x0000, 0x0000, 0x0000, 0x0000, 0x0000, 0x0000, 0x0000, 0x0000, 
0x0000, 0x0000, 0x0000, 0x0000, 0x0000, 0x0000, 0x0000, 0x0000, 
0x0000, 0x0000, 0x0000, 0x0000, 0x0000, 0x0000, 0x0000, 0x0000, 
0x0000, 0x0000, 0x0000, 0x0000, 0x0000, 0x0000, 0x0000, 0x0000, 
0x0000, 0x0000, 0x0000, 0x0000, 0x0000, 0x0000, 0x0000, 0x0000, 
0x0000, 0x0000, 0x0000, 0x0000, 0x0000, 0x0000, 0x0000, 0x0000, 
0x0000, 0x0000, 0x0000, 0x0000, 0x0000, 0x0000, 0x0000, 0x0000, 
0x0000, 0x0000, 0x0000, 0x0000, 0x0000, 0x0000, 0x0000, 0x0000, 
0x0000, 0x0000, 0x0000, 0x0000, 0x0000, 0x0000, 0x0000, 0x0000, 
0x0000, 0x0000, 0x0000, 0x0000, 0x0000, 0x0000, 0x0000, 0x0000, 
0x0000, 0x0000, 0x0000, 0x0000, 0x0000, 0x0000, 0x0000, 0x0000, 
0x0000, 0x0000, 0x0000, 0x0000, 0x0000, 0x0000, 0x0000, 0x0000, 
0x0000, 0x0000, 0x0000, 0x0000, 0x0000, 0x0000, 0x0000, 0x0000, 
0x0000, 0x0000, 0x0000, 0x0000, 0x0000, 0x0000, 0x0000, 0x0000, 
0x0000, 0x0000, 0x0000, 0x0000, 0x0000, 0x0000, 0x0000, 0x0000, 
0x0000, 0x0000, 0x0000, 0x0000, 0x0000, 0x0000, 0x0000, 0x0000, 
0x0000, 0x0000, 0x0000, 0x0000, 0x0000, 0x0000, 0x0000, 0x0000, 
0x0000, 0x0000, 0x0000, 0x0000, 0x0000, 0x0000, 0x0000, 0x0000, 
0x0000, 0x0000, 0x0000, 0x0000, 0x0000, 0x0000, 0x0000, 0x0000, 
0x0000, 0x0000, 0x0000, 0x0000, 0xdcff, 0xdcff, 0xdcff, 0x0000, 
0x0000, 0x0000, 0x0000, 0x0000, 0x0000, 0x0000, 0x0000, 0x0000, 
0x0000, 0x0000, 0x0000, 0x0000, 0x0000, 0x0000, 0x0000, 0x0000, 
0x0000, 0x0000, 0x0000, 0x0000, 0x0000, 0x0000, 0x0000, 0x0000, 
0x0000, 0x0000, 0x0000, 0xffff, 0x83ff, 0x83ff, 0x83ff, 0xdcff, 
0x0000, 0x0000, 0x0000, 0x0000, 0x0000, 0x0000, 0x0000, 0x0000, 
0x0000, 0x0000, 0x0000, 0x0000, 0x0000, 0x0000, 0x0000, 0x0000, 
0x0000, 0x0000, 0xffff, 0x83ff, 0x83ff, 0xdcff, 0x0000, 0x0000, 
0x0000, 0x0000, 0x0000, 0x0000, 0x0000, 0x0000, 0x0000, 0x0000, 
0x0000, 0x0000, 0x0000, 0x0000, 0x0000, 0x0000, 0x0000, 0x0000, 
0x0000, 0x0000, 0x0000, 0x0000, 0x0000, 0x0000, 0x0000, 0x0000, 
0x0000, 0x0000, 0x0000, 0x0000, 0x0000, 0x0000, 0x0000, 0x0000, 
0x0000, 0x0000, 0x0000, 0x0000, 0x0000, 0x0000, 0x0000, 0x0000, 
0x0000, 0x0000, 0x0000, 0x0000, 0x0000, 0x0000, 0x0000, 0x0000, 
0x0000, 0x0000, 0x0000, 0x0000, 0x0000, 0x0000, 0x0000, 0x0000, 
0x0000, 0x0000, 0x0000, 0x0000, 0x0000, 0x0000, 0x0000, 0x0000, 
0x0000, 0x0000, 0x0000, 0x0000, 0x0000, 0x0000, 0x0000, 0x0000, 
0x0000, 0x0000, 0x0000, 0x0000, 0x0000, 0x0000, 0x0000, 0x0000, 
0x0000, 0x0000, 0x0000, 0x0000, 0x0000, 0x0000, 0x0000, 0x0000, 
0x0000, 0x0000, 0x0000, 0x0000, 0x0000, 0x0000, 0x0000, 0x0000, 
0x0000, 0x0000, 0x0000, 0x0000, 0x0000, 0x0000, 0x0000, 0x0000, 
0x0000, 0x0000, 0x0000, 0x0000, 0x0000, 0x0000, 0x0000, 0x0000, 
0x0000, 0x0000, 0x0000, 0x0000, 0x0000, 0x0000, 0x0000, 0x0000, 
0x0000, 0x0000, 0x0000, 0x0000, 0x0000, 0x0000, 0x0000, 0x0000, 
0x0000, 0x0000, 0x0000, 0x0000, 0x0000, 0x0000, 0x0000, 0x0000, 
0x0000, 0x0000, 0x0000, 0x0000, 0x0000, 0x0000, 0x0000, 0x0000, 
0x0000, 0x0000, 0x0000, 0x0000, 0x0000, 0x0000, 0x0000, 0x0000, 
0x0000, 0x0000, 0x0000, 0x0000, 0x0000, 0x0000, 0x0000, 0x0000, 
0x0000, 0x0000, 0x0000, 0x0000, 0x0000, 0x0000, 0x0000, 0x0000, 
0x0000, 0x0000, 0x0000, 0x0000, 0x0000, 0x0000, 0x0000, 0x0000, 
0x0000, 0x0000, 0x0000, 0x0000, 0x0000, 0x0000, 0x0000, 0x0000, 
0x0000, 0x0000, 0x0000, 0x0000, 0x0000, 0x0000, 0x0000, 0x0000, 
0x0000, 0x0000, 0x0000, 0xffff, 0x83ff, 0x83ff, 0x83ff, 0xdcff, 
0x0000, 0x0000, 0x0000, 0x0000, 0x0000, 0x0000, 0x0000, 0x0000, 
0x0000, 0x0000, 0x0000, 0x0000, 0x0000, 0x0000, 0x0000, 0x0000, 
0x0000, 0x0000, 0xffff, 0x83ff, 0x83ff, 0xdcff, 0x0000, 0x0000, 
0x0000, 0x0000, 0x0000, 0x0000, 0x0000, 0x0000, 0x0000, 0x0000, 
0x0000, 0x0000, 0x0000, 0x0000, 0x0000, 0x0000, 0x0000, 0x0000, 
0x0000, 0x0000, 0x0000, 0x0000, 0x0000, 0x0000, 0x0000, 0x0000, 
0x0000, 0x0000, 0x0000, 0x0000, 0x0000, 0x0000, 0x0000, 0x0000, 
0x0000, 0x0000, 0x0000, 0x0000, 0x0000, 0x0000, 0x0000, 0x0000, 
0x0000, 0x0000, 0x0000, 0x0000, 0x0000, 0x0000, 0x0000, 0x0000, 
0x0000, 0x0000, 0x0000, 0x0000, 0x0000, 0x0000, 0x0000, 0x0000, 
0x0000, 0x0000, 0x0000, 0x0000, 0x0000, 0x0000, 0x0000, 0x0000, 
0x0000, 0x0000, 0x0000, 0x0000, 0xcfff, 0xcfff, 0x0000, 0x0000, 
0x0000, 0x0000, 0x0000, 0x0000, 0x0000, 0x0000, 0x0000, 0x0000, 
0x0000, 0x0000, 0x0000, 0x0000, 0x0000, 0x0000, 0x0000, 0x0000, 
0x0000, 0x0000, 0x0000, 0x0000, 0x0000, 0x0000, 0x0000, 0x0000, 
0x0000, 0x0000, 0x0000, 0x0000, 0x0000, 0x0000, 0x0000, 0x0000, 
0x0000, 0x0000, 0x0000, 0x0000, 0x0000, 0x0000, 0x0000, 0x0000, 
0x0000, 0x0000, 0x0000, 0x0000, 0x0000, 0x0000, 0x0000, 0x0000, 
0x0000, 0x0000, 0x0000, 0x0000, 0x0000, 0x0000, 0x0000, 0x0000, 
0x0000, 0x0000, 0x0000, 0x0000, 0x0000, 0x0000, 0x0000, 0x0000, 
0x0000, 0x0000, 0x0000, 0x0000, 0x0000, 0x0000, 0x0000, 0xffff, 
0xffff, 0xffff, 0xffff, 0xffff, 0xffff, 0xffff, 0x0000, 0x0000, 
0x0000, 0x0000, 0x0000, 0x0000, 0x0000, 0x0000, 0x0000, 0x0000, 
0xffff, 0xffff, 0xffff, 0xffff, 0xffff, 0xffff, 0xffff, 0x0000, 
0x0000, 0x0000, 0x0000, 0x0000, 0x0000, 0x0000, 0x0000, 0x0000, 
0x0000, 0x0000, 0x0000, 0x0000, 0xffff, 0xffff, 0xffff, 0xffff, 
0xffff, 0xffff, 0xffff, 0xffff, 0xffff, 0xffff, 0xffff, 0xffff, 
0x0000, 0x0000, 0x0000, 0xffff, 0x83ff, 0x83ff, 0x83ff, 0xdcff, 
0x0000, 0x0000, 0xffff, 0xffff, 0xffff, 0xffff, 0xffff, 0x0000, 
0x0000, 0x0000, 0x0000, 0x0000, 0x0000, 0x0000, 0x0000, 0xffff, 
0xffff, 0xffff, 0xffff, 0x83ff, 0x83ff, 0xdcff, 0xffff, 0xffff, 
0xffff, 0xffff, 0x0000, 0x0000, 0x0000, 0x0000, 0x0000, 0x0000, 
0x0000, 0x0000, 0x0000, 0x0000, 0x0000, 0x0000, 0x0000, 0x0000, 
0x0000, 0x0000, 0x0000, 0x0000, 0x0000, 0x0000, 0x0000, 0x0000, 
0x0000, 0x0000, 0x0000, 0x0000, 0x0000, 0x0000, 0x0000, 0x0000, 
0x0000, 0x0000, 0x0000, 0x0000, 0x0000, 0x0000, 0x0000, 0x0000, 
0x0000, 0x0000, 0x0000, 0x0000, 0x0000, 0x0000, 0x0000, 0x0000, 
0x0000, 0x0000, 0x0000, 0x0000, 0x0000, 0x0000, 0x0000, 0x0000, 
0x0000, 0x0000, 0x0000, 0x0000, 0x0000, 0x0000, 0x0000, 0x0000, 
0x0000, 0x0000, 0x0000, 0x0000, 0xcfff, 0x7cff, 0x7cff, 0x0000, 
0x0000, 0x0000, 0x0000, 0x0000, 0x0000, 0x0000, 0x0000, 0x0000, 
0x0000, 0x0000, 0x0000, 0x0000, 0x0000, 0x0000, 0x0000, 0x0000, 
0x0000, 0x0000, 0x0000, 0x0000, 0x0000, 0x0000, 0x0000, 0x0000, 
0x0000, 0x0000, 0x0000, 0x0000, 0x0000, 0x0000, 0x0000, 0x0000, 
0x0000, 0x0000, 0x0000, 0x0000, 0x0000, 0x0000, 0x0000, 0x0000, 
0x0000, 0x0000, 0x0000, 0x0000, 0x0000, 0x0000, 0x0000, 0x0000, 
0x0000, 0x0000, 0x0000, 0x0000, 0x0000, 0x0000, 0x0000, 0x0000, 
0x0000, 0x0000, 0x0000, 0x0000, 0x0000, 0x0000, 0x0000, 0x0000, 
0x0000, 0x0000, 0x0000, 0x0000, 0x0000, 0xffff, 0xffff, 0x83ff, 
0x83ff, 0x83ff, 0x83ff, 0x83ff, 0x83ff, 0x83ff, 0xdcff, 0xdcff, 
0x0000, 0x0000, 0x0000, 0x0000, 0x0000, 0x0000, 0x0000, 0xffff, 
0x83ff, 0x83ff, 0x83ff, 0x83ff, 0x83ff, 0x83ff, 0x83ff, 0xdcff, 
0x0000, 0x0000, 0x0000, 0x0000, 0x0000, 0x0000, 0x0000, 0x0000, 
0x0000, 0x0000, 0xffff, 0xffff, 0x83ff, 0x83ff, 0x83ff, 0x83ff, 
0x83ff, 0x83ff, 0x83ff, 0x83ff, 0x83ff, 0x83ff, 0x83ff, 0x83ff, 
0xdcff, 0x0000, 0x0000, 0xffff, 0x83ff, 0x83ff, 0x83ff, 0xdcff, 
0xffff, 0xffff, 0x83ff, 0x83ff, 0x83ff, 0x83ff, 0x83ff, 0xffff, 
0xffff, 0x0000, 0x0000, 0x0000, 0x0000, 0x0000, 0xffff, 0x83ff, 
0x83ff, 0x83ff, 0x83ff, 0x83ff, 0x83ff, 0x83ff, 0x83ff, 0x83ff, 
0x83ff, 0x83ff, 0xdcff, 0x0000, 0x0000, 0x0000, 0x0000, 0x0000, 
0x0000, 0x0000, 0x0000, 0x0000, 0x0000, 0x0000, 0x0000, 0x0000, 
0x0000, 0x0000, 0x0000, 0x0000, 0x0000, 0x0000, 0x0000, 0x0000, 
0x0000, 0x0000, 0x0000, 0x0000, 0x0000, 0x0000, 0x0000, 0x0000, 
0x0000, 0x0000, 0x0000, 0x0000, 0x0000, 0x0000, 0x0000, 0x0000, 
0x0000, 0x0000, 0x0000, 0x0000, 0x0000, 0x0000, 0x0000, 0x0000, 
0x0000, 0x0000, 0x0000, 0x0000, 0x0000, 0x0000, 0x0000, 0x0000, 
0x0000, 0x0000, 0x0000, 0x0000, 0x0000, 0x0000, 0x0000, 0x0000, 
0x0000, 0x0000, 0x0000, 0x0000, 0xcfff, 0x7cff, 0x7cff, 0x57fe, 
0x0000, 0x0000, 0x0000, 0x0000, 0x0000, 0x0000, 0x0000, 0x0000, 
0x0000, 0x0000, 0x0000, 0x0000, 0x0000, 0x0000, 0x0000, 0x0000, 
0x0000, 0x0000, 0x0000, 0x0000, 0x0000, 0x0000, 0x0000, 0x0000, 
0x0000, 0x0000, 0x0000, 0x0000, 0x0000, 0x0000, 0x0000, 0x0000, 
0x0000, 0x0000, 0x0000, 0x0000, 0x0000, 0x0000, 0x0000, 0x0000, 
0x0000, 0x0000, 0x0000, 0x0000, 0x0000, 0x0000, 0x0000, 0x0000, 
0x0000, 0x0000, 0x0000, 0x0000, 0x0000, 0x0000, 0x0000, 0x0000, 
0x0000, 0x0000, 0x0000, 0x0000, 0x0000, 0x0000, 0x0000, 0x0000, 
0x0000, 0x0000, 0x0000, 0x0000, 0xffff, 0x83ff, 0x83ff, 0x83ff, 
0x83ff, 0x83ff, 0x83ff, 0x83ff, 0x83ff, 0x83ff, 0x83ff, 0x83ff, 
0xdcff, 0x0000, 0x0000, 0x0000, 0x0000, 0x0000, 0x0000, 0xffff, 
0x83ff, 0x83ff, 0x83ff, 0x83ff, 0x83ff, 0x83ff, 0x83ff, 0xdcff, 
0x0000, 0x0000, 0x0000, 0x0000, 0x0000, 0x0000, 0x0000, 0x0000, 
0x0000, 0xffff, 0x83ff, 0x83ff, 0x83ff, 0x83ff, 0x83ff, 0x83ff, 
0x83ff, 0x83ff, 0x83ff, 0x83ff, 0x83ff, 0x83ff, 0x83ff, 0x83ff, 
0xdcff, 0x0000, 0x0000, 0xffff, 0x83ff, 0x83ff, 0x83ff, 0xdcff, 
0x83ff, 0x83ff, 0x83ff, 0x83ff, 0x83ff, 0x83ff, 0x83ff, 0x83ff, 
0x83ff, 0xffff, 0x0000, 0x0000, 0x0000, 0x0000, 0xffff, 0x83ff, 
0x83ff, 0x83ff, 0x83ff, 0x83ff, 0x83ff, 0x83ff, 0x83ff, 0x83ff, 
0x83ff, 0x83ff, 0xdcff, 0x0000, 0x0000, 0x0000, 0x0000, 0x0000, 
0x0000, 0x0000, 0x0000, 0x0000, 0x0000, 0x0000, 0x0000, 0x0000, 
0x0000, 0x0000, 0x0000, 0x0000, 0x0000, 0x0000, 0x0000, 0x0000, 
0x0000, 0x0000, 0x0000, 0x0000, 0x0000, 0x0000, 0xcfff, 0x0000, 
0x0000, 0xcfff, 0xcfff, 0xcfff, 0x0000, 0x0000, 0x0000, 0x0000, 
0xcfff, 0xcfff, 0xcfff, 0xcfff, 0x0000, 0x0000, 0x0000, 0x0000, 
0x0000, 0xcfff, 0xcfff, 0xcfff, 0xcfff, 0xcfff, 0x0000, 0x0000, 
0x0000, 0x0000, 0x0000, 0xcfff, 0xcfff, 0xcfff, 0xcfff, 0x0000, 
0x0000, 0x0000, 0x0000, 0xcfff, 0xcfff, 0x7cff, 0x7cff, 0x57fe, 
0x0000, 0x0000, 0x0000, 0x0000, 0x0000, 0x0000, 0x0000, 0x0000, 
0x0000, 0x0000, 0x0000, 0x0000, 0x0000, 0x0000, 0x0000, 0x0000, 
0x0000, 0x0000, 0x0000, 0x0000, 0x0000, 0x0000, 0x0000, 0x0000, 
0x0000, 0x0000, 0x0000, 0x0000, 0x0000, 0x0000, 0x0000, 0x0000, 
0x0000, 0x0000, 0x0000, 0x0000, 0x0000, 0x0000, 0x0000, 0x0000, 
0x0000, 0x0000, 0x0000, 0x0000, 0x0000, 0x0000, 0x0000, 0x0000, 
0x0000, 0x0000, 0x0000, 0x0000, 0x0000, 0x0000, 0x0000, 0x0000, 
0x0000, 0x0000, 0x0000, 0x0000, 0x0000, 0x0000, 0x0000, 0x0000, 
0x0000, 0x0000, 0x0000, 0xffff, 0x83ff, 0x83ff, 0x83ff, 0x83ff, 
0x83ff, 0xdcff, 0xdcff, 0xdcff, 0x83ff, 0x83ff, 0x83ff, 0x83ff, 
0x83ff, 0xdcff, 0x0000, 0x0000, 0x0000, 0x0000, 0x0000, 0x0000, 
0xdcff, 0xdcff, 0xdcff, 0xdcff, 0x83ff, 0x83ff, 0x83ff, 0xdcff, 
0x0000, 0x0000, 0x0000, 0x0000, 0x0000, 0x0000, 0x0000, 0x0000, 
0xffff, 0x83ff, 0x83ff, 0x83ff, 0x83ff, 0x83ff, 0xdcff, 0xdcff, 
0xdcff, 0x83ff, 0x83ff, 0x83ff, 0x83ff, 0xdcff, 0xdcff, 0xdcff, 
0x0000, 0x0000, 0x0000, 0xffff, 0x83ff, 0x83ff, 0x83ff, 0x83ff, 
0x83ff, 0x83ff, 0x83ff, 0xdcff, 0xdcff, 0x83ff, 0x83ff, 0x83ff, 
0x83ff, 0x83ff, 0xdcff, 0x0000, 0x0000, 0x0000, 0x0000, 0xdcff, 
0xdcff, 0xdcff, 0xdcff, 0x83ff, 0x83ff, 0xdcff, 0xdcff, 0xdcff, 
0xdcff, 0xdcff, 0x0000, 0x0000, 0x0000, 0x0000, 0x0000, 0x0000, 
0x0000, 0x0000, 0x0000, 0x0000, 0x0000, 0x0000, 0x0000, 0x0000, 
0x0000, 0x0000, 0x0000, 0x0000, 0x0000, 0x0000, 0x0000, 0x0000, 
0x0000, 0x0000, 0x0000, 0x0000, 0x0000, 0x0000, 0xcfff, 0x7cff, 
0xcfff, 0x7cff, 0x7cff, 0x7cff, 0x7cff, 0x0000, 0x0000, 0xcfff, 
0x7cff, 0x7cff, 0x7cff, 0x7cff, 0x7cff, 0x0000, 0x0000, 0x0000, 
0xcfff, 0xcfff, 0x7cff, 0x7cff, 0x7cff, 0x7cff, 0x7cff, 0x0000, 
0x0000, 0x0000, 0xcfff, 0x7cff, 0x7cff, 0x7cff, 0x7cff, 0x7cff, 
0x0000, 0x0000, 0x0000, 0x0000, 0x7cff, 0x7cff, 0x7cff, 0x7cff, 
0x7cff, 0x0000, 0x0000, 0x0000, 0x0000, 0x0000, 0x0000, 0x0000, 
0x0000, 0x0000, 0x0000, 0x0000, 0x0000, 0x0000, 0x0000, 0x0000, 
0x0000, 0x0000, 0x0000, 0x0000, 0x0000, 0x0000, 0x0000, 0x0000, 
0x0000, 0x0000, 0x0000, 0x0000, 0x0000, 0x0000, 0x0000, 0x0000, 
0x0000, 0x0000, 0x0000, 0x0000, 0x0000, 0x0000, 0x0000, 0x0000, 
0x0000, 0x0000, 0x0000, 0x0000, 0x0000, 0x0000, 0x0000, 0x0000, 
0x0000, 0x0000, 0x0000, 0x0000, 0x0000, 0x0000, 0x0000, 0x0000, 
0x0000, 0x0000, 0x0000, 0x0000, 0x0000, 0x0000, 0x0000, 0x0000, 
0x0000, 0x0000, 0x0000, 0xffff, 0x83ff, 0x83ff, 0x83ff, 0xdcff, 
0xdcff, 0x0000, 0x0000, 0x0000, 0xdcff, 0xdcff, 0x83ff, 0x83ff, 
0x83ff, 0xdcff, 0x0000, 0x0000, 0x0000, 0x0000, 0x0000, 0x0000, 
0x0000, 0x0000, 0x0000, 0xffff, 0x83ff, 0x83ff, 0x83ff, 0xdcff, 
0x0000, 0x0000, 0x0000, 0x0000, 0x0000, 0x0000, 0x0000, 0x0000, 
0xffff, 0x83ff, 0x83ff, 0x83ff, 0xdcff, 0xdcff, 0x0000, 0x0000, 
0x0000, 0xdcff, 0xdcff, 0x83ff, 0x83ff, 0x83ff, 0xdcff, 0x0000, 
0x0000, 0x0000, 0x0000, 0xffff, 0x83ff, 0x83ff, 0x83ff, 0x83ff, 
0xdcff, 0xdcff, 0xdcff, 0x0000, 0x0000, 0xdcff, 0xdcff, 0x83ff, 
0x83ff, 0x83ff, 0xdcff, 0x0000, 0x0000, 0x0000, 0x0000, 0x0000, 
0x0000, 0x0000, 0xffff, 0x83ff, 0x83ff, 0xdcff, 0x0000, 0x0000, 
0x0000, 0x0000, 0x0000, 0x0000, 0x0000, 0x0000, 0x0000, 0x0000, 
0x0000, 0x0000, 0x0000, 0x0000, 0x0000, 0x0000, 0x0000, 0x0000, 
0x0000, 0x0000, 0x0000, 0x0000, 0x0000, 0x0000, 0x0000, 0x0000, 
0x0000, 0x0000, 0x0000, 0x0000, 0x0000, 0x0000, 0xcfff, 0x7cff, 
0x57fe, 0x7cff, 0x57fe, 0x57fe, 0x7cff, 0x7cff, 0xcfff, 0xcfff, 
0x7cff, 0x57fe, 0x57fe, 0x57fe, 0x7cff, 0x7cff, 0x0000, 0x0000, 
0xcfff, 0x7cff, 0x7cff, 0x57fe, 0x57fe, 0x57fe, 0x7cff, 0x7cff, 
0x0000, 0xcfff, 0xcfff, 0x7cff, 0x57fe, 0x57fe, 0x57fe, 0x7cff, 
0x7cff, 0x0000, 0x0000, 0x0000, 0xcfff, 0x7cff, 0x7cff, 0x57fe, 
0x57fe, 0x57fe, 0x0000, 0x0000, 0x0000, 0x0000, 0x0000, 0x0000, 
0x0000, 0x0000, 0x0000, 0x0000, 0x0000, 0x0000, 0x0000, 0x0000, 
0x0000, 0x0000, 0x0000, 0x0000, 0x0000, 0x0000, 0x0000, 0x0000, 
0x0000, 0x0000, 0x0000, 0x0000, 0x0000, 0x0000, 0x0000, 0x0000, 
0x0000, 0x0000, 0x0000, 0x0000, 0x0000, 0x0000, 0x0000, 0x0000, 
0x0000, 0x0000, 0x0000, 0x0000, 0x0000, 0x0000, 0x0000, 0x0000, 
0x0000, 0x0000, 0x0000, 0x0000, 0x0000, 0x0000, 0x0000, 0x0000, 
0x0000, 0x0000, 0x0000, 0x0000, 0x0000, 0x0000, 0x0000, 0x0000, 
0x0000, 0x0000, 0xffff, 0x83ff, 0x83ff, 0x83ff, 0xdcff, 0x0000, 
0x0000, 0x0000, 0x0000, 0x0000, 0x0000, 0x0000, 0xffff, 0x83ff, 
0x83ff, 0x83ff, 0xdcff, 0x0000, 0x0000, 0x0000, 0x0000, 0x0000, 
0x0000, 0x0000, 0x0000, 0xffff, 0x83ff, 0x83ff, 0x83ff, 0xdcff, 
0x0000, 0x0000, 0x0000, 0x0000, 0x0000, 0x0000, 0x0000, 0xffff, 
0x83ff, 0x83ff, 0x83ff, 0xdcff, 0x0000, 0x0000, 0x0000, 0x0000, 
0x0000, 0x0000, 0x0000, 0xffff, 0x83ff, 0x83ff, 0xdcff, 0x0000, 
0x0000, 0x0000, 0x0000, 0xffff, 0x83ff, 0x83ff, 0x83ff, 0xdcff, 
0x0000, 0x0000, 0x0000, 0x0000, 0x0000, 0x0000, 0x0000, 0xffff, 
0x83ff, 0x83ff, 0x83ff, 0xdcff, 0x0000, 0x0000, 0x0000, 0x0000, 
0x0000, 0x0000, 0xffff, 0x83ff, 0x83ff, 0xdcff, 0x0000, 0x0000, 
0x0000, 0x0000, 0x0000, 0x0000, 0x0000, 0x0000, 0x0000, 0x0000, 
0x0000, 0x0000, 0x0000, 0x0000, 0x0000, 0x0000, 0x0000, 0x0000, 
0x0000, 0x0000, 0x0000, 0x0000, 0x0000, 0x0000, 0x0000, 0x0000, 
0x0000, 0x0000, 0x0000, 0x0000, 0x0000, 0x0000, 0xcfff, 0x7cff, 
0x7cff, 0x7cff, 0x57fe, 0x0000, 0x0000, 0x57fe, 0x57fe, 0x7cff, 
0x7cff, 0x57fe, 0x0000, 0x0000, 0xcfff, 0x7cff, 0x57fe, 0x0000, 
0xcfff, 0x7cff, 0x57fe, 0x57fe, 0x0000, 0x0000, 0x0000, 0x57fe, 
0x57fe, 0xcfff, 0x7cff, 0x7cff, 0x57fe, 0x0000, 0x0000, 0xcfff, 
0x7cff, 0x57fe, 0x0000, 0x0000, 0xcfff, 0x7cff, 0x7cff, 0x57fe, 
0x0000, 0x0000, 0x0000, 0x0000, 0x0000, 0x0000, 0x0000, 0x0000, 
0x0000, 0x0000, 0x0000, 0x0000, 0x0000, 0x0000, 0x0000, 0x0000, 
0x0000, 0x0000, 0x0000, 0x0000, 0x0000, 0x0000, 0x0000, 0x0000, 
0x0000, 0x0000, 0x0000, 0x0000, 0x0000, 0x0000, 0x0000, 0x0000, 
0x0000, 0x0000, 0x0000, 0x0000, 0x0000, 0x0000, 0x0000, 0x0000, 
0x0000, 0x0000, 0x0000, 0x0000, 0x0000, 0x0000, 0x0000, 0x0000, 
0x0000, 0x0000, 0x0000, 0x0000, 0x0000, 0x0000, 0x0000, 0x0000, 
0x0000, 0x0000, 0x0000, 0x0000, 0x0000, 0x0000, 0x0000, 0x0000, 
0x0000, 0x0000, 0xffff, 0x83ff, 0x83ff, 0x83ff, 0xdcff, 0x0000, 
0x0000, 0x0000, 0x0000, 0x0000, 0x0000, 0x0000, 0xffff, 0x83ff, 
0x83ff, 0x83ff, 0xdcff, 0x0000, 0x0000, 0x0000, 0x0000, 0x0000, 
0x0000, 0x0000, 0x0000, 0xffff, 0x83ff, 0x83ff, 0x83ff, 0xdcff, 
0x0000, 0x0000, 0x0000, 0x0000, 0x0000, 0x0000, 0x0000, 0xffff, 
0x83ff, 0x83ff, 0x83ff, 0xdcff, 0x0000, 0x0000, 0x0000, 0x0000, 
0x0000, 0x0000, 0x0000, 0xffff, 0x83ff, 0x83ff, 0xdcff, 0x0000, 
0x0000, 0x0000, 0x0000, 0xffff, 0x83ff, 0x83ff, 0x83ff, 0xdcff, 
0x0000, 0x0000, 0x0000, 0x0000, 0x0000, 0x0000, 0x0000, 0xffff, 
0x83ff, 0x83ff, 0x83ff, 0xdcff, 0x0000, 0x0000, 0x0000, 0x0000, 
0x0000, 0x0000, 0xffff, 0x83ff, 0x83ff, 0xdcff, 0x0000, 0x0000, 
0x0000, 0x0000, 0x0000, 0x0000, 0x0000, 0x0000, 0x0000, 0x0000, 
0x0000, 0x0000, 0x0000, 0x0000, 0x0000, 0x0000, 0x0000, 0x0000, 
0x0000, 0x0000, 0x0000, 0x0000, 0x0000, 0x0000, 0x0000, 0x0000, 
0x0000, 0x0000, 0x0000, 0x0000, 0x0000, 0x0000, 0xcfff, 0x7cff, 
0x7cff, 0x57fe, 0x0000, 0x0000, 0x0000, 0x0000, 0xcfff, 0x7cff, 
0x57fe, 0x57fe, 0xcfff, 0xcfff, 0xcfff, 0x7cff, 0x7cff, 0x0000, 
0x0000, 0x7cff, 0x7cff, 0xcfff, 0xcfff, 0xcfff, 0x0000, 0x0000, 
0x0000, 0xcfff, 0x7cff, 0x57fe, 0x57fe, 0xcfff, 0xcfff, 0xcfff, 
0x7cff, 0x7cff, 0x0000, 0x0000, 0xcfff, 0x7cff, 0x7cff, 0x57fe, 
0x0000, 0x0000, 0x0000, 0x0000, 0x0000, 0x0000, 0x0000, 0x0000, 
0x0000, 0x0000, 0x0000, 0x0000, 0x0000, 0x0000, 0x0000, 0x0000, 
0x0000, 0x0000, 0x0000, 0x0000, 0x0000, 0x0000, 0x0000, 0x0000, 
0x0000, 0x0000, 0x0000, 0x0000, 0x0000, 0x0000, 0x0000, 0x0000, 
0x0000, 0x0000, 0x0000, 0x0000, 0x0000, 0x0000, 0x0000, 0x0000, 
0x0000, 0x0000, 0x0000, 0x0000, 0x0000, 0x0000, 0x0000, 0x0000, 
0x0000, 0x0000, 0x0000, 0x0000, 0x0000, 0x0000, 0x0000, 0x0000, 
0x0000, 0x0000, 0x0000, 0x0000, 0x0000, 0x0000, 0x0000, 0x0000, 
0x0000, 0x0000, 0xffff, 0x83ff, 0x83ff, 0x83ff, 0xdcff, 0x0000, 
0x0000, 0x0000, 0x0000, 0x0000, 0x0000, 0x0000, 0xffff, 0x83ff, 
0x83ff, 0x83ff, 0xdcff, 0x0000, 0x0000, 0x0000, 0x0000, 0x0000, 
0x0000, 0x0000, 0x0000, 0xffff, 0x83ff, 0x83ff, 0x83ff, 0xdcff, 
0x0000, 0x0000, 0x0000, 0x0000, 0x0000, 0x0000, 0x0000, 0xffff, 
0x83ff, 0x83ff, 0x83ff, 0xdcff, 0x0000, 0x0000, 0x0000, 0x0000, 
0x0000, 0x0000, 0x0000, 0xffff, 0x83ff, 0x83ff, 0xdcff, 0x0000, 
0x0000, 0x0000, 0x0000, 0xffff, 0x83ff, 0x83ff, 0x83ff, 0xdcff, 
0x0000, 0x0000, 0x0000, 0x0000, 0x0000, 0x0000, 0x0000, 0xffff, 
0x83ff, 0x83ff, 0x83ff, 0xdcff, 0x0000, 0x0000, 0x0000, 0x0000, 
0x0000, 0x0000, 0xffff, 0x83ff, 0x83ff, 0xdcff, 0x0000, 0x0000, 
0x0000, 0x0000, 0x0000, 0x0000, 0x0000, 0x0000, 0x0000, 0x0000, 
0x0000, 0x0000, 0x0000, 0x0000, 0x0000, 0x0000, 0x0000, 0x0000, 
0x0000, 0x0000, 0x0000, 0x0000, 0x0000, 0x0000, 0x0000, 0x0000, 
0x0000, 0x0000, 0x0000, 0x0000, 0x0000, 0x0000, 0xcfff, 0x7cff, 
0x57fe, 0x57fe, 0x0000, 0x0000, 0x0000, 0x0000, 0xcfff, 0x7cff, 
0x7cff, 0x7cff, 0x7cff, 0x7cff, 0x7cff, 0x7cff, 0x7cff, 0x57fe, 
0x0000, 0x0000, 0x7cff, 0x7cff, 0x7cff, 0x7cff, 0x7cff, 0x0000, 
0x0000, 0xcfff, 0x7cff, 0x7cff, 0x7cff, 0x7cff, 0x7cff, 0x7cff, 
0x7cff, 0x7cff, 0x57fe, 0x0000, 0xcfff, 0x7cff, 0x7cff, 0x57fe, 
0x0000, 0x0000, 0x0000, 0x0000, 0x0000, 0x0000, 0x0000, 0x0000, 
0x0000, 0x0000, 0x0000, 0x0000, 0x0000, 0x0000, 0x0000, 0x0000, 
0x0000, 0x0000, 0x0000, 0x0000, 0x0000, 0x0000, 0x0000, 0x0000, 
0x0000, 0x0000, 0x0000, 0x0000, 0x0000, 0x0000, 0x0000, 0x0000, 
0x0000, 0x0000, 0x0000, 0x0000, 0x0000, 0x0000, 0x0000, 0x0000, 
0x0000, 0x0000, 0x0000, 0x0000, 0x0000, 0x0000, 0x0000, 0x0000, 
0x0000, 0x0000, 0x0000, 0x0000, 0x0000, 0x0000, 0x0000, 0x0000, 
0x0000, 0x0000, 0x0000, 0x0000, 0x0000, 0x0000, 0x0000, 0x0000, 
0x0000, 0x0000, 0xffff, 0x83ff, 0x83ff, 0x83ff, 0xdcff, 0xffff, 
0xffff, 0xffff, 0xffff, 0xffff, 0xffff, 0xffff, 0xffff, 0x83ff, 
0x83ff, 0x83ff, 0xdcff, 0x0000, 0x0000, 0x0000, 0x0000, 0x0000, 
0x0000, 0x0000, 0x0000, 0xffff, 0x83ff, 0x83ff, 0x83ff, 0xdcff, 
0x0000, 0x0000, 0x0000, 0x0000, 0x0000, 0x0000, 0x0000, 0xffff, 
0x83ff, 0x83ff, 0x83ff, 0xdcff, 0xdcff, 0x0000, 0x0000, 0x0000, 
0x0000, 0x0000, 0xffff, 0x83ff, 0x83ff, 0x83ff, 0xdcff, 0x0000, 
0x0000, 0x0000, 0x0000, 0xffff, 0x83ff, 0x83ff, 0x83ff, 0xdcff, 
0x0000, 0x0000, 0x0000, 0x0000, 0x0000, 0x0000, 0x0000, 0xffff, 
0x83ff, 0x83ff, 0x83ff, 0xdcff, 0x0000, 0x0000, 0x0000, 0x0000, 
0x0000, 0x0000, 0xffff, 0x83ff, 0x83ff, 0xdcff, 0x0000, 0x0000, 
0x0000, 0x0000, 0x0000, 0x0000, 0x0000, 0x0000, 0x0000, 0x0000, 
0x0000, 0x0000, 0x0000, 0x0000, 0x0000, 0x0000, 0x0000, 0x0000, 
0x0000, 0x0000, 0x0000, 0x0000, 0x0000, 0x0000, 0x0000, 0x0000, 
0x0000, 0x0000, 0x0000, 0x0000, 0x0000, 0x0000, 0xcfff, 0x7cff, 
0x57fe, 0x0000, 0x0000, 0x0000, 0x0000, 0x0000, 0xcfff, 0x7cff, 
0x57fe, 0x57fe, 0x57fe, 0x57fe, 0x57fe, 0x57fe, 0x57fe, 0x57fe, 
0x0000, 0x0000, 0x0000, 0x57fe, 0x57fe, 0x57fe, 0x7cff, 0x7cff, 
0x0000, 0xcfff, 0x7cff, 0x57fe, 0x57fe, 0x57fe, 0x57fe, 0x57fe, 
0x57fe, 0x57fe, 0x57fe, 0x0000, 0x0000, 0x7cff, 0x7cff, 0x57fe, 
0x0000, 0x0000, 0x0000, 0x0000, 0x0000, 0x0000, 0x0000, 0x0000, 
0x0000, 0x0000, 0x0000, 0x0000, 0x0000, 0x0000, 0x0000, 0x0000, 
0x0000, 0x0000, 0x0000, 0x0000, 0x0000, 0x0000, 0x0000, 0x0000, 
0x0000, 0x0000, 0x0000, 0x0000, 0x0000, 0x0000, 0x0000, 0x0000, 
0x0000, 0x0000, 0x0000, 0x0000, 0x0000, 0x0000, 0x0000, 0x0000, 
0x0000, 0x0000, 0x0000, 0x0000, 0x0000, 0x0000, 0x0000, 0x0000, 
0x0000, 0x0000, 0x0000, 0x0000, 0x0000, 0x0000, 0x0000, 0x0000, 
0x0000, 0x0000, 0x0000, 0x0000, 0x0000, 0x0000, 0x0000, 0x0000, 
0x0000, 0x0000, 0xffff, 0x83ff, 0x83ff, 0x83ff, 0x83ff, 0x83ff, 
0x83ff, 0x83ff, 0x83ff, 0x83ff, 0x83ff, 0x83ff, 0x83ff, 0x83ff, 
0x83ff, 0x83ff, 0xdcff, 0x0000, 0x0000, 0x0000, 0x0000, 0x0000, 
0x0000, 0x0000, 0x0000, 0xffff, 0x83ff, 0x83ff, 0x83ff, 0xdcff, 
0x0000, 0x0000, 0x0000, 0x0000, 0x0000, 0x0000, 0x0000, 0x0000, 
0xdcff, 0x83ff, 0x83ff, 0x83ff, 0x83ff, 0xffff, 0xffff, 0xffff, 
0xffff, 0xffff, 0x83ff, 0x83ff, 0x83ff, 0x83ff, 0x0000, 0x0000, 
0x0000, 0x0000, 0x0000, 0xffff, 0x83ff, 0x83ff, 0x83ff, 0xdcff, 
0x0000, 0x0000, 0x0000, 0x0000, 0x0000, 0x0000, 0x0000, 0xffff, 
0x83ff, 0x83ff, 0x83ff, 0xdcff, 0x0000, 0x0000, 0x0000, 0x0000, 
0x0000, 0x0000, 0xffff, 0x83ff, 0x83ff, 0xdcff, 0x0000, 0x0000, 
0x0000, 0x0000, 0x0000, 0x0000, 0x0000, 0x0000, 0x0000, 0x0000, 
0x0000, 0x0000, 0x0000, 0x0000, 0x0000, 0x0000, 0x0000, 0x0000, 
0x0000, 0x0000, 0x0000, 0x0000, 0x0000, 0x0000, 0x0000, 0x0000, 
0x0000, 0x0000, 0x0000, 0x0000, 0x0000, 0x0000, 0xcfff, 0x7cff, 
0x57fe, 0x0000, 0x0000, 0x0000, 0x0000, 0x0000, 0x0000, 0x7cff, 
0x57fe, 0x0000, 0x0000, 0xcfff, 0xcfff, 0x7cff, 0x7cff, 0x0000, 
0xcfff, 0xcfff, 0x0000, 0x0000, 0x0000, 0xcfff, 0xcfff, 0x7cff, 
0x57fe, 0x0000, 0x7cff, 0x57fe, 0x0000, 0x0000, 0xcfff, 0xcfff, 
0x7cff, 0x7cff, 0x0000, 0x0000, 0x0000, 0xcfff, 0x7cff, 0x57fe, 
0x0000, 0xcfff, 0xcfff, 0x0000, 0x0000, 0x0000, 0x0000, 0x0000, 
0x0000, 0x0000, 0x0000, 0x0000, 0x0000, 0x0000, 0x0000, 0x0000, 
0x0000, 0x0000, 0x0000, 0x0000, 0x0000, 0x0000, 0x0000, 0x0000, 
0x0000, 0x0000, 0x0000, 0x0000, 0x0000, 0x0000, 0x0000, 0x0000, 
0x0000, 0x0000, 0x0000, 0x0000, 0x0000, 0x0000, 0x0000, 0x0000, 
0x0000, 0x0000, 0x0000, 0x0000, 0x0000, 0x0000, 0x0000, 0x0000, 
0x0000, 0x0000, 0x0000, 0x0000, 0x0000, 0x0000, 0x0000, 0x0000, 
0x0000, 0x0000, 0x0000, 0x0000, 0x0000, 0x0000, 0x0000, 0x0000, 
0x0000, 0x0000, 0xffff, 0x83ff, 0x83ff, 0x83ff, 0x83ff, 0x83ff, 
0x83ff, 0x83ff, 0x83ff, 0x83ff, 0x83ff, 0x83ff, 0x83ff, 0x83ff, 
0x83ff, 0x83ff, 0xdcff, 0x0000, 0x0000, 0x0000, 0x0000, 0x0000, 
0x0000, 0x0000, 0x0000, 0xffff, 0x83ff, 0x83ff, 0x83ff, 0xdcff, 
0x0000, 0x0000, 0x0000, 0x0000, 0x0000, 0x0000, 0x0000, 0x0000, 
0x0000, 0xdcff, 0x83ff, 0x83ff, 0x83ff, 0x83ff, 0x83ff, 0x83ff, 
0x83ff, 0x83ff, 0x83ff, 0x83ff, 0x83ff, 0xdcff, 0x0000, 0x0000, 
0x0000, 0x0000, 0x0000, 0xffff, 0x83ff, 0x83ff, 0x83ff, 0xdcff, 
0x0000, 0x0000, 0x0000, 0x0000, 0x0000, 0x0000, 0x0000, 0xffff, 
0x83ff, 0x83ff, 0x83ff, 0xdcff, 0x0000, 0x0000, 0x0000, 0x0000, 
0x0000, 0x0000, 0xffff, 0x83ff, 0x83ff, 0xdcff, 0x0000, 0x0000, 
0x0000, 0x0000, 0x0000, 0x0000, 0x0000, 0x0000, 0x0000, 0x0000, 
0x0000, 0x0000, 0x0000, 0x0000, 0x0000, 0x0000, 0x0000, 0x0000, 
0x0000, 0x0000, 0x0000, 0x0000, 0x0000, 0x0000, 0x0000, 0x0000, 
0x0000, 0x0000, 0x0000, 0x0000, 0x0000, 0x0000, 0xcfff, 0x7cff, 
0x57fe, 0x0000, 0x0000, 0x0000, 0x0000, 0x0000, 0x0000, 0x0000, 
0x7cff, 0xcfff, 0xcfff, 0xcfff, 0x7cff, 0x7cff, 0x57fe, 0x57fe, 
0x0000, 0x7cff, 0x7cff, 0xcfff, 0xcfff, 0xcfff, 0x7cff, 0x7cff, 
0x57fe, 0x0000, 0x0000, 0x7cff, 0xcfff, 0xcfff, 0xcfff, 0x7cff, 
0x7cff, 0x57fe, 0x57fe, 0x0000, 0x0000, 0x0000, 0x7cff, 0x7cff, 
0xcfff, 0xcfff, 0x7cff, 0x7cff, 0x0000, 0x0000, 0x0000, 0x0000, 
0x0000, 0x0000, 0x0000, 0x0000, 0x0000, 0x0000, 0x0000, 0x0000, 
0x0000, 0x0000, 0x0000, 0x0000, 0x0000, 0x0000, 0x0000, 0x0000, 
0x0000, 0x0000, 0x0000, 0x0000, 0x0000, 0x0000, 0x0000, 0x0000, 
0x0000, 0x0000, 0x0000, 0x0000, 0x0000, 0x0000, 0x0000, 0x0000, 
0x0000, 0x0000, 0x0000, 0x0000, 0x0000, 0x0000, 0x0000, 0x0000, 
0x0000, 0x0000, 0x0000, 0x0000, 0x0000, 0x0000, 0x0000, 0x0000, 
0x0000, 0x0000, 0x0000, 0x0000, 0x0000, 0x0000, 0x0000, 0x0000, 
0x0000, 0x0000, 0xffff, 0x83ff, 0x83ff, 0x83ff, 0xdcff, 0xdcff, 
0xdcff, 0xdcff, 0xdcff, 0xdcff, 0xdcff, 0xdcff, 0xdcff, 0xdcff, 
0xdcff, 0xdcff, 0x0000, 0x0000, 0x0000, 0x0000, 0x0000, 0x0000, 
0x0000, 0x0000, 0x0000, 0xffff, 0x83ff, 0x83ff, 0x83ff, 0xdcff, 
0x0000, 0x0000, 0x0000, 0x0000, 0x0000, 0x0000, 0x0000, 0x0000, 
0x0000, 0xdcff, 0x83ff, 0x83ff, 0x83ff, 0x83ff, 0x83ff, 0x83ff, 
0x83ff, 0x83ff, 0x83ff, 0xdcff, 0xdcff, 0x0000, 0x0000, 0x0000, 
0x0000, 0x0000, 0x0000, 0xffff, 0x83ff, 0x83ff, 0x83ff, 0xdcff, 
0x0000, 0x0000, 0x0000, 0x0000, 0x0000, 0x0000, 0x0000, 0xffff, 
0x83ff, 0x83ff, 0x83ff, 0xdcff, 0x0000, 0x0000, 0x0000, 0x0000, 
0x0000, 0x0000, 0xffff, 0x83ff, 0x83ff, 0xdcff, 0x0000, 0x0000, 
0x0000, 0x0000, 0x0000, 0x0000, 0x0000, 0x0000, 0x0000, 0x0000, 
0x0000, 0x0000, 0x0000, 0x0000, 0x0000, 0x0000, 0x0000, 0x0000, 
0x0000, 0x0000, 0x0000, 0x0000, 0x0000, 0x0000, 0x0000, 0x0000, 
0x0000, 0x0000, 0x0000, 0x0000, 0x0000, 0x0000, 0x0000, 0x7cff, 
0x57fe, 0x0000, 0x0000, 0x0000, 0x0000, 0x0000, 0x0000, 0x0000, 
0x0000, 0x7cff, 0x7cff, 0x7cff, 0x7cff, 0x57fe, 0x57fe, 0x0000, 
0x0000, 0x0000, 0x7cff, 0x7cff, 0x7cff, 0x7cff, 0x7cff, 0x57fe, 
0x57fe, 0x0000, 0x0000, 0x0000, 0x7cff, 0x7cff, 0x7cff, 0x7cff, 
0x57fe, 0x57fe, 0x0000, 0x0000, 0x0000, 0x0000, 0x0000, 0x7cff, 
0x7cff, 0x7cff, 0x7cff, 0x57fe, 0x57fe, 0x0000, 0x0000, 0x0000, 
0x0000, 0x0000, 0x0000, 0x0000, 0x0000, 0x0000, 0x0000, 0x0000, 
0x0000, 0x0000, 0x0000, 0x0000, 0x0000, 0x0000, 0x0000, 0x0000, 
0x0000, 0x0000, 0x0000, 0x0000, 0x0000, 0x0000, 0x0000, 0x0000, 
0x0000, 0x0000, 0x0000, 0x0000, 0x0000, 0x0000, 0x0000, 0x0000, 
0x0000, 0x0000, 0x0000, 0x0000, 0x0000, 0x0000, 0x0000, 0x0000, 
0x0000, 0x0000, 0x0000, 0x0000, 0x0000, 0x0000, 0x0000, 0x0000, 
0x0000, 0x0000, 0x0000, 0x0000, 0x0000, 0x0000, 0x0000, 0x0000, 
0x0000, 0x0000, 0xffff, 0x83ff, 0x83ff, 0x83ff, 0xdcff, 0x0000, 
0x0000, 0x0000, 0x0000, 0x0000, 0x0000, 0x0000, 0x0000, 0x0000, 
0x0000, 0x0000, 0x0000, 0x0000, 0x0000, 0x0000, 0x0000, 0x0000, 
0x0000, 0x0000, 0x0000, 0xffff, 0x83ff, 0x83ff, 0x83ff, 0xdcff, 
0x0000, 0x0000, 0x0000, 0x0000, 0x0000, 0x0000, 0x0000, 0x0000, 
0xffff, 0x83ff, 0x83ff, 0xdcff, 0xdcff, 0xdcff, 0xdcff, 0xdcff, 
0xdcff, 0xdcff, 0xdcff, 0x0000, 0x0000, 0x0000, 0x0000, 0x0000, 
0x0000, 0x0000, 0x0000, 0xffff, 0x83ff, 0x83ff, 0x83ff, 0xdcff, 
0x0000, 0x0000, 0x0000, 0x0000, 0x0000, 0x0000, 0x0000, 0xffff, 
0x83ff, 0x83ff, 0x83ff, 0xdcff, 0x0000, 0x0000, 0x0000, 0x0000, 
0x0000, 0x0000, 0xffff, 0x83ff, 0x83ff, 0xdcff, 0x0000, 0x0000, 
0x0000, 0x0000, 0x0000, 0x0000, 0x0000, 0x0000, 0x0000, 0x0000, 
0x0000, 0x0000, 0x0000, 0x0000, 0x0000, 0x0000, 0x0000, 0x0000, 
0x0000, 0x0000, 0x0000, 0x0000, 0x0000, 0x0000, 0x0000, 0x0000, 
0x0000, 0x0000, 0x0000, 0x0000, 0x0000, 0x0000, 0x0000, 0x0000, 
0x57fe, 0x0000, 0x0000, 0x0000, 0x0000, 0x0000, 0x0000, 0x0000, 
0x0000, 0x0000, 0x57fe, 0x57fe, 0x57fe, 0x57fe, 0x0000, 0x0000, 
0x0000, 0x0000, 0x0000, 0x57fe, 0x57fe, 0x57fe, 0x57fe, 0x57fe, 
0x0000, 0x0000, 0x0000, 0x0000, 0x0000, 0x57fe, 0x57fe, 0x57fe, 
0x57fe, 0x0000, 0x0000, 0x0000, 0x0000, 0x0000, 0x0000, 0x0000, 
0x57fe, 0x57fe, 0x57fe, 0x57fe, 0x0000, 0x0000, 0x0000, 0x0000, 
0x0000, 0x0000, 0x0000, 0x0000, 0x0000, 0x0000, 0x0000, 0x0000, 
0x0000, 0x0000, 0x0000, 0x0000, 0x0000, 0x0000, 0x0000, 0x0000, 
0x0000, 0x0000, 0x0000, 0x0000, 0x0000, 0x0000, 0x0000, 0x0000, 
0x0000, 0x0000, 0x0000, 0x0000, 0x0000, 0x0000, 0x0000, 0x0000, 
0x0000, 0x0000, 0x0000, 0x0000, 0x0000, 0x0000, 0x0000, 0x0000, 
0x0000, 0x0000, 0x0000, 0x0000, 0x0000, 0x0000, 0x0000, 0x0000, 
0x0000, 0x0000, 0x0000, 0x0000, 0x0000, 0x0000, 0x0000, 0x0000, 
0x0000, 0x0000, 0xffff, 0x83ff, 0x83ff, 0x83ff, 0xdcff, 0x0000, 
0x0000, 0x0000, 0x0000, 0x0000, 0x0000, 0x0000, 0x0000, 0xffff, 
0xffff, 0xffff, 0x0000, 0x0000, 0x0000, 0x0000, 0x0000, 0x0000, 
0x0000, 0x0000, 0x0000, 0xffff, 0x83ff, 0x83ff, 0x83ff, 0xdcff, 
0x0000, 0x0000, 0x0000, 0x0000, 0x0000, 0x0000, 0x0000, 0x0000, 
0xffff, 0x83ff, 0x83ff, 0xdcff, 0x0000, 0x0000, 0x0000, 0x0000, 
0x0000, 0x0000, 0x0000, 0x0000, 0x0000, 0x0000, 0x0000, 0x0000, 
0x0000, 0x0000, 0x0000, 0xffff, 0x83ff, 0x83ff, 0x83ff, 0xdcff, 
0x0000, 0x0000, 0x0000, 0x0000, 0x0000, 0x0000, 0x0000, 0xffff, 
0x83ff, 0x83ff, 0x83ff, 0xdcff, 0x0000, 0x0000, 0x0000, 0x0000, 
0x0000, 0x0000, 0xffff, 0x83ff, 0x83ff, 0x83ff, 0xdcff, 0x0000, 
0x0000, 0x0000, 0x0000, 0x0000, 0x0000, 0x0000, 0x0000, 0x0000, 
0x0000, 0x0000, 0x0000, 0x0000, 0x0000, 0x0000, 0x0000, 0x0000, 
0x0000, 0x0000, 0x0000, 0x0000, 0x0000, 0x0000, 0x0000, 0x0000, 
0x0000, 0x0000, 0x0000, 0x0000, 0x0000, 0x0000, 0x0000, 0x0000, 
0x0000, 0x0000, 0x0000, 0x0000, 0x0000, 0x0000, 0x0000, 0x0000, 
0x0000, 0x0000, 0x0000, 0x0000, 0x0000, 0x0000, 0x0000, 0x0000, 
0x0000, 0x0000, 0x0000, 0x0000, 0x0000, 0x0000, 0x0000, 0x0000, 
0x0000, 0x0000, 0x0000, 0x0000, 0x0000, 0x0000, 0x0000, 0x0000, 
0x0000, 0x0000, 0x0000, 0x0000, 0x0000, 0x0000, 0x0000, 0x0000, 
0x0000, 0x0000, 0x0000, 0x0000, 0x0000, 0x0000, 0x0000, 0x0000, 
0x0000, 0x0000, 0x0000, 0x0000, 0x0000, 0x0000, 0x0000, 0x0000, 
0x0000, 0x0000, 0x0000, 0x0000, 0x0000, 0x0000, 0x0000, 0x0000, 
0x0000, 0x0000, 0x0000, 0x0000, 0x0000, 0x0000, 0x0000, 0x0000, 
0x0000, 0x0000, 0x0000, 0x0000, 0x0000, 0x0000, 0x0000, 0x0000, 
0x0000, 0x0000, 0x0000, 0x0000, 0x0000, 0x0000, 0x0000, 0x0000, 
0x0000, 0x0000, 0x0000, 0x0000, 0x0000, 0x0000, 0x0000, 0x0000, 
0x0000, 0x0000, 0x0000, 0x0000, 0x0000, 0x0000, 0x0000, 0x0000, 
0x0000, 0x0000, 0xffff, 0x83ff, 0x83ff, 0x83ff, 0xdcff, 0x0000, 
0x0000, 0x0000, 0x0000, 0x0000, 0x0000, 0x0000, 0xffff, 0x83ff, 
0x83ff, 0x83ff, 0xdcff, 0x0000, 0x0000, 0x0000, 0x0000, 0x0000, 
0x0000, 0x0000, 0x0000, 0xffff, 0x83ff, 0x83ff, 0x83ff, 0xdcff, 
0x0000, 0x0000, 0x0000, 0x0000, 0x0000, 0x0000, 0x0000, 0x0000, 
0xffff, 0x83ff, 0x83ff, 0x83ff, 0xffff, 0xffff, 0xffff, 0xffff, 
0xffff, 0xffff, 0xffff, 0xffff, 0x0000, 0x0000, 0x0000, 0x0000, 
0x0000, 0x0000, 0x0000, 0xffff, 0x83ff, 0x83ff, 0x83ff, 0xdcff, 
0x0000, 0x0000, 0x0000, 0x0000, 0x0000, 0x0000, 0x0000, 0xffff, 
0x83ff, 0x83ff, 0x83ff, 0xdcff, 0x0000, 0x0000, 0x0000, 0x0000, 
0x0000, 0x0000, 0xffff, 0x83ff, 0x83ff, 0x83ff, 0xdcff, 0x0000, 
0x0000, 0x0000, 0x0000, 0x0000, 0xffff, 0x0000, 0x0000, 0x0000, 
0x0000, 0x0000, 0x0000, 0x0000, 0x0000, 0x0000, 0x0000, 0x0000, 
0x0000, 0x0000, 0x0000, 0x0000, 0x0000, 0x0000, 0x0000, 0x0000, 
0x0000, 0x0000, 0x0000, 0x0000, 0x0000, 0x0000, 0x0000, 0x0000, 
0x0000, 0x0000, 0x0000, 0x0000, 0x0000, 0x0000, 0x0000, 0x0000, 
0x0000, 0x0000, 0x0000, 0x0000, 0x0000, 0x0000, 0x0000, 0x0000, 
0x0000, 0x0000, 0x0000, 0x0000, 0x0000, 0x0000, 0x0000, 0x0000, 
0x0000, 0x0000, 0x0000, 0x0000, 0x0000, 0x0000, 0x0000, 0x0000, 
0x0000, 0x0000, 0x0000, 0x0000, 0x0000, 0x0000, 0x0000, 0x0000, 
0x0000, 0x0000, 0x0000, 0x0000, 0x0000, 0x0000, 0x0000, 0x0000, 
0x0000, 0x0000, 0x0000, 0x0000, 0x0000, 0x0000, 0x0000, 0x0000, 
0x0000, 0x0000, 0x0000, 0x0000, 0x0000, 0x0000, 0x0000, 0x0000, 
0x0000, 0x0000, 0x0000, 0x0000, 0x0000, 0x0000, 0x0000, 0x0000, 
0x0000, 0x0000, 0x0000, 0x0000, 0x0000, 0x0000, 0x0000, 0x0000, 
0x0000, 0x0000, 0x0000, 0x0000, 0x0000, 0x0000, 0x0000, 0x0000, 
0x0000, 0x0000, 0x0000, 0x0000, 0x0000, 0x0000, 0x0000, 0x0000, 
0x0000, 0x0000, 0x0000, 0x0000, 0x0000, 0x0000, 0x0000, 0x0000, 
0x0000, 0x0000, 0x0000, 0xdcff, 0x83ff, 0x83ff, 0x83ff, 0xdcff, 
0xdcff, 0xdcff, 0x0000, 0x0000, 0xffff, 0xffff, 0x83ff, 0x83ff, 
0x83ff, 0x83ff, 0xdcff, 0x0000, 0x0000, 0x0000, 0x0000, 0x0000, 
0x0000, 0x0000, 0x0000, 0xffff, 0x83ff, 0x83ff, 0x83ff, 0xdcff, 
0x0000, 0x0000, 0x0000, 0x0000, 0x0000, 0x0000, 0x0000, 0x0000, 
0xffff, 0x83ff, 0x83ff, 0x83ff, 0x83ff, 0x83ff, 0x83ff, 0x83ff, 
0x83ff, 0x83ff, 0x83ff, 0x83ff, 0xdcff, 0xdcff, 0x0000, 0x0000, 
0x0000, 0x0000, 0x0000, 0xffff, 0x83ff, 0x83ff, 0x83ff, 0xdcff, 
0x0000, 0x0000, 0x0000, 0x0000, 0x0000, 0x0000, 0x0000, 0xffff, 
0x83ff, 0x83ff, 0x83ff, 0xdcff, 0x0000, 0x0000, 0x0000, 0x0000, 
0x0000, 0x0000, 0x0000, 0xdcff, 0x83ff, 0x83ff, 0x83ff, 0xffff, 
0xffff, 0x0000, 0x0000, 0xffff, 0x83ff, 0xffff, 0xffff, 0x0000, 
0x0000, 0x0000, 0x0000, 0x0000, 0x0000, 0x0000, 0x0000, 0x0000, 
0x0000, 0x0000, 0x0000, 0x0000, 0x0000, 0x0000, 0x0000, 0x0000, 
0x0000, 0x0000, 0x0000, 0x0000, 0x0000, 0x0000, 0x0000, 0x0000, 
0x0000, 0x0000, 0x0000, 0x0000, 0x0000, 0x0000, 0x0000, 0x0000, 
0x0000, 0x0000, 0x0000, 0x0000, 0x0000, 0x0000, 0x0000, 0x0000, 
0x0000, 0x0000, 0x0000, 0x0000, 0x0000, 0x0000, 0x0000, 0x0000, 
0x0000, 0x0000, 0x0000, 0x0000, 0x0000, 0x0000, 0x0000, 0x0000, 
0x0000, 0x0000, 0x0000, 0x0000, 0x0000, 0x0000, 0x0000, 0x0000, 
0x0000, 0x0000, 0x0000, 0x0000, 0x0000, 0x0000, 0x0000, 0x0000, 
0x0000, 0x0000, 0x0000, 0x0000, 0x0000, 0x0000, 0x0000, 0x0000, 
0x0000, 0x0000, 0x0000, 0x0000, 0x0000, 0x0000, 0x0000, 0x0000, 
0x0000, 0x0000, 0x0000, 0x0000, 0x0000, 0x0000, 0x0000, 0x0000, 
0x0000, 0x0000, 0x0000, 0x0000, 0x0000, 0x0000, 0x0000, 0x0000, 
0x0000, 0x0000, 0x0000, 0x0000, 0x0000, 0x0000, 0x0000, 0x0000, 
0x0000, 0x0000, 0x0000, 0x0000, 0x0000, 0x0000, 0x0000, 0x0000, 
0x0000, 0x0000, 0x0000, 0x0000, 0x0000, 0x0000, 0x0000, 0x0000, 
0x0000, 0x0000, 0x0000, 0xdcff, 0x83ff, 0x83ff, 0x83ff, 0x83ff, 
0x83ff, 0x83ff, 0xffff, 0xffff, 0x83ff, 0x83ff, 0x83ff, 0x83ff, 
0x83ff, 0xdcff, 0x0000, 0x0000, 0x0000, 0x0000, 0x0000, 0x0000, 
0x0000, 0x0000, 0x0000, 0xffff, 0x83ff, 0x83ff, 0x83ff, 0xdcff, 
0xffff, 0xffff, 0xffff, 0x0000, 0x0000, 0x0000, 0x0000, 0x0000, 
0x0000, 0xdcff, 0x83ff, 0x83ff, 0x83ff, 0x83ff, 0x83ff, 0x83ff, 
0x83ff, 0x83ff, 0x83ff, 0x83ff, 0x83ff, 0x83ff, 0xdcff, 0x0000, 
0x0000, 0x0000, 0x0000, 0xffff, 0x83ff, 0x83ff, 0x83ff, 0xdcff, 
0x0000, 0x0000, 0x0000, 0x0000, 0x0000, 0x0000, 0x0000, 0xffff, 
0x83ff, 0x83ff, 0x83ff, 0xdcff, 0x0000, 0x0000, 0x0000, 0x0000, 
0x0000, 0x0000, 0x0000, 0xdcff, 0x83ff, 0x83ff, 0x83ff, 0x83ff, 
0x83ff, 0xffff, 0xffff, 0x83ff, 0x83ff, 0x83ff, 0x83ff, 0xdcff, 
0x0000, 0x0000, 0x0000, 0x0000, 0x0000, 0x0000, 0x0000, 0x0000, 
0x0000, 0x0000, 0x0000, 0x0000, 0x0000, 0x0000, 0x0000, 0x0000, 
0x0000, 0x0000, 0x0000, 0x0000, 0x0000, 0x0000, 0x0000, 0x0000, 
0x0000, 0x0000, 0x0000, 0x0000, 0x0000, 0x0000, 0x0000, 0x0000, 
0x0000, 0x0000, 0x0000, 0x0000, 0x0000, 0x0000, 0x0000, 0x0000, 
0x0000, 0x0000, 0x0000, 0x0000, 0x0000, 0x0000, 0x0000, 0x0000, 
0x0000, 0x0000, 0x0000, 0x0000, 0x0000, 0x0000, 0x0000, 0x0000, 
0x0000, 0x0000, 0x0000, 0x0000, 0x0000, 0x0000, 0x0000, 0x0000, 
0x0000, 0x0000, 0x0000, 0x0000, 0x0000, 0x0000, 0x0000, 0x0000, 
0x0000, 0x0000, 0x0000, 0x0000, 0x0000, 0x0000, 0x0000, 0x0000, 
0x0000, 0x0000, 0x0000, 0x0000, 0x0000, 0x0000, 0x0000, 0x0000, 
0x0000, 0x0000, 0x0000, 0x0000, 0x0000, 0x0000, 0x0000, 0x0000, 
0x0000, 0x0000, 0x0000, 0x0000, 0x0000, 0x0000, 0x0000, 0x0000, 
0x0000, 0x0000, 0x0000, 0x0000, 0x0000, 0x0000, 0x0000, 0x0000, 
0x0000, 0x0000, 0x0000, 0x0000, 0x0000, 0x0000, 0x0000, 0x0000, 
0x0000, 0x0000, 0x0000, 0x0000, 0x0000, 0x0000, 0x0000, 0x0000, 
0x0000, 0x0000, 0x0000, 0x0000, 0xdcff, 0xdcff, 0x83ff, 0x83ff, 
0x83ff, 0x83ff, 0x83ff, 0x83ff, 0x83ff, 0x83ff, 0x83ff, 0x83ff, 
0xdcff, 0x0000, 0x0000, 0x0000, 0x0000, 0x0000, 0x0000, 0x0000, 
0x0000, 0x0000, 0x0000, 0xffff, 0x83ff, 0x83ff, 0x83ff, 0x83ff, 
0x83ff, 0x83ff, 0x83ff, 0xdcff, 0x0000, 0x0000, 0x0000, 0x0000, 
0x0000, 0x0000, 0xdcff, 0xdcff, 0xdcff, 0xdcff, 0xdcff, 0xdcff, 
0xdcff, 0xdcff, 0x83ff, 0x83ff, 0x83ff, 0x83ff, 0x83ff, 0xdcff, 
0x0000, 0x0000, 0x0000, 0xffff, 0x83ff, 0x83ff, 0x83ff, 0xdcff, 
0x0000, 0x0000, 0x0000, 0x0000, 0x0000, 0x0000, 0x0000, 0xffff, 
0x83ff, 0x83ff, 0x83ff, 0xdcff, 0x0000, 0x0000, 0x0000, 0x0000, 
0x0000, 0x0000, 0x0000, 0x0000, 0xdcff, 0x83ff, 0x83ff, 0x83ff, 
0x83ff, 0x83ff, 0x83ff, 0x83ff, 0x83ff, 0x83ff, 0xdcff, 0x0000, 
0x0000, 0x0000, 0x0000, 0x0000, 0x0000, 0x0000, 0x0000, 0x0000, 
0x0000, 0x0000, 0x0000, 0x0000, 0x0000, 0x0000, 0x0000, 0x0000, 
0x0000, 0x0000, 0x0000, 0x0000, 0x0000, 0x0000, 0x0000, 0x0000, 
0x0000, 0x0000, 0x0000, 0x0000, 0x0000, 0x0000, 0x0000, 0x0000, 
0x0000, 0x0000, 0x0000, 0x0000, 0x0000, 0x0000, 0x0000, 0x0000, 
0x0000, 0x0000, 0x0000, 0x0000, 0x0000, 0x0000, 0x0000, 0x0000, 
0x0000, 0x0000, 0x0000, 0x0000, 0x0000, 0x0000, 0x0000, 0x0000, 
0x0000, 0x0000, 0x0000, 0x0000, 0x0000, 0x0000, 0x0000, 0x0000, 
0x0000, 0x0000, 0x0000, 0x0000, 0x0000, 0x0000, 0x0000, 0x0000, 
0x0000, 0x0000, 0x0000, 0x0000, 0x0000, 0x0000, 0x0000, 0x0000, 
0x0000, 0x0000, 0x0000, 0x0000, 0x0000, 0x0000, 0x0000, 0x0000, 
0x0000, 0x0000, 0x0000, 0x0000, 0x0000, 0x0000, 0x0000, 0x0000, 
0x0000, 0x0000, 0x0000, 0x0000, 0x0000, 0x0000, 0x0000, 0x0000, 
0x0000, 0x0000, 0x0000, 0x0000, 0x0000, 0x0000, 0x0000, 0x0000, 
0x0000, 0x0000, 0x0000, 0x0000, 0x0000, 0x0000, 0x0000, 0x0000, 
0x0000, 0x0000, 0x0000, 0x0000, 0x0000, 0x0000, 0x0000, 0x0000, 
0x0000, 0x0000, 0x0000, 0x0000, 0x0000, 0x0000, 0xdcff, 0x83ff, 
0x83ff, 0x83ff, 0x83ff, 0x83ff, 0x83ff, 0x83ff, 0xdcff, 0xdcff, 
0x0000, 0x0000, 0x0000, 0x0000, 0x0000, 0x0000, 0x0000, 0x0000, 
0x0000, 0x0000, 0x0000, 0xffff, 0x83ff, 0x83ff, 0x83ff, 0x83ff, 
0x83ff, 0x83ff, 0x83ff, 0xdcff, 0x0000, 0x0000, 0x0000, 0x0000, 
0x0000, 0xffff, 0x0000, 0x0000, 0x0000, 0x0000, 0x0000, 0x0000, 
0x0000, 0x0000, 0xdcff, 0xdcff, 0x83ff, 0x83ff, 0x83ff, 0xdcff, 
0x0000, 0x0000, 0x0000, 0xffff, 0x83ff, 0x83ff, 0x83ff, 0xdcff, 
0x0000, 0x0000, 0x0000, 0x0000, 0x0000, 0x0000, 0x0000, 0xffff, 
0x83ff, 0x83ff, 0x83ff, 0xdcff, 0x0000, 0x0000, 0x0000, 0x0000, 
0x0000, 0x0000, 0x0000, 0x0000, 0x0000, 0xdcff, 0xdcff, 0x83ff, 
0x83ff, 0x83ff, 0x83ff, 0x83ff, 0xdcff, 0xdcff, 0x0000, 0x0000, 
0x0000, 0x0000, 0x0000, 0x0000, 0x0000, 0x0000, 0x0000, 0x0000, 
0x0000, 0x0000, 0x0000, 0x0000, 0x0000, 0x0000, 0x0000, 0x0000, 
0x0000, 0x0000, 0x0000, 0x0000, 0x0000, 0x0000, 0x0000, 0x0000, 
0x0000, 0x0000, 0x0000, 0x0000, 0x0000, 0x0000, 0x0000, 0x0000, 
0x0000, 0x0000, 0x0000, 0x0000, 0x0000, 0x0000, 0x0000, 0x0000, 
0x0000, 0x0000, 0x0000, 0x0000, 0x0000, 0x0000, 0x0000, 0x0000, 
0x0000, 0x0000, 0x0000, 0x0000, 0x0000, 0x0000, 0x0000, 0x0000, 
0x0000, 0x0000, 0x0000, 0x0000, 0x0000, 0x0000, 0x0000, 0x0000, 
0x0000, 0x0000, 0x0000, 0x0000, 0x0000, 0x0000, 0x0000, 0x0000, 
0x0000, 0x0000, 0x0000, 0x0000, 0x0000, 0x0000, 0x0000, 0x0000, 
0x0000, 0x0000, 0x0000, 0x0000, 0x0000, 0x0000, 0x0000, 0x0000, 
0x0000, 0x0000, 0x0000, 0x0000, 0x0000, 0x0000, 0x0000, 0x0000, 
0x0000, 0x0000, 0x0000, 0x0000, 0x0000, 0x0000, 0x0000, 0x0000, 
0x0000, 0x0000, 0x0000, 0x0000, 0x0000, 0x0000, 0x0000, 0x0000, 
0x0000, 0x0000, 0x0000, 0x0000, 0x0000, 0x0000, 0x0000, 0x0000, 
0x0000, 0x0000, 0x0000, 0x0000, 0x0000, 0x0000, 0x0000, 0x0000, 
0x0000, 0x0000, 0x0000, 0x0000, 0x0000, 0x0000, 0x0000, 0xdcff, 
0xdcff, 0xdcff, 0xdcff, 0xdcff, 0xdcff, 0xdcff, 0x0000, 0x0000, 
0x0000, 0x0000, 0x0000, 0x0000, 0x0000, 0x0000, 0x0000, 0x0000, 
0x0000, 0x0000, 0x0000, 0x0000, 0xdcff, 0xdcff, 0xdcff, 0xdcff, 
0xdcff, 0xdcff, 0xdcff, 0x0000, 0x0000, 0x0000, 0x0000, 0x0000, 
0xffff, 0x83ff, 0xdcff, 0x0000, 0x0000, 0x0000, 0x0000, 0x0000, 
0x0000, 0x0000, 0x0000, 0x0000, 0xffff, 0x83ff, 0x83ff, 0xdcff, 
0x0000, 0x0000, 0x0000, 0x0000, 0xdcff, 0xdcff, 0xdcff, 0x0000, 
0x0000, 0x0000, 0x0000, 0x0000, 0x0000, 0x0000, 0x0000, 0x0000, 
0xdcff, 0xdcff, 0xdcff, 0x0000, 0x0000, 0x0000, 0x0000, 0x0000, 
0x0000, 0x0000, 0x0000, 0x0000, 0x0000, 0x0000, 0x0000, 0xdcff, 
0xdcff, 0xdcff, 0xdcff, 0xdcff, 0x0000, 0x0000, 0x0000, 0x0000, 
0x0000, 0x0000, 0x0000, 0x0000, 0x0000, 0x0000, 0x0000, 0x0000, 
0x0000, 0x0000, 0x0000, 0x0000, 0x0000, 0x0000, 0x0000, 0x0000, 
0x0000, 0x0000, 0x0000, 0x0000, 0x0000, 0x0000, 0x0000, 0x0000, 
0x0000, 0x0000, 0x0000, 0x0000, 0x0000, 0x0000, 0x0000, 0x0000, 
0x0000, 0x0000, 0x0000, 0x0000, 0x0000, 0x0000, 0x0000, 0x0000, 
0x0000, 0x0000, 0x0000, 0x0000, 0x0000, 0x0000, 0x0000, 0x0000, 
0x0000, 0x0000, 0x0000, 0x0000, 0x0000, 0x0000, 0x0000, 0x0000, 
0x0000, 0x0000, 0x0000, 0x0000, 0x0000, 0x0000, 0x0000, 0x0000, 
0x0000, 0x0000, 0x0000, 0x0000, 0x0000, 0x0000, 0x0000, 0x0000, 
0x0000, 0x0000, 0x0000, 0x0000, 0x0000, 0x0000, 0x0000, 0x0000, 
0x0000, 0x0000, 0x0000, 0x0000, 0x0000, 0x0000, 0x0000, 0x0000, 
0x0000, 0x0000, 0x0000, 0x0000, 0x0000, 0x0000, 0x0000, 0x0000, 
0x0000, 0x0000, 0x0000, 0x0000, 0x0000, 0x0000, 0x0000, 0x0000, 
0x0000, 0x0000, 0x0000, 0x0000, 0x0000, 0x0000, 0x0000, 0x0000, 
0x0000, 0x0000, 0x0000, 0x0000, 0x0000, 0x0000, 0x0000, 0x0000, 
0x0000, 0x0000, 0x0000, 0x0000, 0x0000, 0x0000, 0x0000, 0x0000, 
0x0000, 0x0000, 0x0000, 0x0000, 0x0000, 0x0000, 0x0000, 0x0000, 
0x0000, 0x0000, 0x0000, 0x0000, 0x0000, 0x0000, 0x0000, 0x0000, 
0x0000, 0x0000, 0x0000, 0x0000, 0x0000, 0x0000, 0x0000, 0x0000, 
0x0000, 0x0000, 0x0000, 0x0000, 0x0000, 0x0000, 0x0000, 0x0000, 
0x0000, 0x0000, 0x0000, 0x0000, 0x0000, 0x0000, 0x0000, 0xffff, 
0x83ff, 0x83ff, 0x83ff, 0xdcff, 0x0000, 0x0000, 0x0000, 0x0000, 
0x0000, 0x0000, 0x0000, 0x0000, 0xffff, 0x83ff, 0x83ff, 0xdcff, 
0x0000, 0x0000, 0x0000, 0x0000, 0x0000, 0x0000, 0x0000, 0x0000, 
0x0000, 0x0000, 0x0000, 0x0000, 0x0000, 0x0000, 0x0000, 0x0000, 
0x0000, 0x0000, 0x0000, 0x0000, 0x0000, 0x0000, 0x0000, 0x0000, 
0x0000, 0x0000, 0x0000, 0x0000, 0x0000, 0x0000, 0x0000, 0x0000, 
0x0000, 0x0000, 0x0000, 0x0000, 0x0000, 0x0000, 0x0000, 0x0000, 
0x0000, 0x0000, 0x0000, 0x0000, 0x0000, 0x0000, 0x0000, 0x0000, 
0x0000, 0x0000, 0x0000, 0x0000, 0x0000, 0x0000, 0x0000, 0x0000, 
0x0000, 0x0000, 0x0000, 0x0000, 0x0000, 0x0000, 0x0000, 0x0000, 
0x0000, 0x0000, 0x0000, 0x0000, 0x0000, 0x0000, 0x0000, 0x0000, 
0x0000, 0x0000, 0x0000, 0x0000, 0x0000, 0x0000, 0x0000, 0x0000, 
0x0000, 0x0000, 0x0000, 0x0000, 0x0000, 0x0000, 0x0000, 0x0000, 
0x0000, 0x0000, 0x0000, 0x0000, 0x0000, 0x0000, 0x0000, 0x0000, 
0x0000, 0x0000, 0x0000, 0x0000, 0x0000, 0x0000, 0x0000, 0x0000, 
0x0000, 0x0000, 0x0000, 0x0000, 0x0000, 0x0000, 0x0000, 0x0000, 
0x0000, 0x0000, 0x0000, 0x0000, 0x0000, 0x0000, 0x0000, 0x0000, 
0x0000, 0x0000, 0x0000, 0x0000, 0x0000, 0x0000, 0x0000, 0x0000, 
0x0000, 0x0000, 0x0000, 0x0000, 0x0000, 0x0000, 0x0000, 0x0000, 
0x0000, 0x0000, 0x0000, 0x0000, 0x0000, 0x0000, 0x0000, 0x0000, 
0x0000, 0x0000, 0x0000, 0x0000, 0x0000, 0x0000, 0x0000, 0x0000, 
0x0000, 0x0000, 0x0000, 0x0000, 0x0000, 0x0000, 0x0000, 0x0000, 
0x0000, 0x0000, 0x0000, 0x0000, 0x0000, 0x0000, 0x0000, 0x0000, 
0x0000, 0x0000, 0x0000, 0x0000, 0x0000, 0x0000, 0x0000, 0x0000, 
0x0000, 0x0000, 0x0000, 0x0000, 0x0000, 0x0000, 0x0000, 0x0000, 
0x0000, 0x0000, 0x0000, 0x0000, 0x0000, 0x0000, 0x0000, 0x0000, 
0x0000, 0x0000, 0x0000, 0x0000, 0x0000, 0x0000, 0x0000, 0x0000, 
0x0000, 0x0000, 0x0000, 0x0000, 0x0000, 0x0000, 0x0000, 0xffff, 
0x83ff, 0x83ff, 0x83ff, 0x83ff, 0xdcff, 0xdcff, 0x0000, 0x0000, 
0x0000, 0xffff, 0xffff, 0xffff, 0x83ff, 0x83ff, 0x83ff, 0xdcff, 
0x0000, 0x0000, 0x0000, 0x0000, 0x0000, 0x0000, 0x0000, 0x0000, 
0x0000, 0x0000, 0x0000, 0x0000, 0x0000, 0x0000, 0x0000, 0x0000, 
0x0000, 0x0000, 0x0000, 0x0000, 0x0000, 0x0000, 0x0000, 0x0000, 
0x0000, 0x0000, 0x0000, 0x0000, 0x0000, 0x0000, 0x0000, 0x0000, 
0x0000, 0x0000, 0x0000, 0x0000, 0x0000, 0x0000, 0x0000, 0x0000, 
0x0000, 0x0000, 0x0000, 0x0000, 0x0000, 0x0000, 0x0000, 0x0000, 
0x0000, 0x0000, 0x0000, 0x0000, 0x0000, 0x0000, 0x0000, 0x0000, 
0x0000, 0x0000, 0x0000, 0x0000, 0x0000, 0x0000, 0x0000, 0x0000, 
0x0000, 0x0000, 0x0000, 0x0000, 0x0000, 0x0000, 0x0000, 0x0000, 
0x0000, 0x0000, 0x0000, 0x0000, 0x0000, 0x0000, 0x0000, 0x0000, 
0x0000, 0x0000, 0x0000, 0x0000, 0x0000, 0x0000, 0x0000, 0x0000, 
0x0000, 0x0000, 0x0000, 0x0000, 0x0000, 0x0000, 0x0000, 0x0000, 
0x0000, 0x0000, 0x0000, 0x0000, 0x0000, 0x0000, 0x0000, 0x0000, 
0x0000, 0x0000, 0x0000, 0x0000, 0x0000, 0x0000, 0x0000, 0x0000, 
0x0000, 0x0000, 0x0000, 0x0000, 0x0000, 0x0000, 0x0000, 0x0000, 
0x0000, 0x0000, 0x0000, 0x0000, 0x0000, 0x0000, 0x0000, 0x0000, 
0x0000, 0x0000, 0x0000, 0x0000, 0x0000, 0x0000, 0x0000, 0x0000, 
0x0000, 0x0000, 0x0000, 0x0000, 0x0000, 0x0000, 0x0000, 0x0000, 
0x0000, 0x0000, 0x0000, 0x0000, 0x0000, 0x0000, 0x0000, 0x0000, 
0x0000, 0x0000, 0x0000, 0x0000, 0x0000, 0x0000, 0x0000, 0x0000, 
0x0000, 0x0000, 0x0000, 0x0000, 0x0000, 0x0000, 0x0000, 0x0000, 
0x0000, 0x0000, 0x0000, 0x0000, 0x0000, 0x0000, 0x0000, 0x0000, 
0x0000, 0x0000, 0x0000, 0x0000, 0x0000, 0x0000, 0x0000, 0x0000, 
0x0000, 0x0000, 0x0000, 0x0000, 0x0000, 0x0000, 0x0000, 0x0000, 
0x0000, 0x0000, 0x0000, 0x0000, 0x0000, 0x0000, 0x0000, 0x0000, 
0x0000, 0x0000, 0x0000, 0x0000, 0x0000, 0x0000, 0x0000, 0x0000, 
0xdcff, 0x83ff, 0x83ff, 0x83ff, 0x83ff, 0x83ff, 0xffff, 0xffff, 
0xffff, 0x83ff, 0x83ff, 0x83ff, 0x83ff, 0x83ff, 0xdcff, 0x0000, 
0x0000, 0x0000, 0x0000, 0x0000, 0x0000, 0x0000, 0x0000, 0x0000, 
0x0000, 0x0000, 0x0000, 0x0000, 0x0000, 0x0000, 0x0000, 0x0000, 
0x0000, 0x0000, 0x0000, 0x0000, 0x0000, 0x0000, 0x0000, 0x0000, 
0x0000, 0x0000, 0x0000, 0x0000, 0x0000, 0x0000, 0x0000, 0x0000, 
0x0000, 0x0000, 0x0000, 0x0000, 0x0000, 0x0000, 0x0000, 0x0000, 
0x0000, 0x0000, 0x0000, 0x0000, 0x0000, 0x0000, 0x0000, 0x0000, 
0x0000, 0x0000, 0x0000, 0x0000, 0x0000, 0x0000, 0x0000, 0x0000, 
0x0000, 0x0000, 0x0000, 0x0000, 0x0000, 0x0000, 0x0000, 0x0000, 
0x0000, 0x0000, 0x0000, 0x0000, 0x0000, 0x0000, 0x0000, 0x0000, 
0x0000, 0x0000, 0x0000, 0x0000, 0x0000, 0x0000, 0x0000, 0x0000, 
0x0000, 0x0000, 0x0000, 0x0000, 0x0000, 0x0000, 0x0000, 0x0000, 
0x0000, 0x0000, 0x0000, 0x0000, 0x0000, 0x0000, 0x0000, 0x0000, 
0x0000, 0x0000, 0x0000, 0x0000, 0x0000, 0x0000, 0x0000, 0x0000, 
0x0000, 0x0000, 0x0000, 0x0000, 0x0000, 0x0000, 0x0000, 0x0000, 
0x0000, 0x0000, 0x0000, 0x0000, 0x0000, 0x0000, 0x0000, 0x0000, 
0x0000, 0x0000, 0x0000, 0x0000, 0x0000, 0x0000, 0x0000, 0x0000, 
0x0000, 0x0000, 0x0000, 0x0000, 0x0000, 0x0000, 0x0000, 0x0000, 
0x0000, 0x0000, 0x0000, 0x0000, 0x0000, 0x0000, 0x0000, 0x0000, 
0x0000, 0x0000, 0x0000, 0x0000, 0x0000, 0x0000, 0x0000, 0x0000, 
0x0000, 0x0000, 0x0000, 0x0000, 0x0000, 0x0000, 0x0000, 0x0000, 
0x0000, 0x0000, 0x0000, 0x0000, 0x0000, 0x0000, 0x0000, 0x0000, 
0x0000, 0x0000, 0x0000, 0x0000, 0x0000, 0x0000, 0x0000, 0x0000, 
0x0000, 0x0000, 0x0000, 0x0000, 0x0000, 0x0000, 0x0000, 0x0000, 
0x0000, 0x0000, 0x0000, 0x0000, 0x0000, 0x0000, 0x0000, 0x0000, 
0x0000, 0x0000, 0x0000, 0x0000, 0x0000, 0x0000, 0x0000, 0x0000, 
0x0000, 0x0000, 0x0000, 0x0000, 0x0000, 0x0000, 0x0000, 0x0000, 
0x0000, 0xdcff, 0x83ff, 0x83ff, 0x83ff, 0x83ff, 0x83ff, 0x83ff, 
0x83ff, 0x83ff, 0x83ff, 0x83ff, 0x83ff, 0xdcff, 0x0000, 0x0000, 
0x0000, 0x0000, 0x0000, 0x0000, 0x0000, 0x0000, 0x0000, 0x0000, 
0x0000, 0x0000, 0x0000, 0x0000, 0x0000, 0x0000, 0x0000, 0x0000, 
0x0000, 0x0000, 0x0000, 0x0000, 0x0000, 0x0000, 0x0000, 0x0000, 
0x0000, 0x0000, 0x0000, 0x0000, 0x0000, 0x0000, 0x0000, 0x0000, 
0x0000, 0x0000, 0x0000, 0x0000, 0x0000, 0x0000, 0x0000, 0x0000, 
0x0000, 0x0000, 0x0000, 0x0000, 0x0000, 0x0000, 0x0000, 0x0000, 
0x0000, 0x0000, 0x0000, 0x0000, 0x0000, 0x0000, 0x0000, 0x0000, 
0x0000, 0x0000, 0x0000, 0x0000, 0x0000, 0x0000, 0x0000, 0x0000, 
0x0000, 0x0000, 0x0000, 0x0000, 0x0000, 0x0000, 0x0000, 0x0000, 
0x0000, 0x0000, 0x0000, 0x0000, 0x0000, 0x0000, 0x0000, 0x0000, 
0x0000, 0x0000, 0x0000, 0x0000, 0x0000, 0x0000, 0x0000, 0x0000, 
0x0000, 0x0000, 0x0000, 0x0000, 0x0000, 0x0000, 0x0000, 0x0000, 
0x0000, 0x0000, 0x0000, 0x0000, 0x0000, 0x0000, 0x0000, 0x0000, 
0x0000, 0x0000, 0x0000, 0x0000, 0x0000, 0x0000, 0x0000, 0x0000, 
0x0000, 0x0000, 0x0000, 0x0000, 0x0000, 0x0000, 0x0000, 0x0000, 
0x0000, 0x0000, 0x0000, 0x0000, 0x0000, 0x0000, 0x0000, 0x0000, 
0x0000, 0x0000, 0x0000, 0x0000, 0x0000, 0x0000, 0x0000, 0x0000, 
0x0000, 0x0000, 0x0000, 0x0000, 0x0000, 0x0000, 0x0000, 0x0000, 
0x0000, 0x0000, 0x0000, 0x0000, 0x0000, 0x0000, 0x0000, 0x0000, 
0x0000, 0x0000, 0x0000, 0x0000, 0x0000, 0x0000, 0x0000, 0x0000, 
0x0000, 0x0000, 0x0000, 0x0000, 0x0000, 0x0000, 0x0000, 0x0000, 
0x0000, 0x0000, 0x0000, 0x0000, 0x0000, 0x0000, 0x0000, 0x0000, 
0x0000, 0x0000, 0x0000, 0x0000, 0x0000, 0x0000, 0x0000, 0x0000, 
0x0000, 0x0000, 0x0000, 0x0000, 0x0000, 0x0000, 0x0000, 0x0000, 
0x0000, 0x0000, 0x0000, 0x0000, 0x0000, 0x0000, 0x0000, 0x0000, 
0x0000, 0x0000, 0x0000, 0x0000, 0x0000, 0x0000, 0x0000, 0x0000, 
0x0000, 0x0000, 0xdcff, 0xdcff, 0x83ff, 0x83ff, 0x83ff, 0x83ff, 
0x83ff, 0x83ff, 0x83ff, 0xdcff, 0xdcff, 0x0000, 0x0000, 0x0000, 
0x0000, 0x0000, 0x0000, 0x0000, 0x0000, 0x0000, 0x0000, 0x0000, 
0x0000, 0x0000, 0x0000, 0x0000, 0x0000, 0x0000, 0x0000, 0x0000, 
0x0000, 0x0000, 0x0000, 0x0000, 0x0000, 0x0000, 0x0000, 0x0000, 
0x0000, 0x0000, 0x0000, 0x0000, 0x0000, 0x0000, 0x0000, 0x0000, 
0x0000, 0x0000, 0x0000, 0x0000, 0x0000, 0x0000, 0x0000, 0x0000, 
0x0000, 0x0000, 0x0000, 0x0000, 0x0000, 0x0000, 0x0000, 0x0000, 
0x0000, 0x0000, 0x0000, 0x0000, 0x0000, 0x0000, 0x0000, 0x0000, 
0x0000, 0x0000, 0x0000, 0x0000, 0x0000, 0x0000, 0x0000, 0x0000, 
0x0000, 0x0000, 0x0000, 0x0000, 0x0000, 0x0000, 0x0000, 0x0000, 
0x0000, 0x0000, 0x0000, 0x0000, 0x0000, 0x0000, 0x0000, 0x0000, 
0x0000, 0x0000, 0x0000, 0x0000, 0x0000, 0x0000, 0x0000, 0x0000, 
0x0000, 0x0000, 0x0000, 0x0000, 0x0000, 0x0000, 0x0000, 0x0000, 
0x0000, 0x0000, 0x0000, 0x0000, 0x0000, 0x0000, 0x0000, 0x0000, 
0x0000, 0x0000, 0x0000, 0x0000, 0x0000, 0x0000, 0x0000, 0x0000, 
0x0000, 0x0000, 0x0000, 0x0000, 0x0000, 0x0000, 0x0000, 0x0000, 
0x0000, 0x0000, 0x0000, 0x0000, 0x0000, 0x0000, 0x0000, 0x0000, 
0x0000, 0x0000, 0x0000, 0x0000, 0x0000, 0x0000, 0x0000, 0x0000, 
0x0000, 0x0000, 0x0000, 0x0000, 0x0000, 0x0000, 0x0000, 0x0000, 
0x0000, 0x0000, 0x0000, 0x0000, 0x0000, 0x0000, 0x0000, 0x0000, 
0x0000, 0x0000, 0x0000, 0x0000, 0x0000, 0x0000, 0x0000, 0x0000, 
0x0000, 0x0000, 0x0000, 0x0000, 0x0000, 0x0000, 0x0000, 0x0000, 
0x0000, 0x0000, 0x0000, 0x0000, 0x0000, 0x0000, 0x0000, 0x0000, 
0x0000, 0x0000, 0x0000, 0x0000, 0x0000, 0x0000, 0x0000, 0x0000, 
0x0000, 0x0000, 0x0000, 0x0000, 0x0000, 0x0000, 0x0000, 0x0000, 
0x0000, 0x0000, 0x0000, 0x0000, 0x0000, 0x0000, 0x0000, 0x0000, 
0x0000, 0x0000, 0x0000, 0x0000, 0x0000, 0x0000, 0x0000, 0x0000, 
0x0000, 0x0000, 0x0000, 0x0000, 0xdcff, 0xdcff, 0xdcff, 0xdcff, 
0xdcff, 0xdcff, 0xdcff, 0x0000, 0x0000, 0x0000, 0x0000, 0x0000, 
0x0000, 0x0000, 0x0000, 0x0000, 0x0000, 0x0000, 0x0000, 0x0000, 
0x0000, 0x0000, 0x0000, 0x0000, 0x0000, 0x0000, 0x0000, 0x0000, 
0x0000, 0x0000, 0x0000, 0x0000, 0x0000, 0x0000, 0x0000, 0x0000, 
0x0000, 0x0000, 0x0000, 0x0000, 0x0000, 0x0000, 0x0000, 0x0000, 
0x0000, 0x0000, 0x0000, 0x0000, 0x0000, 0x0000, 0x0000, 0x0000, 
0x0000, 0x0000, 0x0000, 0x0000, 0x0000, 0x0000, 0x0000, 0x0000, 
0x0000, 0x0000, 0x0000, 0x0000, 0x0000, 0x0000, 0x0000, 0x0000, 
0x0000, 0x0000, 0x0000, 0x0000, 0x0000, 0x0000, 0x0000, 0x0000, 
0x0000, 0x0000, 0x0000, 0x0000, 0x0000, 0x0000, 0x0000, 0x0000, 
0x0000, 0x0000, 0x0000, 0x0000, 0x0000, 0x0000, 0x0000, 0x0000, 
0x0000, 0x0000, 0x0000, 0x0000, 0x0000, 0x0000, 0x0000, 0x0000, 
0x0000, 0x0000, 0x0000, 0x0000, 0x0000, 0x0000, 0x0000, 0x0000, 
0x0000, 0x0000, 0x0000, 0x0000, 0x0000, 0x0000, 0x0000, 0x0000, 
0x0000, 0x0000, 0x0000, 0x0000, 0x0000, 0x0000, 0x0000, 0x0000, 
0x0000, 0x0000, 0x0000, 0x0000, 0x0000, 0x0000, 0x0000, 0x0000, 
0x0000, 0x0000, 0x0000, 0x0000, 0x0000, 0x0000, 0x0000, 0x0000, 
0x0000, 0x0000, 0x0000, 0x0000, 0x0000, 0x0000, 0x0000, 0x0000, 
0x0000, 0x0000, 0x0000, 0x0000, 0x0000, 0x0000, 0x0000, 0x0000, 
0x0000, 0x0000, 0x0000, 0x0000, 0x0000, 0x0000, 0x0000, 0x0000, 
0x0000, 0x0000, 0x0000, 0x0000, 0x0000, 0x0000, 0x0000, 0x0000, 
0x0000, 0x0000, 0x0000, 0x0000, 0x0000, 0x0000, 0x0000, 0x0000, 
0x0000, 0x0000, 0x0000, 0x0000, 0x0000, 0x0000, 0x0000, 0x0000, 
0x0000, 0x0000, 0x0000, 0x0000, 0x0000, 0x0000, 0x0000, 0x0000, 
0x0000, 0x0000, 0x0000, 0x0000, 0x0000, 0x0000, 0x0000, 0x0000, 
0x0000, 0x0000, 0x0000, 0x0000, 0x0000, 0x0000, 0x0000, 0x0000, 
0x0000, 0x0000, 0x0000, 0x0000, 0x0000, 0x0000, 0x0000, 0x0000, 
0x0000, 0x0000, 0x0000, 0x0000, 0x0000, 0x0000, 0x0000, 0x0000, 
0x0000, 0x0000, 0x0000, 0x0000, 0x0000, 0x0000, 0x0000, 0x0000, 
0x0000, 0x0000, 0x0000, 0x0000, 0x0000, 0x0000, 0x0000, 0x0000, 
0x0000, 0x0000, 0x0000, 0x0000, 0x0000, 0x0000, 0x0000, 0x0000, 
0x0000, 0x0000, 0x0000, 0x0000, 0x0000, 0x0000, 0x0000, 0x0000, 
0x0000, 0x0000, 0x0000, 0x0000, 0x0000, 0x0000, 0x0000, 0x0000, 
0x0000, 0x0000, 0x0000, 0x0000, 0x0000, 0x0000, 0x0000, 0x0000, 
0x0000, 0x0000, 0x0000, 0x0000, 0x0000, 0x0000, 0x0000, 0x0000, 
0x0000, 0x0000, 0x0000, 0x0000, 0x0000, 0x0000, 0x0000, 0x0000, 
0x0000, 0x0000, 0x0000, 0x0000, 0x0000, 0x0000, 0x0000, 0x0000, 
0x0000, 0x0000, 0x0000, 0x0000, 0x0000, 0x0000, 0x0000, 0x0000, 
0x0000, 0x0000, 0x0000, 0x0000, 0x0000, 0x0000, 0x0000, 0x0000, 
0x0000, 0x0000, 0x0000, 0x0000, 0x0000, 0x0000, 0x0000, 0x0000, 
0x0000, 0x0000, 0x0000, 0x0000, 0x0000, 0x0000, 0x0000, 0x0000, 
0x0000, 0x0000, 0x0000, 0x0000, 0x0000, 0x0000, 0x0000, 0x0000, 
0x0000, 0x0000, 0x0000, 0x0000, 0x0000, 0x0000, 0x0000, 0x0000, 
0x0000, 0x0000, 0x0000, 0x0000, 0x0000, 0x0000, 0x0000, 0x0000, 
0x0000, 0x0000, 0x0000, 0x0000, 0x0000, 0x0000, 0x0000, 0x0000, 
0x0000, 0x0000, 0x0000, 0x0000, 0x0000, 0x0000, 0x0000, 0x0000, 
0x0000, 0x0000, 0x0000, 0x0000, 0x0000, 0x0000, 0x0000, 0x0000, 
0x0000, 0x0000, 0x0000, 0x0000, 0x0000, 0x0000, 0x0000, 0x0000, 
0x0000, 0x0000, 0x0000, 0x0000, 0x0000, 0x0000, 0x0000, 0x0000, 
0x0000, 0x0000, 0x0000, 0x0000, 0x0000, 0x0000, 0x0000, 0x0000, 
0x0000, 0x0000, 0x0000, 0x0000, 0x0000, 0x0000, 0x0000, 0x0000, 
0x0000, 0x0000, 0x0000, 0x0000, 0x0000, 0x0000, 0x0000, 0x0000, 
0x0000, 0x0000, 0x0000, 0x0000, 0x0000, 0x0000, 0x0000, 0x0000, 
0x0000, 0x0000, 0x0000, 0x0000, 0x0000, 0x0000, 0x0000, 0x0000, 
0x0000, 0x0000, 0x0000, 0x0000, 0x0000, 0x0000, 0x0000, 0x0000, 
0x0000, 0x0000, 0x0000, 0x0000, 0x0000, 0x0000, 0x0000, 0x0000, 
0x0000, 0x0000, 0x0000, 0x0000, 0x0000, 0x0000, 0x0000, 0x0000, 
0x0000, 0x0000, 0x0000, 0x0000, 0x0000, 0x0000, 0x0000, 0x0000, 
0x0000, 0x0000, 0x0000, 0x0000, 0x0000, 0x0000, 0x0000, 0x0000, 
0x0000, 0x0000, 0x0000, 0x0000, 0x0000, 0x0000, 0x0000, 0x0000, 
0x0000, 0x0000, 0x0000, 0x0000, 0x0000, 0x0000, 0x0000, 0x0000, 
0x0000, 0x0000, 0x0000, 0x0000, 0x0000, 0x0000, 0x0000, 0x0000, 
0x0000, 0x0000, 0x0000, 0x0000, 0x0000, 0x0000, 0x0000, 0x0000, 
0x0000, 0x0000, 0x0000, 0x0000, 0x0000, 0x0000, 0x0000, 0x0000, 
0x0000, 0x0000, 0x0000, 0x0000, 0x0000, 0x0000, 0x0000, 0x0000, 
0x0000, 0x0000, 0x0000, 0x0000, 0x0000, 0x0000, 0x0000, 0x0000, 
0x0000, 0x0000, 0x0000, 0x0000, 0x0000, 0x0000, 0x0000, 0x0000, 
0x0000, 0x0000, 0x0000, 0x0000, 0x0000, 0x0000, 0x0000, 0x0000, 
0x0000, 0x0000, 0x0000, 0x0000, 0x0000, 0x0000, 0x0000, 0x0000, 
0x0000, 0x0000, 0x0000, 0x0000, 0x0000, 0x0000, 0x0000, 0x0000, 
0x0000, 0x0000, 0x0000, 0x0000, 0x0000, 0x0000, 0x0000, 0x0000, 
0x0000, 0x0000, 0x0000, 0x0000, 0x0000, 0x0000, 0x0000, 0x0000, 
0x0000, 0x0000, 0x0000, 0x0000, 0x0000, 0x0000, 0x0000, 0x0000, 
0x0000, 0x0000, 0x0000, 0x0000, 0x0000, 0x0000, 0x0000, 0x0000, 
0x0000, 0x0000, 0x0000, 0x0000, 0x0000, 0x0000, 0x0000, 0x0000, 
0x0000, 0x0000, 0x0000, 0x0000, 0x0000, 0x0000, 0x0000, 0x0000, 
0x0000, 0x0000, 0x0000, 0x0000, 0x0000, 0x0000, 0x0000, 0x0000, 
0x0000, 0x0000, 0x0000, 0x0000, 0x0000, 0x0000, 0x0000, 0x0000, 
0x0000, 0x0000, 0x0000, 0x0000, 0x0000, 0x0000, 0x0000, 0x0000, 
0x0000, 0x0000, 0x0000, 0x0000, 0x0000, 0x0000, 0x0000, 0x0000, 
0x0000, 0x0000, 0x0000, 0x0000, 0x0000, 0x0000, 0x0000, 0x0000, 
0x0000, 0x0000, 0x0000, 0x0000, 0x0000, 0x0000, 0x0000, 0x0000, 
0x0000, 0x0000, 0x0000, 0x0000, 0x0000, 0x0000, 0x0000, 0x0000, 
0x0000, 0x0000, 0x0000, 0x0000, 0x0000, 0x0000, 0x0000, 0x0000, 
0x0000, 0x0000, 0x0000, 0x0000, 0x0000, 0x0000, 0x0000, 0x0000, 
0x0000, 0x0000, 0x0000, 0x0000, 0x0000, 0x0000, 0x0000, 0x0000, 
0x0000, 0x0000, 0x0000, 0x0000, 0x0000, 0x0000, 0x0000, 0x0000, 
0x0000, 0x0000, 0x0000, 0x0000, 0x0000, 0x0000, 0x0000, 0x0000, 
0x0000, 0x0000, 0x0000, 0x0000, 0x0000, 0x0000, 0x0000, 0x0000, 
0x0000, 0x0000, 0x0000, 0x0000, 0x0000, 0x0000, 0x0000, 0x0000, 
0x0000, 0x0000, 0x0000, 0x0000, 0x0000, 0x0000, 0x0000, 0x0000, 
0x0000, 0x0000, 0x0000, 0x0000, 0x0000, 0x0000, 0x0000, 0x0000, 
0x0000, 0x0000, 0x0000, 0x0000, 0x0000, 0x0000, 0x0000, 0x0000, 
0x0000, 0x0000, 0x0000, 0x0000, 0x0000, 0x0000, 0x0000, 0x0000, 
0x0000, 0x0000, 0x0000, 0x0000, 0x0000, 0x0000, 0x0000, 0x0000, 
0x0000, 0x0000, 0x0000, 0x0000, 0x0000, 0x0000, 0x0000, 0x0000, 
0x0000, 0x0000, 0x0000, 0x0000, 0x0000, 0x0000, 0x0000, 0x0000, 
0x0000, 0x0000, 0x0000, 0x0000, 0x0000, 0x0000, 0x0000, 0x0000, 
0x0000, 0x0000, 0x0000, 0x0000, 0x0000, 0x0000, 0x0000, 0x0000, 
0x0000, 0x0000, 0x0000, 0x0000, 0x0000, 0x0000, 0x0000, 0x0000, 
0x0000, 0x0000, 0x0000, 0x0000, 0x0000, 0x0000, 0x0000, 0x0000, 
0x0000, 0x0000, 0x0000, 0x0000, 0x0000, 0x0000, 0x0000, 0x0000, 
0x0000, 0x0000, 0x0000, 0x0000, 0x0000, 0x0000, 0x0000, 0x0000, 
0x0000, 0x0000, 0x0000, 0x0000, 0x0000, 0x0000, 0x0000, 0x0000, 
0x0000, 0x0000, 0x0000, 0x0000, 0x0000, 0x0000, 0x0000, 0x0000, 
0x0000, 0x0000, 0x0000, 0x0000, 0x0000, 0x0000, 0x0000, 0x0000, 
0x0000, 0x0000, 0x0000, 0x0000, 0x0000, 0x0000, 0x0000, 0x0000, 
0x0000, 0x0000, 0x0000, 0x0000, 0x0000, 0x0000, 0x0000, 0x0000, 
0x0000, 0x0000, 0x0000, 0x0000, 0x0000, 0x0000, 0x0000, 0x0000, 
0x0000, 0x0000, 0x0000, 0x0000, 0x0000, 0x0000, 0x0000, 0x0000, 
0x0000, 0x0000, 0x0000, 0x0000, 0x0000, 0x0000, 0x0000, 0x0000, 
0x0000, 0x0000, 0x0000, 0x0000, 0x0000, 0x0000, 0x0000, 0x0000, 
0x0000, 0x0000, 0x0000, 0x0000, 0x0000, 0x0000, 0x0000, 0x0000, 
0x0000, 0x0000, 0x0000, 0x0000, 0x0000, 0x0000, 0x0000, 0x0000, 
0x0000, 0x0000, 0x0000, 0x0000, 0x0000, 0x0000, 0x0000, 0x0000, 
0x0000, 0x0000, 0x0000, 0x0000, 0x0000, 0x0000, 0x0000, 0x0000, 
0x0000, 0x0000, 0x0000, 0x0000, 0x0000, 0x0000, 0x0000, 0x0000, 
0x0000, 0x0000, 0x0000, 0x0000, 0x0000, 0x0000, 0x0000, 0x0000, 
0x0000, 0x0000, 0x0000, 0x0000, 0x0000, 0x0000, 0x0000, 0x0000, 
0x0000, 0x0000, 0x0000, 0x0000, 0x0000, 0x0000, 0x0000, 0x0000, 
0x0000, 0x0000, 0x0000, 0x0000, 0x0000, 0x0000, 0x0000, 0x0000, 
0x0000, 0x0000, 0x0000, 0x0000, 0x0000, 0x0000, 0x0000, 0x0000, 
0x0000, 0x0000, 0x0000, 0x0000, 0x0000, 0x0000, 0x0000, 0x0000, 
0x0000, 0x0000, 0x0000, 0x0000, 0x0000, 0x0000, 0x0000, 0x0000, 
0x0000, 0x0000, 0x0000, 0x0000, 0x0000, 0x0000, 0x0000, 0x0000, 
0x0000, 0x0000, 0x0000, 0x0000, 0x0000, 0x0000, 0x0000, 0x0000, 
0x0000, 0x0000, 0x0000, 0x0000, 0x0000, 0x0000, 0x0000, 0x0000, 
0x0000, 0x0000, 0x0000, 0x0000, 0x0000, 0x0000, 0x0000, 0x0000, 
0x0000, 0x0000, 0x0000, 0x0000, 0x0000, 0x0000, 0x0000, 0x0000, 
0x0000, 0x0000, 0x0000, 0x0000, 0x0000, 0x0000, 0x0000, 0x0000, 
0x0000, 0x0000, 0x0000, 0x0000, 0x0000, 0x0000, 0x0000, 0x0000, 
0x0000, 0x0000, 0x0000, 0x0000, 0x0000, 0x0000, 0x0000, 0x0000, 
0x0000, 0x0000, 0x0000, 0x0000, 0x0000, 0x0000, 0x0000, 0x0000, 
0x0000, 0x0000, 0x0000, 0x0000, 0x0000, 0x0000, 0x0000, 0x0000, 
0x0000, 0x0000, 0x0000, 0x0000, 0x0000, 0x0000, 0x0000, 0x0000, 
0x0000, 0x0000, 0x0000, 0x0000, 0x0000, 0x0000, 0x0000, 0x0000, 
0x0000, 0x0000, 0x0000, 0x0000, 0x0000, 0x0000, 0x0000, 0x0000, 
0x0000, 0x0000, 0x0000, 0x0000, 0x0000, 0x0000, 0x0000, 0x0000, 
0x0000, 0x0000, 0x0000, 0x0000, 0x0000, 0x0000, 0x0000, 0x0000, 
0x0000, 0x0000, 0x0000, 0x0000, 0x0000, 0x0000, 0x0000, 0x0000, 
0x0000, 0x0000, 0x0000, 0x0000, 0x0000, 0x0000, 0x0000, 0x0000, 
0x0000, 0x0000, 0x0000, 0x0000, 0x0000, 0x0000, 0x0000, 0x0000, 
0x0000, 0x0000, 0x0000, 0x0000, 0x0000, 0x0000, 0x0000, 0x0000, 
0x0000, 0x0000, 0x0000, 0x0000, 0x0000, 0x0000, 0x0000, 0x0000, 
0x0000, 0x0000, 0x0000, 0x0000, 0x0000, 0x0000, 0x0000, 0x0000, 
0x0000, 0x0000, 0x0000, 0x0000, 0x0000, 0x0000, 0x0000, 0x0000, 
0x0000, 0x0000, 0x0000, 0x0000, 0x0000, 0x0000, 0x0000, 0x0000, 
0x0000, 0x0000, 0x0000, 0x0000, 0x0000, 0x0000, 0x0000, 0x0000, 
0x0000, 0x0000, 0x0000, 0x0000, 0x0000, 0x0000, 0x0000, 0x0000, 
0x0000, 0x0000, 0x0000, 0x0000, 0x0000, 0x0000, 0x0000, 0x0000, 
0x0000, 0x0000, 0x0000, 0x0000, 0x0000, 0x0000, 0x0000, 0x0000, 
0x0000, 0x0000, 0x0000, 0x0000, 0x0000, 0x0000, 0x0000, 0x0000, 
0x0000, 0x0000, 0x0000, 0x0000, 0x0000, 0x0000, 0x0000, 0x0000, 
0x0000, 0x0000, 0x0000, 0x0000, 0x0000, 0x0000, 0x0000, 0x0000, 
0x0000, 0x0000, 0x0000, 0x0000, 0x0000, 0x0000, 0x0000, 0x0000, 
0x0000, 0x0000, 0x0000, 0x0000, 0x0000, 0x0000, 0x0000, 0x0000, 
0x0000, 0x0000, 0x0000, 0x0000, 0x0000, 0x0000, 0x0000, 0x0000, 
0x0000, 0x0000, 0x0000, 0x0000, 0x0000, 0x0000, 0x0000, 0x0000, 
0x0000, 0x0000, 0x0000, 0x0000, 0x0000, 0x0000, 0x0000, 0x0000, 
0x0000, 0x0000, 0x0000, 0x0000, 0x0000, 0x0000, 0x0000, 0x0000, 
0x0000, 0x0000, 0x0000, 0x0000, 0x0000, 0x0000, 0x0000, 0x0000, 
0x0000, 0x0000, 0x0000, 0x0000, 0x0000, 0x0000, 0x0000, 0x0000, 
0x0000, 0x0000, 0x0000, 0x0000, 0x0000, 0x0000, 0x0000, 0x0000, 
0x0000, 0x0000, 0x0000, 0x0000, 0x0000, 0x0000, 0x0000, 0x0000, 
0x0000, 0x0000, 0x0000, 0x0000, 0x0000, 0x0000, 0x0000, 0x0000, 
0x0000, 0x0000, 0x0000, 0x0000, 0x0000, 0x0000, 0x0000, 0x0000, 
0x0000, 0x0000, 0x0000, 0x0000, 0x0000, 0x0000, 0x0000, 0x0000, 
0x0000, 0x0000, 0x0000, 0x0000, 0x0000, 0x0000, 0x0000, 0x0000, 
0x0000, 0x0000, 0x0000, 0x0000, 0x0000, 0x0000, 0x0000, 0x0000, 
0x0000, 0x0000, 0x0000, 0x0000, 0x0000, 0x0000, 0x0000, 0x0000, 
0x0000, 0x0000, 0x0000, 0x0000, 0x0000, 0x0000, 0x0000, 0x0000, 
0x0000, 0x0000, 0x0000, 0x0000, 0x0000, 0x0000, 0x0000, 0x0000, 
0x0000, 0x0000, 0x0000, 0x0000, 0x0000, 0x0000, 0x0000, 0x0000, 
0x0000, 0x0000, 0x0000, 0x0000, 0x0000, 0x0000, 0x0000, 0x0000, 
0x0000, 0x0000, 0x0000, 0x0000, 0x0000, 0x0000, 0x0000, 0x0000, 
0x0000, 0x0000, 0x0000, 0x0000, 0x0000, 0x0000, 0x0000, 0x0000, 
0x0000, 0x0000, 0x0000, 0x0000, 0x0000, 0x0000, 0x0000, 0x0000, 
0x0000, 0x0000, 0x0000, 0x0000, 0x0000, 0x0000, 0x0000, 0x0000, 
0x0000, 0x0000, 0x0000, 0x0000, 0x0000, 0x0000, 0x0000, 0x0000, 
0x0000, 0x0000, 0x0000, 0x0000, 0x0000, 0x0000, 0x0000, 0x0000, 
0x0000, 0x0000, 0x0000, 0x0000, 0x0000, 0x0000, 0x0000, 0x0000, 
0x0000, 0x0000, 0x0000, 0x0000, 0x0000, 0x0000, 0x0000, 0x0000, 
0x0000, 0x0000, 0x0000, 0x0000, 0x0000, 0x0000, 0x0000, 0x0000, 
0x0000, 0x0000, 0x0000, 0x0000, 0x0000, 0x0000, 0x0000, 0x0000, 
0x0000, 0x0000, 0x0000, 0x0000, 0x0000, 0x0000, 0x0000, 0x0000, 
0x0000, 0x0000, 0x0000, 0x0000, 0x0000, 0x0000, 0x0000, 0x0000, 
0x0000, 0x0000, 0x0000, 0x0000, 0x0000, 0x0000, 0x0000, 0x0000, 
0x0000, 0x0000, 0x0000, 0x0000, 0x0000, 0x0000, 0x0000, 0x0000, 
0x0000, 0x0000, 0x0000, 0x0000, 0x0000, 0x0000, 0x0000, 0x0000, 
0x0000, 0x0000, 0x0000, 0x0000, 0x0000, 0x0000, 0x0000, 0x0000, 
0x0000, 0x0000, 0x0000, 0x0000, 0x0000, 0x0000, 0x0000, 0x0000, 
0x0000, 0x0000, 0x0000, 0x0000, 0x0000, 0x0000, 0x0000, 0x0000, 
0x0000, 0x0000, 0x0000, 0x0000, 0x0000, 0x0000, 0x0000, 0x0000, 
0x0000, 0x0000, 0x0000, 0x0000, 0x0000, 0x0000, 0x0000, 0x0000, 
0x0000, 0x0000, 0x0000, 0x0000, 0x0000, 0x0000, 0x0000, 0x0000, 
0x0000, 0x0000, 0x0000, 0x0000, 0x0000, 0x0000, 0x0000, 0x0000, 
0x0000, 0x0000, 0x0000, 0x0000, 0x0000, 0x0000, 0x0000, 0x0000, 
0x0000, 0x0000, 0x0000, 0x0000, 0x0000, 0x0000, 0x0000, 0x0000, 
0x0000, 0x0000, 0x0000, 0x0000, 0x0000, 0x0000, 0x0000, 0x0000, 
0x0000, 0x0000, 0x0000, 0x0000, 0x0000, 0x0000, 0x0000, 0x0000, 
0x0000, 0x0000, 0x0000, 0x0000, 0x0000, 0x0000, 0x0000, 0x0000, 
0x0000, 0x0000, 0x0000, 0x0000, 0x0000, 0x0000, 0x0000, 0x0000, 
0x0000, 0x0000, 0x0000, 0x0000, 0x0000, 0x0000, 0x0000, 0x0000, 
0x0000, 0x0000, 0x0000, 0x0000, 0x0000, 0x0000, 0x0000, 0x0000, 
0x0000, 0x0000, 0x0000, 0x0000, 0x0000, 0x0000, 0x0000, 0x0000, 
0x0000, 0x0000, 0x0000, 0x0000, 0x0000, 0x0000, 0x0000, 0x0000, 
0x0000, 0x0000, 0x0000, 0x0000, 0x0000, 0x0000, 0x0000, 0x0000, 
0x0000, 0x0000, 0x0000, 0x0000, 0x0000, 0x0000, 0x0000, 0x0000, 
0x0000, 0x0000, 0x0000, 0x0000, 0x0000, 0x0000, 0x0000, 0x0000, 
0x0000, 0x0000, 0x0000, 0x0000, 0x0000, 0x0000, 0x0000, 0x0000, 
0x0000, 0x0000, 0x0000, 0x0000, 0x0000, 0x0000, 0x0000, 0x0000, 
0x0000, 0x0000, 0x0000, 0x0000, 0x0000, 0x0000, 0x0000, 0x0000, 
0x0000, 0x0000, 0x0000, 0x0000, 0x0000, 0x0000, 0x0000, 0x0000, 
0x0000, 0x0000, 0x0000, 0x0000, 0x0000, 0x0000, 0x0000, 0x0000, 
0x0000, 0x0000, 0x0000, 0x0000, 0x0000, 0x0000, 0x0000, 0x0000, 
0x0000, 0x0000, 0x0000, 0x0000, 0x0000, 0x0000, 0x0000, 0x0000, 
0x0000, 0x0000, 0x0000, 0x0000, 0x0000, 0x0000, 0x0000, 0x0000, 
0x0000, 0x0000, 0x0000, 0x0000, 0x0000, 0x0000, 0x0000, 0x0000, 
0x0000, 0x0000, 0x0000, 0x0000, 0x0000, 0x0000, 0x0000, 0x0000, 
0x0000, 0x0000, 0x0000, 0x0000, 0x0000, 0x0000, 0x0000, 0x0000, 
0x0000, 0x0000, 0x0000, 0x0000, 0x0000, 0x0000, 0x0000, 0x0000, 
0x0000, 0x0000, 0x0000, 0x0000, 0x0000, 0x0000, 0x0000, 0x0000, 
0x0000, 0x0000, 0x0000, 0x0000, 0x0000, 0x0000, 0x0000, 0x0000, 
0x0000, 0x0000, 0x0000, 0x0000, 0x0000, 0x0000, 0x0000, 0x0000, 
0x0000, 0x0000, 0x0000, 0x0000, 0x0000, 0x0000, 0x0000, 0x0000, 
0x0000, 0x0000, 0x0000, 0x0000, 0x0000, 0x0000, 0x0000, 0x0000, 
0x0000, 0x0000, 0x0000, 0x0000, 0x0000, 0x0000, 0x0000, 0x0000, 
0x0000, 0x0000, 0x0000, 0x0000, 0x0000, 0x0000, 0x0000, 0x0000, 
0x0000, 0x0000, 0x0000, 0x0000, 0x0000, 0x0000, 0x0000, 0x0000, 
0x0000, 0x0000, 0x0000, 0x0000, 0x0000, 0x0000, 0x0000, 0x0000, 
0x0000, 0x0000, 0x0000, 0x0000, 0x0000, 0x0000, 0x0000, 0x0000, 
0x0000, 0x0000, 0x0000, 0x0000, 0x0000, 0x0000, 0x0000, 0x0000, 
0x0000, 0x0000, 0x0000, 0x0000, 0x0000, 0x0000, 0x0000, 0x0000, 
0x0000, 0x0000, 0x0000, 0x0000, 0x0000, 0x0000, 0x0000, 0x0000, 
0x0000, 0x0000, 0x0000, 0x0000, 0x0000, 0x0000, 0x0000, 0x0000, 
0x0000, 0x0000, 0x0000, 0x0000, 0x0000, 0x0000, 0x0000, 0x0000, 
0x0000, 0x0000, 0x0000, 0x0000, 0x0000, 0x0000, 0x0000, 0x0000, 
0x0000, 0x0000, 0x0000, 0x0000, 0x0000, 0x0000, 0x0000, 0x0000, 
0x0000, 0x0000, 0x0000, 0x0000, 0x0000, 0x0000, 0x0000, 0x0000, 
0x0000, 0x0000, 0x0000, 0x0000, 0x0000, 0x0000, 0x0000, 0x0000, 
0x0000, 0x0000, 0x0000, 0x0000, 0x0000, 0x0000, 0x0000, 0x0000, 
0x0000, 0x0000, 0x0000, 0x0000, 0x0000, 0x0000, 0x0000, 0x0000, 
0x0000, 0x0000, 0x0000, 0x0000, 0x0000, 0x0000, 0x0000, 0x0000, 
0x0000, 0x0000, 0x0000, 0x0000, 0x0000, 0x0000, 0x0000, 0x0000, 
0x0000, 0x0000, 0x0000, 0x0000, 0x0000, 0x0000, 0x0000, 0x0000, 
0x0000, 0x0000, 0x0000, 0x0000, 0x0000, 0x0000, 0x0000, 0x0000, 
0x0000, 0x0000, 0x0000, 0x0000, 0x0000, 0x0000, 0x0000, 0x0000, 
0x0000, 0x0000, 0x0000, 0x0000, 0x0000, 0x0000, 0x0000, 0x0000, 
0x0000, 0x0000, 0x0000, 0x0000, 0x0000, 0x0000, 0x0000, 0x0000, 
0x0000, 0x0000, 0x0000, 0x0000, 0x0000, 0x0000, 0x0000, 0x0000, 
0x0000, 0x0000, 0x0000, 0x0000, 0x0000, 0x0000, 0x0000, 0x0000, 
0x0000, 0x0000, 0x0000, 0x0000, 0x0000, 0x0000, 0x0000, 0x0000, 
0x0000, 0x0000, 0x0000, 0x0000, 0x0000, 0x0000, 0x0000, 0x0000, 
0x0000, 0x0000, 0x0000, 0x0000, 0x0000, 0x0000, 0x0000, 0x0000, 
0x0000, 0x0000, 0x0000, 0x0000, 0x0000, 0x0000, 0x0000, 0x0000, 
0x0000, 0x0000, 0x0000, 0x0000, 0x0000, 0x0000, 0x0000, 0x0000, 
0x0000, 0x0000, 0x0000, 0x0000, 0x0000, 0x0000, 0x0000, 0x0000, 
0x0000, 0x0000, 0x0000, 0x0000, 0x0000, 0x0000, 0x0000, 0x0000, 
0x0000, 0x0000, 0x0000, 0x0000, 0x0000, 0x0000, 0x0000, 0x0000, 
0x0000, 0x0000, 0x0000, 0x0000, 0x0000, 0x0000, 0x0000, 0x0000, 
0x0000, 0x0000, 0x0000, 0x0000, 0x0000, 0x0000, 0x0000, 0x0000, 
0x0000, 0x0000, 0x0000, 0x0000, 0x0000, 0x0000, 0x0000, 0x0000, 
0x0000, 0x0000, 0x0000, 0x0000, 0x0000, 0x0000, 0x0000, 0x0000, 
0x0000, 0x0000, 0x0000, 0x0000, 0x0000, 0x0000, 0x0000, 0x0000, 
0x0000, 0x0000, 0x0000, 0x0000, 0x0000, 0x0000, 0x0000, 0x0000, 
0x0000, 0x0000, 0x0000, 0x0000, 0x0000, 0x0000, 0x0000, 0x0000, 
0x0000, 0x0000, 0x0000, 0x0000, 0x0000, 0x0000, 0x0000, 0x0000, 
0x0000, 0x0000, 0x0000, 0x0000, 0x0000, 0x0000, 0x0000, 0x0000, 
0x0000, 0x0000, 0x0000, 0x0000, 0x0000, 0x0000, 0x0000, 0x0000, 
0x0000, 0x0000, 0x0000, 0x0000, 0x0000, 0x0000, 0x0000, 0x0000, 
0x0000, 0x0000, 0x0000, 0x0000, 0x0000, 0x0000, 0x0000, 0x0000, 
0x0000, 0x0000, 0x0000, 0x0000, 0x0000, 0x0000, 0x0000, 0x0000, 
0x0000, 0x0000, 0x0000, 0x0000, 0x0000, 0x0000, 0x0000, 0x0000, 
0x0000, 0x0000, 0x0000, 0x0000, 0x0000, 0x0000, 0x0000, 0x0000, 
0x0000, 0x0000, 0x0000, 0x0000, 0x0000, 0x0000, 0x0000, 0x0000, 
0x0000, 0x0000, 0x0000, 0x0000, 0x0000, 0x0000, 0x0000, 0x0000, 
0x0000, 0x0000, 0x0000, 0x0000, 0x0000, 0x0000, 0x0000, 0x0000, 
0x0000, 0x0000, 0x0000, 0x0000, 0x0000, 0x0000, 0x0000, 0x0000, 
0x0000, 0x0000, 0x0000, 0x0000, 0x0000, 0x0000, 0x0000, 0x0000, 
0x0000, 0x0000, 0x0000, 0x0000, 0x0000, 0x0000, 0x0000, 0x0000, 
0x0000, 0x0000, 0x0000, 0x0000, 0x0000, 0x0000, 0x0000, 0x0000, 
0x0000, 0x0000, 0x0000, 0x0000, 0x0000, 0x0000, 0x0000, 0x0000, 
0x0000, 0x0000, 0x0000, 0x0000, 0x0000, 0x0000, 0x0000, 0x0000, 
0x0000, 0x0000, 0x0000, 0x0000, 0x0000, 0x0000, 0x0000, 0x0000, 
0x0000, 0x0000, 0x0000, 0x0000, 0x0000, 0x0000, 0x0000, 0x0000, 
0x0000, 0x0000, 0x0000, 0x0000, 0x0000, 0x0000, 0x0000, 0x0000, 
0x0000, 0x0000, 0x0000, 0x0000, 0x0000, 0x0000, 0x0000, 0x0000, 
0x0000, 0x0000, 0x0000, 0x0000, 0x0000, 0x0000, 0x0000, 0x0000, 
0x0000, 0x0000, 0x0000, 0x0000, 0x0000, 0x0000, 0x0000, 0x0000, 
0x0000, 0x0000, 0x0000, 0x0000, 0x0000, 0x0000, 0x0000, 0x0000, 
0x0000, 0x0000, 0x0000, 0x0000, 0x0000, 0x0000, 0x0000, 0x0000, 
0x0000, 0x0000, 0x0000, 0x0000, 0x0000, 0x0000, 0x0000, 0x0000, 
0x0000, 0x0000, 0x0000, 0x0000, 0x0000, 0x0000, 0x0000, 0x0000, 
0x0000, 0x0000, 0x0000, 0x0000, 0x0000, 0x0000, 0x0000, 0x0000, 
0x0000, 0x0000, 0x0000, 0x0000, 0x0000, 0x0000, 0x0000, 0x0000, 
0x0000, 0x0000, 0x0000, 0x0000, 0x0000, 0x0000, 0x0000, 0x0000, 
0x0000, 0x0000, 0x0000, 0x0000, 0x0000, 0x0000, 0x0000, 0x0000, 
0x0000, 0x0000, 0x0000, 0x0000, 0x0000, 0x0000, 0x0000, 0x0000, 
0x0000, 0x0000, 0x0000, 0x0000, 0x0000, 0x0000, 0x0000, 0x0000, 
0x0000, 0x0000, 0x0000, 0x0000, 0x0000, 0x0000, 0x0000, 0x0000, 
0x0000, 0x0000, 0x0000, 0x0000, 0x0000, 0x0000, 0x0000, 0x0000, 
0x0000, 0x0000, 0x0000, 0x0000, 0x0000, 0x0000, 0x0000, 0x0000, 
0x0000, 0x0000, 0x0000, 0x0000, 0x0000, 0x0000, 0x0000, 0x0000, 
0x0000, 0x0000, 0x0000, 0x0000, 0x0000, 0x0000, 0x0000, 0x0000, 
0x0000, 0x0000, 0x0000, 0x0000, 0x0000, 0x0000, 0x0000, 0x0000, 
0x0000, 0x0000, 0x0000, 0x0000, 0x0000, 0x0000, 0x0000, 0x0000, 
0x0000, 0x0000, 0x0000, 0x0000, 0x0000, 0x0000, 0x0000, 0x0000, 
0x0000, 0x0000, 0x0000, 0x0000, 0x0000, 0x0000, 0x0000, 0x0000, 
0x0000, 0x0000, 0x0000, 0x0000, 0x0000, 0x0000, 0x0000, 0x0000, 
0x0000, 0x0000, 0x0000, 0x0000, 0x0000, 0x0000, 0x0000, 0x0000, 
0x0000, 0x0000, 0x0000, 0x0000, 0x0000, 0x0000, 0x0000, 0x0000, 
0x0000, 0x0000, 0x0000, 0x0000, 0x0000, 0x0000, 0x0000, 0x0000, 
0x0000, 0x0000, 0x0000, 0x0000, 0x0000, 0x0000, 0x0000, 0x0000, 
0x0000, 0x0000, 0x0000, 0x0000, 0x0000, 0x0000, 0x0000, 0x0000, 
0x0000, 0x0000, 0x0000, 0x0000, 0x0000, 0x0000, 0x0000, 0x0000, 
0x0000, 0x0000, 0x0000, 0x0000, 0x0000, 0x0000, 0x0000, 0x0000, 
0x0000, 0x0000, 0x0000, 0x0000, 0x0000, 0x0000, 0x0000, 0x0000, 
0x0000, 0x0000, 0x0000, 0x0000, 0x0000, 0x0000, 0x0000, 0x0000, 
0x0000, 0x0000, 0x0000, 0x0000, 0x0000, 0x0000, 0x0000, 0x0000, 
0x0000, 0x0000, 0x0000, 0x0000, 0x0000, 0x0000, 0x0000, 0x0000, 
0x0000, 0x0000, 0x0000, 0x0000, 0x0000, 0x0000, 0x0000, 0x0000, 
0x0000, 0x0000, 0x0000, 0x0000, 0x0000, 0x0000, 0x0000, 0x0000, 
0x0000, 0x0000, 0x0000, 0x0000, 0x0000, 0x0000, 0x0000, 0x0000, 
0x0000, 0x0000, 0x0000, 0x0000, 0x0000, 0x0000, 0x0000, 0x0000, 
0x0000, 0x0000, 0x0000, 0x0000, 0x0000, 0x0000, 0x0000, 0x0000, 
0x0000, 0x0000, 0x0000, 0x0000, 0x0000, 0x0000, 0x0000, 0x0000, 
0x0000, 0x0000, 0x0000, 0x0000, 0x0000, 0x0000, 0x0000, 0x0000, 
0x0000, 0x0000, 0x0000, 0x0000, 0x0000, 0x0000, 0x0000, 0x0000, 
0x0000, 0x0000, 0x0000, 0x0000, 0x0000, 0x0000, 0x0000, 0x0000, 
0x0000, 0x0000, 0x0000, 0x0000, 0x0000, 0x0000, 0x0000, 0x0000, 
0x0000, 0x0000, 0x0000, 0x0000, 0x0000, 0x0000, 0x0000, 0x0000, 
0x0000, 0x0000, 0x0000, 0x0000, 0x0000, 0x0000, 0x0000, 0x0000, 
0x0000, 0x0000, 0x0000, 0x0000, 0x0000, 0x0000, 0x0000, 0x0000, 
0x0000, 0x0000, 0x0000, 0x0000, 0x0000, 0x0000, 0x0000, 0x0000, 
0x0000, 0x0000, 0x0000, 0x0000, 0x0000, 0x0000, 0x0000, 0x0000, 
0x0000, 0x0000, 0x0000, 0x0000, 0x0000, 0x0000, 0x0000, 0x0000, 
0x0000, 0x0000, 0x0000, 0x0000, 0x0000, 0x0000, 0x0000, 0x0000, 
0x0000, 0x0000, 0x0000, 0x0000, 0x0000, 0x0000, 0x0000, 0x0000, 
0x0000, 0x0000, 0x0000, 0x0000, 0x0000, 0x0000, 0x0000, 0x0000, 
0x0000, 0x0000, 0x0000, 0x0000, 0x0000, 0x0000, 0x0000, 0x0000, 
0x0000, 0x0000, 0x0000, 0x0000, 0x0000, 0x0000, 0x0000, 0x0000, 
0x0000, 0x0000, 0x0000, 0x0000, 0x0000, 0x0000, 0x0000, 0x0000, 
0x0000, 0x0000, 0x0000, 0x0000, 0x0000, 0x0000, 0x0000, 0x0000, 
0x0000, 0x0000, 0x0000, 0x0000, 0x0000, 0x0000, 0x0000, 0x0000, 
0x0000, 0x0000, 0x0000, 0x0000, 0x0000, 0x0000, 0x0000, 0x0000, 
0x0000, 0x0000, 0x0000, 0x0000, 0x0000, 0x0000, 0x0000, 0x0000, 
0x0000, 0x0000, 0x0000, 0x0000, 0x0000, 0x0000, 0x0000, 0x0000, 
0x0000, 0x0000, 0x0000, 0x0000, 0x0000, 0x0000, 0x0000, 0x0000, 
0x0000, 0x0000, 0x0000, 0x0000, 0x0000, 0x0000, 0x0000, 0x0000, 
0x0000, 0x0000, 0x0000, 0x0000, 0x0000, 0x0000, 0x0000, 0x0000, 
0x0000, 0x0000, 0x0000, 0x0000, 0x0000, 0x0000, 0x0000, 0x0000, 
0x0000, 0x0000, 0x0000, 0x0000, 0x0000, 0x0000, 0x0000, 0x0000, 
0x0000, 0x0000, 0x0000, 0x0000, 0x0000, 0x0000, 0x0000, 0x0000, 
0x0000, 0x0000, 0x0000, 0x0000, 0x0000, 0x0000, 0x0000, 0x0000, 
0x0000, 0x0000, 0x0000, 0x0000, 0x0000, 0x0000, 0x0000, 0x0000, 
0x0000, 0x0000, 0x0000, 0x0000, 0x0000, 0x0000, 0x0000, 0x0000, 
0x0000, 0x0000, 0x0000, 0x0000, 0x0000, 0x0000, 0x0000, 0x0000, 
0x0000, 0x0000, 0x0000, 0x0000, 0x0000, 0x0000, 0x0000, 0x0000, 
0x0000, 0x0000, 0x0000, 0x0000, 0x0000, 0x0000, 0x0000, 0x0000, 
0x0000, 0x0000, 0x0000, 0x0000, 0x0000, 0x0000, 0x0000, 0x0000, 
0x0000, 0x0000, 0x0000, 0x0000, 0x0000, 0x0000, 0x0000, 0x0000, 
0x0000, 0x0000, 0x0000, 0x0000, 0x0000, 0x0000, 0x0000, 0x0000, 
0x0000, 0x0000, 0x0000, 0x0000, 0x0000, 0x0000, 0x0000, 0x0000, 
0x0000, 0x0000, 0x0000, 0x0000, 0x0000, 0x0000, 0x0000, 0x0000, 
0x0000, 0x0000, 0x0000, 0x0000, 0x0000, 0x0000, 0x0000, 0x0000, 
0x0000, 0x0000, 0x0000, 0x0000, 0x0000, 0x0000, 0x0000, 0x0000, 
0x0000, 0x0000, 0x0000, 0x0000, 0x0000, 0x0000, 0x0000, 0x0000, 
0x0000, 0x0000, 0x0000, 0x0000, 0x0000, 0x0000, 0x0000, 0x0000, 
0x0000, 0x0000, 0x0000, 0x0000, 0x0000, 0x0000, 0x0000, 0x0000, 
0x0000, 0x0000, 0x0000, 0x0000, 0x0000, 0x0000, 0x0000, 0x0000, 
0x0000, 0x0000, 0x0000, 0x0000, 0x0000, 0x0000, 0x0000, 0x0000, 
0x0000, 0x0000, 0x0000, 0x0000, 0x0000, 0x0000, 0x0000, 0x0000, 
0x0000, 0x0000, 0x0000, 0x0000, 0x0000, 0x0000, 0x0000, 0x0000, 
0x0000, 0x0000, 0x0000, 0x0000, 0x0000, 0x0000, 0x0000, 0x0000, 
0x0000, 0x0000, 0x0000, 0x0000, 0x0000, 0x0000, 0x0000, 0x0000, 
0x0000, 0x0000, 0x0000, 0x0000, 0x0000, 0x0000, 0x0000, 0x0000, 
0x0000, 0x0000, 0x0000, 0x0000, 0x0000, 0x0000, 0x0000, 0x0000, 
0x0000, 0x0000, 0x0000, 0x0000, 0x0000, 0x0000, 0x0000, 0x0000, 
0x0000, 0x0000, 0x0000, 0x0000, 0x0000, 0x0000, 0x0000, 0x0000, 
0x0000, 0x0000, 0x0000, 0x0000, 0x0000, 0x0000, 0x0000, 0x0000, 
0x0000, 0x0000, 0x0000, 0x0000, 0x0000, 0x0000, 0x0000, 0x0000, 
0x0000, 0x0000, 0x0000, 0x0000, 0x0000, 0x0000, 0x0000, 0x0000, 
0x0000, 0x0000, 0x0000, 0x0000, 0x0000, 0x0000, 0x0000, 0x0000, 
0x0000, 0x0000, 0x0000, 0x0000, 0x0000, 0x0000, 0x0000, 0x0000, 
0x0000, 0x0000, 0x0000, 0x0000, 0x0000, 0x0000, 0x0000, 0x0000, 
0x0000, 0x0000, 0x0000, 0x0000, 0x0000, 0x0000, 0x0000, 0x0000, 
0x0000, 0x0000, 0x0000, 0x0000, 0x0000, 0x0000, 0x0000, 0x0000, 
0x0000, 0x0000, 0x0000, 0x0000, 0x0000, 0x0000, 0x0000, 0x0000, 
0x0000, 0x0000, 0x0000, 0x0000, 0x0000, 0x0000, 0x0000, 0x0000, 
0x0000, 0x0000, 0x0000, 0x0000, 0x0000, 0x0000, 0x0000, 0x0000, 
0x0000, 0x0000, 0x0000, 0x0000, 0x0000, 0x0000, 0x0000, 0x0000, 
0x0000, 0x0000, 0x0000, 0x0000, 0x0000, 0x0000, 0x0000, 0x0000, 
0x0000, 0x0000, 0x0000, 0x0000, 0x0000, 0x0000, 0x0000, 0x0000, 
0x0000, 0x0000, 0x0000, 0x0000, 0x0000, 0x0000, 0x0000, 0x0000, 
0x0000, 0x0000, 0x0000, 0x0000, 0x0000, 0x0000, 0x0000, 0x0000, 
0x0000, 0x0000, 0x0000, 0x0000, 0x0000, 0x0000, 0x0000, 0x0000, 
0x0000, 0x0000, 0x0000, 0x0000, 0x0000, 0x0000, 0x0000, 0x0000, 
0x0000, 0x0000, 0x0000, 0x0000, 0x0000, 0x0000, 0x0000, 0x0000, 
0x0000, 0x0000, 0x0000, 0x0000, 0x0000, 0x0000, 0x0000, 0x0000, 
0x0000, 0x0000, 0x0000, 0x0000, 0x0000, 0x0000, 0x0000, 0x0000, 
0x0000, 0x0000, 0x0000, 0x0000, 0x0000, 0x0000, 0x0000, 0x0000, 
0x0000, 0x0000, 0x0000, 0x0000, 0x0000, 0x0000, 0x0000, 0x0000, 
0x0000, 0x0000, 0x0000, 0x0000, 0x0000, 0x0000, 0x0000, 0x0000, 
0x0000, 0x0000, 0x0000, 0x0000, 0x0000, 0x0000, 0x0000, 0x0000, 
0x0000, 0x0000, 0x0000, 0x0000, 0x0000, 0x0000, 0x0000, 0x0000, 
0x0000, 0x0000, 0x0000, 0x0000, 0x0000, 0x0000, 0x0000, 0x0000, 
0x0000, 0x0000, 0x0000, 0x0000, 0x0000, 0x0000, 0x0000, 0x0000, 
0x0000, 0x0000, 0x0000, 0x0000, 0x0000, 0x0000, 0x0000, 0x0000, 
0x0000, 0x0000, 0x0000, 0x0000, 0x0000, 0x0000, 0x0000, 0x0000, 
0x0000, 0x0000, 0x0000, 0x0000, 0x0000, 0x0000, 0x0000, 0x0000, 
0x0000, 0x0000, 0x0000, 0x0000, 0x0000, 0x0000, 0x0000, 0x0000, 
0x0000, 0x0000, 0x0000, 0x0000, 0x0000, 0x0000, 0x0000, 0x0000, 
0x0000, 0x0000, 0x0000, 0x0000, 0x0000, 0x0000, 0x0000, 0x0000, 
0x0000, 0x0000, 0x0000, 0x0000, 0x0000, 0x0000, 0x0000, 0x0000, 
0x0000, 0x0000, 0x0000, 0x0000, 0x0000, 0x0000, 0x0000, 0x0000, 
0x0000, 0x0000, 0x0000, 0x0000, 0x0000, 0x0000, 0x0000, 0x0000, 
0x0000, 0x0000, 0x0000, 0x0000, 0x0000, 0x0000, 0x0000, 0x0000, 
0x0000, 0x0000, 0x0000, 0x0000, 0x0000, 0x0000, 0x0000, 0x0000, 
0x0000, 0x0000, 0x0000, 0x0000, 0x0000, 0x0000, 0x0000, 0x0000, 
0x0000, 0x0000, 0x0000, 0x0000, 0x0000, 0x0000, 0x0000, 0x0000, 
0x0000, 0x0000, 0x0000, 0x0000, 0x0000, 0x0000, 0x0000, 0x0000, 
0x0000, 0x0000, 0x0000, 0x0000, 0x0000, 0x0000, 0x0000, 0x0000, 
0x0000, 0x0000, 0x0000, 0x0000, 0x0000, 0x0000, 0x0000, 0x0000, 
0x0000, 0x0000, 0x0000, 0x0000, 0x0000, 0x0000, 0x0000, 0x0000, 
0x0000, 0x0000, 0x0000, 0x0000, 0x0000, 0x0000, 0x0000, 0x0000, 
0x0000, 0x0000, 0x0000, 0x0000, 0x0000, 0x0000, 0x0000, 0x0000, 
0x0000, 0x0000, 0x0000, 0x0000, 0x0000, 0x0000, 0x0000, 0x0000, 
0x0000, 0x0000, 0x0000, 0x0000, 0x0000, 0x0000, 0x0000, 0x0000, 
0x0000, 0x0000, 0x0000, 0x0000, 0x0000, 0x0000, 0x0000, 0x0000, 
0x0000, 0x0000, 0x0000, 0x0000, 0x0000, 0x0000, 0x0000, 0x0000, 
0x0000, 0x0000, 0x0000, 0x0000, 0x0000, 0x0000, 0x0000, 0x0000, 
0x0000, 0x0000, 0x0000, 0x0000, 0x0000, 0x0000, 0x0000, 0x0000, 
0x0000, 0x0000, 0x0000, 0x0000, 0x0000, 0x0000, 0x0000, 0x0000, 
0x0000, 0x0000, 0x0000, 0x0000, 0x0000, 0x0000, 0x0000, 0x0000, 
0x0000, 0x0000, 0x0000, 0x0000, 0x0000, 0x0000, 0x0000, 0x0000, 
0x0000, 0x0000, 0x0000, 0x0000, 0x0000, 0x0000, 0x0000, 0x0000, 
0x0000, 0x0000, 0x0000, 0x0000, 0x0000, 0x0000, 0x0000, 0x0000, 
0x0000, 0x0000, 0x0000, 0x0000, 0x0000, 0x0000, 0x0000, 0x0000, 
0x0000, 0x0000, 0x0000, 0x0000, 0x0000, 0x0000, 0x0000, 0x0000, 
0x0000, 0x0000, 0x0000, 0x0000, 0x0000, 0x0000, 0x0000, 0x0000, 
0x0000, 0x0000, 0x0000, 0x0000, 0x0000, 0x0000, 0x0000, 0x0000, 
0x0000, 0x0000, 0x0000, 0x0000, 0x0000, 0x0000, 0x0000, 0x0000, 
0x0000, 0x0000, 0x0000, 0x0000, 0x0000, 0x0000, 0x0000, 0x0000, 
0x0000, 0x0000, 0x0000, 0x0000, 0x0000, 0x0000, 0x0000, 0x0000, 
0x0000, 0x0000, 0x0000, 0x0000, 0x0000, 0x0000, 0x0000, 0x0000, 
0x0000, 0x0000, 0x0000, 0x0000, 0x0000, 0x0000, 0x0000, 0x0000, 
0x0000, 0x0000, 0x0000, 0x0000, 0x0000, 0x0000, 0x0000, 0x0000, 
0x0000, 0x0000, 0x0000, 0x0000, 0x0000, 0x0000, 0x0000, 0x0000, 
0x0000, 0x0000, 0x0000, 0x0000, 0x0000, 0x0000, 0x0000, 0x0000, 
0x0000, 0x0000, 0x0000, 0x0000, 0x0000, 0x0000, 0x0000, 0x0000, 
0x0000, 0x0000, 0x0000, 0x0000, 0x0000, 0x0000, 0x0000, 0x0000, 
0x0000, 0x0000, 0x0000, 0x0000, 0x0000, 0x0000, 0x0000, 0x0000, 
0x0000, 0x0000, 0x0000, 0x0000, 0x0000, 0x0000, 0x0000, 0x0000, 
0x0000, 0x0000, 0x0000, 0x0000, 0x0000, 0x0000, 0x0000, 0x0000, 
0x0000, 0x0000, 0x0000, 0x0000, 0x0000, 0x0000, 0x0000, 0x0000, 
0x0000, 0x0000, 0x0000, 0x0000, 0x0000, 0x0000, 0x0000, 0x0000, 
0x0000, 0x0000, 0x0000, 0x0000, 0x0000, 0x0000, 0x0000, 0x0000, 
0x0000, 0x0000, 0x0000, 0x0000, 0x0000, 0x0000, 0x0000, 0x0000, 
0x0000, 0x0000, 0x0000, 0x0000, 0x0000, 0x0000, 0x0000, 0x0000, 
0x0000, 0x0000, 0x0000, 0x0000, 0x0000, 0x0000, 0x0000, 0x0000, 
0x0000, 0x0000, 0x0000, 0x0000, 0x0000, 0x0000, 0x0000, 0x0000, 
0x0000, 0x0000, 0x0000, 0x0000, 0x0000, 0x0000, 0x0000, 0x0000, 
0x0000, 0x0000, 0x0000, 0x0000, 0x0000, 0x0000, 0x0000, 0x0000, 
0x0000, 0x0000, 0x0000, 0x0000, 0x0000, 0x0000, 0x0000, 0x0000, 
0x0000, 0x0000, 0x0000, 0x0000, 0x0000, 0x0000, 0x0000, 0x0000, 
0x0000, 0x0000, 0x0000, 0x0000, 0x0000, 0x0000, 0x0000, 0x0000, 
0x0000, 0x0000, 0x0000, 0x0000, 0x0000, 0x0000, 0x0000, 0x0000, 
0x0000, 0x0000, 0x0000, 0x0000, 0x0000, 0x0000, 0x0000, 0x0000, 
0x0000, 0x0000, 0x0000, 0x0000, 0x0000, 0x0000, 0x0000, 0x0000, 
0x0000, 0x0000, 0x0000, 0x0000, 0x0000, 0x0000, 0x0000, 0x0000, 
0x0000, 0x0000, 0x0000, 0x0000, 0x0000, 0x0000, 0x0000, 0x0000, 
0x0000, 0x0000, 0x0000, 0x0000, 0x0000, 0x0000, 0x0000, 0x0000, 
0x0000, 0x0000, 0x0000, 0x0000, 0x0000, 0x0000, 0x0000, 0x0000, 
0x0000, 0x0000, 0x0000, 0x0000, 0x0000, 0x0000, 0x0000, 0x0000, 
0x0000, 0x0000, 0x0000, 0x0000, 0x0000, 0x0000, 0x0000, 0x0000, 
0x0000, 0x0000, 0x0000, 0x0000, 0x0000, 0x0000, 0x0000, 0x0000, 
0x0000, 0x0000, 0x0000, 0x0000, 0x0000, 0x0000, 0x0000, 0x0000, 
0x0000, 0x0000, 0x0000, 0x0000, 0x0000, 0x0000, 0x0000, 0x0000, 
0x0000, 0x0000, 0x0000, 0x0000, 0x0000, 0x0000, 0x0000, 0x0000, 
0x0000, 0x0000, 0x0000, 0x0000, 0x0000, 0x0000, 0x0000, 0x0000, 
0x0000, 0x0000, 0x0000, 0x0000, 0x0000, 0x0000, 0x0000, 0x0000, 
0x0000, 0x0000, 0x0000, 0x0000, 0x0000, 0x0000, 0x0000, 0x0000, 
0x0000, 0x0000, 0x0000, 0x0000, 0x0000, 0x0000, 0x0000, 0x0000, 
0x0000, 0x0000, 0x0000, 0x0000, 0x0000, 0x0000, 0x0000, 0x0000, 
0x0000, 0x0000, 0x0000, 0x0000, 0x0000, 0x0000, 0x0000, 0x0000, 
0x0000, 0x0000, 0x0000, 0x0000, 0x0000, 0x0000, 0x0000, 0x0000, 
0x0000, 0x0000, 0x0000, 0x0000, 0x0000, 0x0000, 0x0000, 0x0000, 
0x0000, 0x0000, 0x0000, 0x0000, 0x0000, 0x0000, 0x0000, 0x0000, 
0x0000, 0x0000, 0x0000, 0x0000, 0x0000, 0x0000, 0x0000, 0x0000, 
0x0000, 0x0000, 0x0000, 0x0000, 0x0000, 0x0000, 0x0000, 0x0000, 
0x0000, 0x0000, 0x0000, 0x0000, 0x0000, 0x0000, 0x0000, 0x0000, 
0x0000, 0x0000, 0x0000, 0x0000, 0x0000, 0x0000, 0x0000, 0x0000, 
0x0000, 0x0000, 0x0000, 0x0000, 0x0000, 0x0000, 0x0000, 0x0000, 
0x0000, 0x0000, 0x0000, 0x0000, 0x0000, 0x0000, 0x0000, 0x0000, 
0x0000, 0x0000, 0x0000, 0x0000, 0x0000, 0x0000, 0x0000, 0x0000, 
0x0000, 0x0000, 0x0000, 0x0000, 0x0000, 0x0000, 0x0000, 0x0000, 
0x0000, 0x0000, 0x0000, 0x0000, 0x0000, 0x0000, 0x0000, 0x0000, 
0x0000, 0x0000, 0x0000, 0x0000, 0x0000, 0x0000, 0x0000, 0x0000, 
0x0000, 0x0000, 0x0000, 0x0000, 0x0000, 0x0000, 0x0000, 0x0000, 
0x0000, 0x0000, 0x0000, 0x0000, 0x0000, 0x0000, 0x0000, 0x0000, 
0x0000, 0x0000, 0x0000, 0x0000, 0x0000, 0x0000, 0x0000, 0x0000, 
0x0000, 0x0000, 0x0000, 0x0000, 0x0000, 0x0000, 0x0000, 0x0000, 
0x0000, 0x0000, 0x0000, 0x0000, 0x0000, 0x0000, 0x0000, 0x0000, 
0x0000, 0x0000, 0x0000, 0x0000, 0x0000, 0x0000, 0x0000, 0x0000, 
0x0000, 0x0000, 0x0000, 0x0000, 0x0000, 0x0000, 0x0000, 0x0000, 
0x0000, 0x0000, 0x0000, 0x0000, 0x0000, 0x0000, 0x0000, 0x0000, 
0x0000, 0x0000, 0x0000, 0x0000, 0x0000, 0x0000, 0x0000, 0x0000, 
0x0000, 0x0000, 0x0000, 0x0000, 0x0000, 0x0000, 0x0000, 0x0000, 
0x0000, 0x0000, 0x0000, 0x0000, 0x0000, 0x0000, 0x0000, 0x0000, 
0x0000, 0x0000, 0x0000, 0x0000, 0x0000, 0x0000, 0x0000, 0x0000, 
0x0000, 0x0000, 0x0000, 0x0000, 0x0000, 0x0000, 0x0000, 0x0000, 
0x0000, 0x0000, 0x0000, 0x0000, 0x0000, 0x0000, 0x0000, 0x0000, 
0x0000, 0x0000, 0x0000, 0x0000, 0x0000, 0x0000, 0x0000, 0x0000, 
0x0000, 0x0000, 0x0000, 0x0000, 0x0000, 0x0000, 0x0000, 0x0000, 
0x0000, 0x0000, 0x0000, 0x0000, 0x0000, 0x0000, 0x0000, 0x0000, 
0x0000, 0x0000, 0x0000, 0x0000, 0x0000, 0x0000, 0x0000, 0x0000, 
0x0000, 0x0000, 0x0000, 0x0000, 0x0000, 0x0000, 0x0000, 0x0000, 
0x0000, 0x0000, 0x0000, 0x0000, 0x0000, 0x0000, 0x0000, 0x0000, 
0x0000, 0x0000, 0x0000, 0x0000, 0x0000, 0x0000, 0x0000, 0x0000, 
0x0000, 0x0000, 0x0000, 0x0000, 0x0000, 0x0000, 0x0000, 0x0000, 
0x0000, 0x0000, 0x0000, 0x0000, 0x0000, 0x0000, 0x0000, 0x0000, 
0x0000, 0x0000, 0x0000, 0x0000, 0x0000, 0x0000, 0x0000, 0x0000, 
0x0000, 0x0000, 0x0000, 0x0000, 0x0000, 0x0000, 0x0000, 0x0000, 
0x0000, 0x0000, 0x0000, 0x0000, 0x0000, 0x0000, 0x0000, 0x0000, 
0x0000, 0x0000, 0x0000, 0x0000, 0x0000, 0x0000, 0x0000, 0x0000, 
0x0000, 0x0000, 0x0000, 0x0000, 0x0000, 0x0000, 0x0000, 0x0000, 
0x0000, 0x0000, 0x0000, 0x0000, 0x0000, 0x0000, 0x0000, 0x0000, 
0x0000, 0x0000, 0x0000, 0x0000, 0x0000, 0x0000, 0x0000, 0x0000, 
0x0000, 0x0000, 0xffff, 0xffff, 0xffff, 0x0000, 0x0000, 0x0000, 
0x0000, 0x0000, 0x0000, 0x0000, 0x0000, 0x0000, 0x0000, 0x0000, 
0x0000, 0x0000, 0x0000, 0x0000, 0x0000, 0x0000, 0x0000, 0x0000, 
0x0000, 0x0000, 0x0000, 0x0000, 0x0000, 0x0000, 0x0000, 0x0000, 
0x0000, 0x0000, 0x0000, 0x0000, 0x0000, 0x0000, 0x0000, 0x0000, 
0x0000, 0x0000, 0x0000, 0x0000, 0x0000, 0x0000, 0x0000, 0x0000, 
0x0000, 0x0000, 0xffff, 0xffff, 0xffff, 0x0000, 0x0000, 0x0000, 
0x0000, 0x0000, 0x0000, 0x0000, 0x0000, 0x0000, 0x0000, 0x0000, 
0x0000, 0x0000, 0x0000, 0x0000, 0x0000, 0x0000, 0x0000, 0x0000, 
0x0000, 0x0000, 0x0000, 0x0000, 0x0000, 0x0000, 0x0000, 0x0000, 
0x0000, 0x0000, 0x0000, 0x0000, 0x0000, 0x0000, 0x0000, 0x0000, 
0x0000, 0x0000, 0x0000, 0x0000, 0x0000, 0x0000, 0x0000, 0x0000, 
0x0000, 0x0000, 0x0000, 0x0000, 0x0000, 0x0000, 0x0000, 0x0000, 
0x0000, 0x0000, 0x0000, 0x0000, 0x0000, 0x0000, 0x0000, 0x0000, 
0x0000, 0x0000, 0x0000, 0x0000, 0x0000, 0x0000, 0x0000, 0x0000, 
0x0000, 0x0000, 0x0000, 0x0000, 0x0000, 0x0000, 0x0000, 0x0000, 
0x0000, 0x0000, 0x0000, 0x0000, 0x0000, 0x0000, 0x0000, 0x0000, 
0x0000, 0x0000, 0x0000, 0x0000, 0x0000, 0x0000, 0x0000, 0x0000, 
0x0000, 0x0000, 0x0000, 0x0000, 0x0000, 0x0000, 0x0000, 0x0000, 
0x0000, 0x0000, 0x0000, 0x0000, 0x0000, 0x0000, 0x0000, 0x0000, 
0x0000, 0x0000, 0x0000, 0x0000, 0x0000, 0x0000, 0x0000, 0x0000, 
0x0000, 0x0000, 0x0000, 0x0000, 0x0000, 0x0000, 0x0000, 0x0000, 
0x0000, 0x0000, 0x0000, 0x0000, 0x0000, 0x0000, 0x0000, 0x0000, 
0x0000, 0x0000, 0x0000, 0x0000, 0x0000, 0x0000, 0x0000, 0x0000, 
0x0000, 0x0000, 0x0000, 0x0000, 0x0000, 0x0000, 0x0000, 0x0000, 
0x0000, 0x0000, 0x0000, 0x0000, 0x0000, 0x0000, 0x0000, 0x0000, 
0x0000, 0x0000, 0x0000, 0x0000, 0x0000, 0x0000, 0x0000, 0x0000, 
0x0000, 0x0000, 0x0000, 0x0000, 0x0000, 0x0000, 0x0000, 0x0000, 
0x0000, 0xffff, 0xffff, 0xffff, 0xffff, 0xffff, 0x0000, 0x0000, 
0x0000, 0x0000, 0x0000, 0x0000, 0x0000, 0x0000, 0x0000, 0x0000, 
0x0000, 0x0000, 0x0000, 0x0000, 0x0000, 0x0000, 0x0000, 0x0000, 
0x0000, 0x0000, 0x0000, 0x0000, 0x0000, 0x0000, 0x0000, 0x0000, 
0x0000, 0x0000, 0x0000, 0x0000, 0x0000, 0x0000, 0x0000, 0x0000, 
0x0000, 0x0000, 0x0000, 0x0000, 0x0000, 0x0000, 0x0000, 0x0000, 
0x0000, 0xffff, 0xffff, 0xffff, 0xffff, 0xffff, 0x0000, 0x0000, 
0x0000, 0x0000, 0x0000, 0x0000, 0x0000, 0x0000, 0x0000, 0x0000, 
0x0000, 0x0000, 0x0000, 0x0000, 0x0000, 0x0000, 0x0000, 0x0000, 
0x0000, 0x0000, 0x0000, 0x0000, 0x0000, 0x0000, 0x0000, 0x0000, 
0x0000, 0x0000, 0x0000, 0x0000, 0x0000, 0x0000, 0x0000, 0x0000, 
0x0000, 0x0000, 0x0000, 0x0000, 0x0000, 0x0000, 0x0000, 0x0000, 
0x0000, 0x0000, 0x0000, 0x0000, 0x0000, 0x0000, 0x0000, 0x0000, 
0x0000, 0x0000, 0x0000, 0x0000, 0x0000, 0x0000, 0x0000, 0x0000, 
0x0000, 0x0000, 0x0000, 0x0000, 0x0000, 0x0000, 0x0000, 0x0000, 
0x0000, 0x0000, 0x0000, 0x0000, 0x0000, 0x0000, 0x0000, 0x0000, 
0x0000, 0x0000, 0x0000, 0x0000, 0x0000, 0x0000, 0x0000, 0x0000, 
0x0000, 0x0000, 0x0000, 0x0000, 0x0000, 0x0000, 0x0000, 0x0000, 
0x0000, 0x0000, 0x0000, 0x0000, 0x0000, 0x0000, 0x0000, 0x0000, 
0x0000, 0x0000, 0x0000, 0x0000, 0x0000, 0x0000, 0x0000, 0x0000, 
0x0000, 0x0000, 0x0000, 0x0000, 0x0000, 0x0000, 0x0000, 0x0000, 
0x0000, 0x0000, 0x0000, 0x0000, 0x0000, 0x0000, 0x0000, 0x0000, 
0x0000, 0x0000, 0x0000, 0x0000, 0x0000, 0x0000, 0x0000, 0x0000, 
0x0000, 0x0000, 0x0000, 0x0000, 0x0000, 0x0000, 0x0000, 0x0000, 
0x0000, 0x0000, 0x0000, 0x0000, 0x0000, 0x0000, 0x0000, 0x0000, 
0x0000, 0x0000, 0x0000, 0x0000, 0x0000, 0x0000, 0x0000, 0x0000, 
0x0000, 0x0000, 0x0000, 0x0000, 0x0000, 0x0000, 0x0000, 0x0000, 
0x0000, 0x0000, 0x0000, 0x0000, 0x0000, 0x0000, 0x0000, 0x0000, 
0xffff, 0xffff, 0xffff, 0xffff, 0xffff, 0xffff, 0xffff, 0x0000, 
0x0000, 0x0000, 0x0000, 0x0000, 0x0000, 0x0000, 0x0000, 0x0000, 
0x0000, 0x0000, 0x0000, 0x0000, 0x0000, 0x0000, 0x0000, 0x0000, 
0x0000, 0x0000, 0x0000, 0x0000, 0x0000, 0x0000, 0x0000, 0x0000, 
0x0000, 0x0000, 0x0000, 0x0000, 0x0000, 0x0000, 0x0000, 0x0000, 
0x0000, 0x0000, 0x0000, 0x0000, 0x0000, 0x0000, 0x0000, 0x0000, 
0xffff, 0xffff, 0xffff, 0xffff, 0xffff, 0xffff, 0xffff, 0x0000, 
0x0000, 0x0000, 0x0000, 0x0000, 0x0000, 0x0000, 0x0000, 0x0000, 
0x0000, 0x0000, 0x0000, 0x0000, 0x0000, 0x0000, 0x0000, 0x0000, 
0x0000, 0x0000, 0x0000, 0x0000, 0x0000, 0x0000, 0x0000, 0x0000, 
0x0000, 0x0000, 0x0000, 0x0000, 0x0000, 0x0000, 0x0000, 0x0000, 
0x0000, 0x0000, 0x0000, 0x0000, 0x0000, 0x0000, 0x0000, 0x0000, 
0x0000, 0x0000, 0x0000, 0x0000, 0x0000, 0x0000, 0x0000, 0x0000, 
0x0000, 0x0000, 0x0000, 0x0000, 0x0000, 0x0000, 0x0000, 0x0000, 
0x0000, 0x0000, 0x0000, 0x0000, 0x0000, 0x0000, 0x0000, 0x0000, 
0x0000, 0x0000, 0x0000, 0x0000, 0x0000, 0x0000, 0x0000, 0x0000, 
0x0000, 0x0000, 0x0000, 0x0000, 0x0000, 0x0000, 0x0000, 0x0000, 
0x0000, 0x0000, 0x0000, 0x0000, 0x0000, 0x0000, 0x0000, 0x0000, 
0x0000, 0x0000, 0x0000, 0x0000, 0x0000, 0x0000, 0x0000, 0x0000, 
0x0000, 0x0000, 0x0000, 0x0000, 0x0000, 0x0000, 0x0000, 0x0000, 
0x0000, 0x0000, 0x0000, 0x0000, 0x0000, 0x0000, 0x0000, 0x0000, 
0x0000, 0x0000, 0x0000, 0x0000, 0x0000, 0x0000, 0x0000, 0x0000, 
0x0000, 0x0000, 0x0000, 0x0000, 0x0000, 0x0000, 0x0000, 0x0000, 
0x0000, 0x0000, 0x0000, 0x0000, 0x0000, 0x0000, 0x0000, 0x0000, 
0x0000, 0x0000, 0x0000, 0x0000, 0x0000, 0x0000, 0x0000, 0x0000, 
0x0000, 0x0000, 0x0000, 0x0000, 0x0000, 0x0000, 0x0000, 0x0000, 
0x0000, 0x0000, 0x0000, 0x0000, 0x0000, 0x0000, 0x0000, 0x0000, 
0x0000, 0x0000, 0x0000, 0x0000, 0x0000, 0x0000, 0x0000, 0xffff, 
0xffff, 0xffff, 0xffff, 0xffff, 0xffff, 0xffff, 0xffff, 0x0000, 
0x0000, 0x0000, 0x0000, 0x0000, 0x0000, 0x0000, 0x0000, 0x0000, 
0x0000, 0x0000, 0x0000, 0x0000, 0x0000, 0x0000, 0x0000, 0x0000, 
0x0000, 0x0000, 0x0000, 0x0000, 0x0000, 0x0000, 0x0000, 0x0000, 
0x0000, 0x0000, 0x0000, 0x0000, 0x0000, 0x0000, 0x0000, 0x0000, 
0x0000, 0x0000, 0x0000, 0x0000, 0x0000, 0x0000, 0x0000, 0xffff, 
0xffff, 0xffff, 0xffff, 0xffff, 0xffff, 0xffff, 0xffff, 0x0000, 
0x0000, 0x0000, 0x0000, 0x0000, 0x0000, 0x0000, 0x0000, 0x0000, 
0x0000, 0x0000, 0x0000, 0x0000, 0x0000, 0x0000, 0x0000, 0x0000, 
0x0000, 0x0000, 0x0000, 0x0000, 0x0000, 0x0000, 0x0000, 0x0000, 
0x0000, 0x0000, 0x0000, 0x0000, 0x0000, 0x0000, 0x0000, 0x0000, 
0x0000, 0x0000, 0x0000, 0x0000, 0x0000, 0x0000, 0x0000, 0x0000, 
0x0000, 0x0000, 0x0000, 0x0000, 0x0000, 0x0000, 0x0000, 0x0000, 
0x0000, 0x0000, 0x0000, 0x0000, 0x0000, 0x0000, 0x0000, 0x0000, 
0x0000, 0x0000, 0x0000, 0x0000, 0x0000, 0x0000, 0x0000, 0x0000, 
0x0000, 0x0000, 0x0000, 0x0000, 0x0000, 0x0000, 0x0000, 0x0000, 
0x0000, 0x0000, 0x0000, 0x0000, 0x0000, 0x0000, 0x0000, 0x0000, 
0x0000, 0x0000, 0x0000, 0x0000, 0x0000, 0x0000, 0x0000, 0x0000, 
0x0000, 0x0000, 0x0000, 0x0000, 0x0000, 0x0000, 0x0000, 0x0000, 
0x0000, 0x0000, 0x0000, 0x0000, 0x0000, 0x0000, 0x0000, 0x0000, 
0x0000, 0x0000, 0x0000, 0x0000, 0x0000, 0x0000, 0x0000, 0x0000, 
0x0000, 0x0000, 0x0000, 0x0000, 0x0000, 0x0000, 0x0000, 0x0000, 
0x0000, 0x0000, 0x0000, 0x0000, 0x0000, 0x0000, 0x0000, 0x0000, 
0x0000, 0x0000, 0x0000, 0x0000, 0x0000, 0x0000, 0x0000, 0x0000, 
0x0000, 0x0000, 0x0000, 0x0000, 0x0000, 0x0000, 0x0000, 0x0000, 
0x0000, 0x0000, 0x0000, 0x0000, 0x0000, 0x0000, 0x0000, 0x0000, 
0x0000, 0x0000, 0x0000, 0x0000, 0x0000, 0x0000, 0x0000, 0x0000, 
0x0000, 0x0000, 0x0000, 0x0000, 0x0000, 0x0000, 0xffff, 0xffff, 
0xffff, 0xffff, 0xffff, 0xffff, 0xffff, 0xffff, 0xffff, 0x0000, 
0x0000, 0x0000, 0x0000, 0x0000, 0x0000, 0x0000, 0x0000, 0x0000, 
0x0000, 0x0000, 0x0000, 0x0000, 0x0000, 0x0000, 0x0000, 0x0000, 
0x0000, 0x0000, 0x0000, 0x0000, 0x0000, 0x0000, 0x0000, 0x0000, 
0x0000, 0x0000, 0x0000, 0x0000, 0x0000, 0x0000, 0x0000, 0x0000, 
0x0000, 0x0000, 0x0000, 0x0000, 0x0000, 0x0000, 0xffff, 0xffff, 
0xffff, 0xffff, 0xffff, 0xffff, 0xffff, 0xffff, 0xffff, 0x0000, 
0x0000, 0x0000, 0x0000, 0x0000, 0x0000, 0x0000, 0x0000, 0x0000, 
0x0000, 0x0000, 0x0000, 0x0000, 0x0000, 0x0000, 0x0000, 0x0000, 
0x0000, 0x0000, 0x0000, 0x0000, 0x0000, 0x0000, 0x0000, 0x0000, 
0x0000, 0x0000, 0x0000, 0x0000, 0x0000, 0x0000, 0x0000, 0x0000, 
0x0000, 0x0000, 0x0000, 0x0000, 0x0000, 0x0000, 0x0000, 0x0000, 
0x0000, 0x0000, 0x0000, 0x0000, 0x0000, 0x0000, 0x0000, 0x0000, 
0x0000, 0x0000, 0x0000, 0x0000, 0x0000, 0x0000, 0x0000, 0x0000, 
0x0000, 0x0000, 0x0000, 0x0000, 0x0000, 0x0000, 0x0000, 0x0000, 
0x0000, 0x0000, 0x0000, 0x0000, 0x0000, 0x0000, 0x0000, 0x0000, 
0x0000, 0x0000, 0x0000, 0x0000, 0x0000, 0x0000, 0x0000, 0x0000, 
0x0000, 0x0000, 0x0000, 0x0000, 0x0000, 0x0000, 0x0000, 0x0000, 
0x0000, 0x0000, 0x0000, 0x0000, 0x0000, 0x0000, 0x0000, 0x0000, 
0x0000, 0x0000, 0x0000, 0x0000, 0x0000, 0x0000, 0x0000, 0x0000, 
0x0000, 0x0000, 0x0000, 0x0000, 0x0000, 0x0000, 0x0000, 0x0000, 
0x0000, 0x0000, 0x0000, 0x0000, 0x0000, 0x0000, 0x0000, 0x0000, 
0x0000, 0x0000, 0x0000, 0x0000, 0x0000, 0x0000, 0x0000, 0x0000, 
0x0000, 0x0000, 0x0000, 0x0000, 0x0000, 0x0000, 0x0000, 0x0000, 
0x0000, 0x0000, 0x0000, 0x0000, 0x0000, 0x0000, 0x0000, 0x0000, 
0x0000, 0x0000, 0x0000, 0x0000, 0x0000, 0x0000, 0x0000, 0x0000, 
0x0000, 0x0000, 0x0000, 0x0000, 0x0000, 0x0000, 0x0000, 0x0000, 
0x0000, 0x0000, 0x0000, 0x0000, 0x0000, 0xffff, 0xffff, 0xffff, 
0xffff, 0xffff, 0xffff, 0xffff, 0xffff, 0xffff, 0xffff, 0x0000, 
0x0000, 0x0000, 0x0000, 0x0000, 0x0000, 0x0000, 0x0000, 0x0000, 
0x0000, 0x0000, 0x0000, 0x0000, 0x0000, 0x0000, 0x0000, 0x0000, 
0x0000, 0x0000, 0x0000, 0x0000, 0x0000, 0x0000, 0x0000, 0x0000, 
0x0000, 0x0000, 0x0000, 0x0000, 0x0000, 0x0000, 0x0000, 0x0000, 
0x0000, 0x0000, 0x0000, 0x0000, 0x0000, 0xffff, 0xffff, 0xffff, 
0xffff, 0xffff, 0xffff, 0xffff, 0xffff, 0xffff, 0xffff, 0x0000, 
0x0000, 0x0000, 0x0000, 0x0000, 0x0000, 0x0000, 0x0000, 0x0000, 
0x0000, 0x0000, 0x0000, 0x0000, 0x0000, 0x0000, 0x0000, 0x0000, 
0x0000, 0x0000, 0x0000, 0x0000, 0x0000, 0x0000, 0x0000, 0x0000, 
0x0000, 0x0000, 0x0000, 0x0000, 0x0000, 0x0000, 0x0000, 0x0000, 
0x0000, 0x0000, 0x0000, 0x0000, 0x0000, 0x0000, 0x0000, 0x0000, 
0x0000, 0x0000, 0x0000, 0x0000, 0x0000, 0x0000, 0x0000, 0x0000, 
0x0000, 0x0000, 0x0000, 0x0000, 0x0000, 0x0000, 0x0000, 0x0000, 
0x0000, 0x0000, 0x0000, 0x0000, 0x0000, 0x0000, 0x0000, 0x0000, 
0x0000, 0x0000, 0x0000, 0x0000, 0x0000, 0x0000, 0x0000, 0x0000, 
0x0000, 0x0000, 0x0000, 0x0000, 0x0000, 0x0000, 0x0000, 0x0000, 
0x0000, 0x0000, 0x0000, 0x0000, 0x0000, 0x0000, 0x0000, 0x0000, 
0x0000, 0x0000, 0x0000, 0x0000, 0x0000, 0x0000, 0x0000, 0x0000, 
0x0000, 0x0000, 0x0000, 0x0000, 0x0000, 0x0000, 0x0000, 0x0000, 
0x0000, 0x0000, 0x0000, 0x0000, 0x0000, 0x0000, 0x0000, 0x0000, 
0x0000, 0x0000, 0x0000, 0x0000, 0x0000, 0x0000, 0x0000, 0x0000, 
0x0000, 0x0000, 0x0000, 0x0000, 0x0000, 0x0000, 0x0000, 0x0000, 
0x0000, 0x0000, 0x0000, 0x0000, 0x0000, 0x0000, 0x0000, 0x0000, 
0x0000, 0x0000, 0x0000, 0x0000, 0x0000, 0x0000, 0x0000, 0x0000, 
0x0000, 0x0000, 0x0000, 0x0000, 0x0000, 0x0000, 0x0000, 0x0000, 
0x0000, 0x0000, 0x0000, 0x0000, 0x0000, 0x0000, 0x0000, 0x0000, 
0x0000, 0x0000, 0x0000, 0x0000, 0xffff, 0xffff, 0xffff, 0xffff, 
0xffff, 0xffff, 0xffff, 0xffff, 0xffff, 0xffff, 0xffff, 0x0000, 
0x0000, 0x0000, 0x0000, 0x0000, 0x0000, 0x0000, 0x0000, 0x0000, 
0x0000, 0x0000, 0x0000, 0x0000, 0x0000, 0x0000, 0x0000, 0x0000, 
0x0000, 0x0000, 0x0000, 0x0000, 0x0000, 0x0000, 0x0000, 0x0000, 
0x0000, 0x0000, 0x0000, 0x0000, 0x0000, 0x0000, 0x0000, 0x0000, 
0x0000, 0x0000, 0x0000, 0x0000, 0xffff, 0xffff, 0xffff, 0xffff, 
0xffff, 0xffff, 0xffff, 0xffff, 0xffff, 0xffff, 0xffff, 0x0000, 
0x0000, 0x0000, 0x0000, 0x0000, 0x0000, 0x0000, 0x0000, 0x0000, 
0x0000, 0x0000, 0x0000, 0x0000, 0x0000, 0x0000, 0x0000, 0x0000, 
0x0000, 0x0000, 0x0000, 0x0000, 0x0000, 0x0000, 0x0000, 0x0000, 
0x0000, 0x0000, 0x0000, 0x0000, 0x0000, 0x0000, 0x0000, 0x0000, 
0x0000, 0x0000, 0x0000, 0x0000, 0x0000, 0x0000, 0x0000, 0x0000, 
0x0000, 0x0000, 0x0000, 0x0000, 0x0000, 0x0000, 0x0000, 0x0000, 
0x0000, 0x0000, 0x0000, 0x0000, 0x0000, 0x0000, 0x0000, 0x0000, 
0x0000, 0x0000, 0x0000, 0x0000, 0x0000, 0x0000, 0x0000, 0x0000, 
0x0000, 0x0000, 0x0000, 0x0000, 0x0000, 0x0000, 0x0000, 0x0000, 
0x0000, 0x0000, 0x0000, 0x0000, 0x0000, 0x0000, 0x0000, 0x0000, 
0x0000, 0x0000, 0x0000, 0x0000, 0x0000, 0x0000, 0x0000, 0x0000, 
0x0000, 0x0000, 0x0000, 0x0000, 0x0000, 0x0000, 0x0000, 0x0000, 
0x0000, 0x0000, 0x0000, 0x0000, 0x0000, 0x0000, 0x0000, 0x0000, 
0x0000, 0x0000, 0x0000, 0x0000, 0x0000, 0x0000, 0x0000, 0x0000, 
0x0000, 0x0000, 0x0000, 0x0000, 0x0000, 0x0000, 0x0000, 0x0000, 
0x0000, 0x0000, 0x0000, 0x0000, 0x0000, 0x0000, 0x0000, 0x0000, 
0x0000, 0x0000, 0x0000, 0x0000, 0x0000, 0x0000, 0x0000, 0x0000, 
0x0000, 0x0000, 0x0000, 0x0000, 0x0000, 0x0000, 0x0000, 0x0000, 
0x0000, 0x0000, 0x0000, 0x0000, 0x0000, 0x0000, 0x0000, 0x0000, 
0x0000, 0x0000, 0x0000, 0x0000, 0x0000, 0x0000, 0x0000, 0x0000, 
0x0000, 0x0000, 0x0000, 0xffff, 0xffff, 0xffff, 0xffff, 0xffff, 
0xffff, 0xffff, 0xffff, 0xffff, 0xffff, 0xffff, 0xffff, 0x0000, 
0x0000, 0x0000, 0x0000, 0x0000, 0x0000, 0x0000, 0x0000, 0x0000, 
0x0000, 0x0000, 0x0000, 0x0000, 0x0000, 0x0000, 0x0000, 0x0000, 
0x0000, 0x0000, 0x0000, 0x0000, 0x0000, 0x0000, 0x0000, 0x0000, 
0x0000, 0x0000, 0x0000, 0x0000, 0x0000, 0x0000, 0x0000, 0x0000, 
0x0000, 0x0000, 0x0000, 0xffff, 0xffff, 0xffff, 0xffff, 0xffff, 
0xffff, 0xffff, 0xffff, 0xffff, 0xffff, 0xffff, 0xffff, 0x0000, 
0x0000, 0x0000, 0x0000, 0x0000, 0x0000, 0x0000, 0x0000, 0x0000, 
0x0000, 0x0000, 0x0000, 0x0000, 0x0000, 0x0000, 0x0000, 0x0000, 
0x0000, 0x0000, 0x0000, 0x0000, 0x0000, 0x0000, 0x0000, 0x0000, 
0x0000, 0x0000, 0x0000, 0x0000, 0x0000, 0x0000, 0x0000, 0x0000, 
0x0000, 0x0000, 0x0000, 0x0000, 0x0000, 0x0000, 0x0000, 0x0000, 
0x0000, 0x0000, 0x0000, 0x0000, 0x0000, 0x0000, 0x0000, 0x0000, 
0x0000, 0x0000, 0x0000, 0x0000, 0x0000, 0x0000, 0x0000, 0x0000, 
0x0000, 0x0000, 0x0000, 0x0000, 0x0000, 0x0000, 0x0000, 0x0000, 
0x0000, 0x0000, 0x0000, 0x0000, 0x0000, 0x0000, 0x0000, 0x0000, 
0x0000, 0x0000, 0x0000, 0x0000, 0x0000, 0x0000, 0x0000, 0x0000, 
0x0000, 0x0000, 0x0000, 0x0000, 0x0000, 0x0000, 0x0000, 0x0000, 
0x0000, 0x0000, 0x0000, 0x0000, 0x0000, 0x0000, 0x0000, 0x0000, 
0x0000, 0x0000, 0x0000, 0x0000, 0x0000, 0x0000, 0x0000, 0x0000, 
0x0000, 0x0000, 0x0000, 0x0000, 0x0000, 0x0000, 0x0000, 0x0000, 
0x0000, 0x0000, 0x0000, 0x0000, 0x0000, 0x0000, 0x0000, 0x0000, 
0x0000, 0x0000, 0x0000, 0x0000, 0x0000, 0x0000, 0x0000, 0x0000, 
0x0000, 0x0000, 0x0000, 0x0000, 0x0000, 0x0000, 0x0000, 0x0000, 
0x0000, 0x0000, 0x0000, 0x0000, 0x0000, 0x0000, 0x0000, 0x0000, 
0x0000, 0x0000, 0x0000, 0x0000, 0x0000, 0x0000, 0x0000, 0x0000, 
0x0000, 0x0000, 0x0000, 0x0000, 0x0000, 0x0000, 0x0000, 0x0000, 
0x0000, 0x0000, 0xffff, 0xffff, 0xffff, 0xffff, 0xffff, 0xffff, 
0xffff, 0xffff, 0xffff, 0xffff, 0xffff, 0xffff, 0xffff, 0x0000, 
0x0000, 0x0000, 0x0000, 0x0000, 0x0000, 0x0000, 0x0000, 0x0000, 
0x0000, 0x0000, 0x0000, 0x0000, 0x0000, 0x0000, 0x0000, 0x0000, 
0x0000, 0x0000, 0x0000, 0x0000, 0x0000, 0x0000, 0x0000, 0x0000, 
0x0000, 0x0000, 0x0000, 0x0000, 0x0000, 0x0000, 0x0000, 0x0000, 
0x0000, 0x0000, 0xffff, 0xffff, 0xffff, 0xffff, 0xffff, 0xffff, 
0xffff, 0xffff, 0xffff, 0xffff, 0xffff, 0xffff, 0xffff, 0x0000, 
0x0000, 0x0000, 0x0000, 0x0000, 0x0000, 0x0000, 0x0000, 0x0000, 
0x0000, 0x0000, 0x0000, 0x0000, 0x0000, 0x0000, 0x0000, 0x0000, 
0x0000, 0x0000, 0x0000, 0x0000, 0x0000, 0x0000, 0x0000, 0x0000, 
0x0000, 0x0000, 0x0000, 0x0000, 0x0000, 0x0000, 0x0000, 0x0000, 
0x0000, 0x0000, 0x0000, 0x0000, 0x0000, 0x0000, 0x0000, 0x0000, 
0x0000, 0x0000, 0x0000, 0x0000, 0x0000, 0x0000, 0x0000, 0x0000, 
0x0000, 0x0000, 0x0000, 0x0000, 0x0000, 0x0000, 0x0000, 0x0000, 
0x0000, 0x0000, 0x0000, 0x0000, 0x0000, 0x0000, 0x0000, 0x0000, 
0x0000, 0x0000, 0x0000, 0x0000, 0x0000, 0x0000, 0x0000, 0x0000, 
0x0000, 0x0000, 0x0000, 0x0000, 0x0000, 0x0000, 0x0000, 0x0000, 
0x0000, 0x0000, 0x0000, 0x0000, 0x0000, 0x0000, 0x0000, 0x0000, 
0x0000, 0x0000, 0x0000, 0x0000, 0x0000, 0x0000, 0x0000, 0x0000, 
0x0000, 0x0000, 0x0000, 0x0000, 0x0000, 0x0000, 0x0000, 0x0000, 
0x0000, 0x0000, 0x0000, 0x0000, 0x0000, 0x0000, 0x0000, 0x0000, 
0x0000, 0x0000, 0x0000, 0x0000, 0x0000, 0x0000, 0x0000, 0x0000, 
0x0000, 0x0000, 0x0000, 0x0000, 0x0000, 0x0000, 0x0000, 0x0000, 
0x0000, 0x0000, 0x0000, 0x0000, 0x0000, 0x0000, 0x0000, 0x0000, 
0x0000, 0x0000, 0x0000, 0x0000, 0x0000, 0x0000, 0x0000, 0x0000, 
0x0000, 0x0000, 0x0000, 0x0000, 0x0000, 0x0000, 0x0000, 0x0000, 
0x0000, 0x0000, 0x0000, 0x0000, 0x0000, 0x0000, 0x0000, 0x0000, 
0x0000, 0xffff, 0xffff, 0xffff, 0xffff, 0xffff, 0xffff, 0xffff, 
0xffff, 0xffff, 0xffff, 0xffff, 0xffff, 0xffff, 0xffff, 0x0000, 
0x0000, 0x0000, 0x0000, 0x0000, 0x0000, 0x0000, 0x0000, 0x0000, 
0x0000, 0x0000, 0x0000, 0x0000, 0x0000, 0x0000, 0x0000, 0x0000, 
0x0000, 0x0000, 0x0000, 0x0000, 0x0000, 0x0000, 0x0000, 0x0000, 
0x0000, 0x0000, 0x0000, 0x0000, 0x0000, 0x0000, 0x0000, 0x0000, 
0x0000, 0xffff, 0xffff, 0xffff, 0xffff, 0xffff, 0xffff, 0xffff, 
0xffff, 0xffff, 0xffff, 0xffff, 0xffff, 0xffff, 0xffff, 0x0000, 
0x0000, 0x0000, 0x0000, 0x0000, 0x0000, 0x0000, 0x0000, 0x0000, 
0x0000, 0x0000, 0x0000, 0x0000, 0x0000, 0x0000, 0x0000, 0x0000, 
0x0000, 0x0000, 0x0000, 0x0000, 0x0000, 0x0000, 0x0000, 0x0000, 
0x0000, 0x0000, 0x0000, 0x0000, 0x0000, 0x0000, 0x0000, 0x0000, 
0x0000, 0x0000, 0x0000, 0x0000, 0x0000, 0x0000, 0x0000, 0x0000, 
0x0000, 0x0000, 0x0000, 0x0000, 0x0000, 0x0000, 0x0000, 0x0000, 
0x0000, 0x0000, 0x0000, 0x0000, 0x0000, 0x0000, 0x0000, 0x0000, 
0x0000, 0x0000, 0x0000, 0x0000, 0x0000, 0x0000, 0x0000, 0x0000, 
0x0000, 0x0000, 0x0000, 0x0000, 0x0000, 0x0000, 0x0000, 0x0000, 
0x0000, 0x0000, 0x0000, 0x0000, 0x0000, 0x0000, 0x0000, 0x0000, 
0x0000, 0x0000, 0x0000, 0x0000, 0x0000, 0x0000, 0x0000, 0x0000, 
0x0000, 0x0000, 0x0000, 0x0000, 0x0000, 0x0000, 0x0000, 0x0000, 
0x0000, 0x0000, 0x0000, 0x0000, 0x0000, 0x0000, 0x0000, 0x0000, 
0x0000, 0x0000, 0x0000, 0x0000, 0x0000, 0x0000, 0x0000, 0x0000, 
0x0000, 0x0000, 0x0000, 0x0000, 0x0000, 0x0000, 0x0000, 0x0000, 
0x0000, 0x0000, 0x0000, 0x0000, 0x0000, 0x0000, 0x0000, 0x0000, 
0x0000, 0x0000, 0x0000, 0x0000, 0x0000, 0x0000, 0x0000, 0x0000, 
0x0000, 0x0000, 0x0000, 0x0000, 0x0000, 0x0000, 0x0000, 0x0000, 
0x0000, 0x0000, 0x0000, 0x0000, 0x0000, 0x0000, 0x0000, 0x0000, 
0x0000, 0x0000, 0x0000, 0x0000, 0x0000, 0x0000, 0x0000, 0x0000, 
0xffff, 0xffff, 0xffff, 0xffff, 0xffff, 0xffff, 0xffff, 0xffff, 
0xffff, 0xffff, 0xffff, 0xffff, 0xffff, 0xffff, 0xffff, 0x0000, 
0x0000, 0x0000, 0x0000, 0x0000, 0x0000, 0x0000, 0x0000, 0x0000, 
0x0000, 0x0000, 0x0000, 0x0000, 0x0000, 0x0000, 0x0000, 0x0000, 
0x0000, 0x0000, 0x0000, 0x0000, 0x0000, 0x0000, 0x0000, 0x0000, 
0x0000, 0x0000, 0x0000, 0x0000, 0x0000, 0x0000, 0x0000, 0x0000, 
0xffff, 0xffff, 0xffff, 0xffff, 0xffff, 0xffff, 0xffff, 0xffff, 
0xffff, 0xffff, 0xffff, 0xffff, 0xffff, 0xffff, 0xffff, 0x0000, 
0x0000, 0x0000, 0x0000, 0x0000, 0x0000, 0x0000, 0x0000, 0x0000, 
0x0000, 0x0000, 0x0000, 0x0000, 0x0000, 0x0000, 0x0000, 0x0000, 
0x0000, 0x0000, 0x0000, 0x0000, 0x0000, 0x0000, 0x0000, 0x0000, 
0x0000, 0x0000, 0x0000, 0x0000, 0x0000, 0x0000, 0x0000, 0x0000, 
0x0000, 0x0000, 0x0000, 0x0000, 0x0000, 0x0000, 0x0000, 0x0000, 
0x0000, 0x0000, 0x0000, 0x0000, 0x0000, 0x0000, 0x0000, 0x0000, 
0x0000, 0x0000, 0x0000, 0x0000, 0x0000, 0x0000, 0x0000, 0x0000, 
0x0000, 0x0000, 0x0000, 0x0000, 0x0000, 0x0000, 0x0000, 0x0000, 
0x0000, 0x0000, 0x0000, 0x0000, 0x0000, 0x0000, 0x0000, 0x0000, 
0x0000, 0x0000, 0x0000, 0x0000, 0x0000, 0x0000, 0x0000, 0x0000, 
0x0000, 0x0000, 0x0000, 0x0000, 0x0000, 0x0000, 0x0000, 0x0000, 
0x0000, 0x0000, 0x0000, 0x0000, 0x0000, 0x0000, 0x0000, 0x0000, 
0x0000, 0x0000, 0x0000, 0x0000, 0x0000, 0x0000, 0x0000, 0x0000, 
0x0000, 0x0000, 0x0000, 0x0000, 0x0000, 0x0000, 0x0000, 0x0000, 
0x0000, 0x0000, 0x0000, 0x0000, 0x0000, 0x0000, 0x0000, 0x0000, 
0x0000, 0x0000, 0x0000, 0x0000, 0x0000, 0x0000, 0x0000, 0x0000, 
0x0000, 0x0000, 0x0000, 0x0000, 0x0000, 0x0000, 0x0000, 0x0000, 
0x0000, 0x0000, 0x0000, 0x0000, 0x0000, 0x0000, 0x0000, 0x0000, 
0x0000, 0x0000, 0x0000, 0x0000, 0x0000, 0x0000, 0x0000, 0x0000, 
0x0000, 0x0000, 0x0000, 0x0000, 0x0000, 0x0000, 0x0000, 0xffff, 
0xffff, 0xffff, 0xffff, 0xffff, 0xffff, 0xffff, 0xffff, 0xffff, 
0xffff, 0xffff, 0xffff, 0xffff, 0xffff, 0xffff, 0xffff, 0x0000, 
0x0000, 0x0000, 0x0000, 0x0000, 0x0000, 0x0000, 0x0000, 0x0000, 
0x0000, 0x0000, 0x0000, 0x0000, 0x0000, 0x0000, 0x0000, 0x0000, 
0x0000, 0x0000, 0x0000, 0x0000, 0x0000, 0x0000, 0x0000, 0x0000, 
0x0000, 0x0000, 0x0000, 0x0000, 0x0000, 0x0000, 0x0000, 0xffff, 
0xffff, 0xffff, 0xffff, 0xffff, 0xffff, 0xffff, 0xffff, 0xffff, 
0xffff, 0xffff, 0xffff, 0xffff, 0xffff, 0xffff, 0xffff, 0x0000, 
0x0000, 0x0000, 0x0000, 0x0000, 0x0000, 0x0000, 0x0000, 0x0000, 
0x0000, 0x0000, 0x0000, 0x0000, 0x0000, 0x0000, 0x0000, 0x0000, 
0x0000, 0x0000, 0x0000, 0x0000, 0x0000, 0x0000, 0x0000, 0x0000, 
0x0000, 0x0000, 0x0000, 0x0000, 0x0000, 0x0000, 0x0000, 0x0000, 
0x0000, 0x0000, 0x0000, 0x0000, 0x0000, 0x0000, 0x0000, 0x0000, 
0x0000, 0x0000, 0x0000, 0x0000, 0x0000, 0x0000, 0x0000, 0x0000, 
0x0000, 0x0000, 0x0000, 0x0000, 0x0000, 0x0000, 0x0000, 0x0000, 
0x0000, 0x0000, 0x0000, 0x0000, 0x0000, 0x0000, 0x0000, 0x0000, 
0x0000, 0x0000, 0x0000, 0x0000, 0x0000, 0x0000, 0x0000, 0x0000, 
0x0000, 0x0000, 0x0000, 0x0000, 0x0000, 0x0000, 0x0000, 0x0000, 
0x0000, 0x0000, 0x0000, 0x0000, 0x0000, 0x0000, 0x0000, 0x0000, 
0x0000, 0x0000, 0x0000, 0x0000, 0x0000, 0x0000, 0x0000, 0x0000, 
0x0000, 0x0000, 0x0000, 0x0000, 0x0000, 0x0000, 0x0000, 0x0000, 
0x0000, 0x0000, 0x0000, 0x0000, 0x0000, 0x0000, 0x0000, 0x0000, 
0x0000, 0x0000, 0x0000, 0x0000, 0x0000, 0x0000, 0x0000, 0x0000, 
0x0000, 0x0000, 0x0000, 0x0000, 0x0000, 0x0000, 0x0000, 0x0000, 
0x0000, 0x0000, 0x0000, 0x0000, 0x0000, 0x0000, 0x0000, 0x0000, 
0x0000, 0x0000, 0x0000, 0x0000, 0x0000, 0x0000, 0x0000, 0x0000, 
0x0000, 0x0000, 0x0000, 0x0000, 0x0000, 0x0000, 0x0000, 0x0000, 
0x0000, 0x0000, 0x0000, 0x0000, 0x0000, 0x0000, 0xffff, 0xffff, 
0xffff, 0xffff, 0xffff, 0xffff, 0xffff, 0xffff, 0xffff, 0xffff, 
0xffff, 0xffff, 0xffff, 0xffff, 0xffff, 0xffff, 0xffff, 0x0000, 
0x0000, 0x0000, 0x0000, 0x0000, 0x0000, 0x0000, 0x0000, 0x0000, 
0x0000, 0x0000, 0x0000, 0x0000, 0x0000, 0x0000, 0x0000, 0x0000, 
0x0000, 0x0000, 0x0000, 0x0000, 0x0000, 0x0000, 0x0000, 0x0000, 
0x0000, 0x0000, 0x0000, 0x0000, 0x0000, 0x0000, 0xffff, 0xffff, 
0xffff, 0xffff, 0xffff, 0xffff, 0xffff, 0xffff, 0xffff, 0xffff, 
0xffff, 0xffff, 0xffff, 0xffff, 0xffff, 0xffff, 0xffff, 0x0000, 
0x0000, 0x0000, 0x0000, 0x0000, 0x0000, 0x0000, 0x0000, 0x0000, 
0x0000, 0x0000, 0x0000, 0x0000, 0x0000, 0x0000, 0x0000, 0x0000, 
0x0000, 0x0000, 0x0000, 0x0000, 0x0000, 0x0000, 0x0000, 0x0000, 
0x0000, 0x0000, 0x0000, 0x0000, 0x0000, 0x0000, 0x0000, 0x0000, 
0x0000, 0x0000, 0x0000, 0x0000, 0x0000, 0x0000, 0x0000, 0x0000, 
0x0000, 0x0000, 0x0000, 0x0000, 0x0000, 0x0000, 0x0000, 0x0000, 
0x0000, 0x0000, 0x0000, 0x0000, 0x0000, 0x0000, 0x0000, 0x0000, 
0x0000, 0x0000, 0x0000, 0x0000, 0x0000, 0x0000, 0x0000, 0x0000, 
0x0000, 0x0000, 0x0000, 0x0000, 0x0000, 0x0000, 0x0000, 0x0000, 
0x0000, 0x0000, 0x0000, 0x0000, 0x0000, 0x0000, 0x0000, 0x0000, 
0x0000, 0x0000, 0x0000, 0x0000, 0x0000, 0x0000, 0x0000, 0x0000, 
0x0000, 0x0000, 0x0000, 0x0000, 0x0000, 0x0000, 0x0000, 0x0000, 
0x0000, 0x0000, 0x0000, 0x0000, 0x0000, 0x0000, 0x0000, 0x0000, 
0x0000, 0x0000, 0x0000, 0x0000, 0x0000, 0x0000, 0x0000, 0x0000, 
0x0000, 0x0000, 0x0000, 0x0000, 0x0000, 0x0000, 0x0000, 0x0000, 
0x0000, 0x0000, 0x0000, 0x0000, 0x0000, 0x0000, 0x0000, 0x0000, 
0x0000, 0x0000, 0x0000, 0x0000, 0x0000, 0x0000, 0x0000, 0x0000, 
0x0000, 0x0000, 0x0000, 0x0000, 0x0000, 0x0000, 0x0000, 0x0000, 
0x0000, 0x0000, 0x0000, 0x0000, 0x0000, 0x0000, 0x0000, 0xffff, 
0xffff, 0xffff, 0xffff, 0xffff, 0x0000, 0xffff, 0xffff, 0xffff, 
0xffff, 0xffff, 0xffff, 0xffff, 0xffff, 0xffff, 0xffff, 0xffff, 
0xffff, 0xffff, 0xffff, 0xffff, 0xffff, 0xffff, 0xffff, 0x0000, 
0x0000, 0x0000, 0x0000, 0x0000, 0x0000, 0x0000, 0x0000, 0x0000, 
0x0000, 0x0000, 0x0000, 0x0000, 0x0000, 0x0000, 0x0000, 0x0000, 
0x0000, 0x0000, 0x0000, 0x0000, 0x0000, 0x0000, 0x0000, 0xffff, 
0xffff, 0xffff, 0xffff, 0xffff, 0x0000, 0xffff, 0xffff, 0xffff, 
0xffff, 0xffff, 0xffff, 0xffff, 0xffff, 0xffff, 0xffff, 0xffff, 
0xffff, 0xffff, 0xffff, 0xffff, 0xffff, 0xffff, 0xffff, 0x0000, 
0x0000, 0x0000, 0x0000, 0x0000, 0x0000, 0x0000, 0x0000, 0xffff, 
0x0000, 0x0000, 0x0000, 0x0000, 0x0000, 0x0000, 0x0000, 0x0000, 
0x0000, 0x0000, 0x0000, 0x0000, 0x0000, 0x0000, 0x0000, 0x0000, 
0x0000, 0x0000, 0x0000, 0x0000, 0x0000, 0x0000, 0x0000, 0x0000, 
0x0000, 0x0000, 0x0000, 0x0000, 0x0000, 0x0000, 0x0000, 0x0000, 
0x0000, 0x0000, 0x0000, 0x0000, 0x0000, 0x0000, 0x0000, 0x0000, 
0x0000, 0x0000, 0x0000, 0x0000, 0x0000, 0x0000, 0x0000, 0x0000, 
0x0000, 0x0000, 0x0000, 0x0000, 0x0000, 0x0000, 0x0000, 0x0000, 
0x0000, 0x0000, 0x0000, 0x0000, 0x0000, 0x0000, 0x0000, 0x0000, 
0x0000, 0x0000, 0x0000, 0x0000, 0x0000, 0x0000, 0x0000, 0x0000, 
0x0000, 0x0000, 0x0000, 0x0000, 0x0000, 0x0000, 0x0000, 0x0000, 
0x0000, 0x0000, 0x0000, 0x0000, 0x0000, 0x0000, 0x0000, 0x0000, 
0x0000, 0x0000, 0x0000, 0x0000, 0x0000, 0x0000, 0x0000, 0x0000, 
0x0000, 0x0000, 0x0000, 0x0000, 0x0000, 0x0000, 0x0000, 0x0000, 
0x0000, 0x0000, 0x0000, 0x0000, 0x0000, 0x0000, 0x0000, 0x0000, 
0x0000, 0x0000, 0x0000, 0x0000, 0x0000, 0x0000, 0x0000, 0x0000, 
0x0000, 0x0000, 0x0000, 0x0000, 0x0000, 0x0000, 0x0000, 0x0000, 
0x0000, 0x0000, 0x0000, 0x0000, 0x0000, 0x0000, 0x0000, 0x0000, 
0x0000, 0x0000, 0x0000, 0x0000, 0x0000, 0x0000, 0xffff, 0xffff, 
0xffff, 0xffff, 0xffff, 0xffff, 0x0000, 0xffff, 0xffff, 0xffff, 
0xffff, 0xffff, 0xffff, 0xffff, 0xffff, 0xffff, 0xffff, 0xffff, 
0xffff, 0xffff, 0xffff, 0xffff, 0xffff, 0xffff, 0xffff, 0x0000, 
0x0000, 0x0000, 0x0000, 0x0000, 0x0000, 0x0000, 0x0000, 0x0000, 
0x0000, 0x0000, 0x0000, 0x0000, 0x0000, 0x0000, 0x0000, 0x0000, 
0x0000, 0x0000, 0x0000, 0x0000, 0x0000, 0x0000, 0xffff, 0xffff, 
0xffff, 0xffff, 0xffff, 0xffff, 0x0000, 0xffff, 0xffff, 0xffff, 
0xffff, 0xffff, 0xffff, 0xffff, 0xffff, 0xffff, 0xffff, 0xffff, 
0xffff, 0xffff, 0xffff, 0xffff, 0xffff, 0xffff, 0xffff, 0x0000, 
0x0000, 0x0000, 0x0000, 0x0000, 0x0000, 0x0000, 0x0000, 0x0000, 
0xffff, 0x0000, 0x0000, 0x0000, 0x0000, 0x0000, 0x0000, 0x0000, 
0x0000, 0x0000, 0x0000, 0x0000, 0x0000, 0x0000, 0x0000, 0x0000, 
0x0000, 0x0000, 0x0000, 0x0000, 0x0000, 0x0000, 0x0000, 0x0000, 
0x0000, 0x0000, 0x0000, 0x0000, 0x0000, 0x0000, 0x0000, 0x0000, 
0x0000, 0x0000, 0x0000, 0x0000, 0x0000, 0x0000, 0x0000, 0x0000, 
0x0000, 0x0000, 0x0000, 0x0000, 0x0000, 0x0000, 0x0000, 0x0000, 
0x0000, 0x0000, 0x0000, 0x0000, 0x0000, 0x0000, 0x0000, 0x0000, 
0x0000, 0x0000, 0x0000, 0x0000, 0x0000, 0x0000, 0x0000, 0x0000, 
0x0000, 0x0000, 0x0000, 0x0000, 0x0000, 0x0000, 0x0000, 0x0000, 
0x0000, 0x0000, 0x0000, 0x0000, 0x0000, 0x0000, 0x0000, 0x0000, 
0x0000, 0x0000, 0x0000, 0x0000, 0x0000, 0x0000, 0x0000, 0x0000, 
0x0000, 0x0000, 0x0000, 0x0000, 0x0000, 0x0000, 0x0000, 0x0000, 
0x0000, 0x0000, 0x0000, 0x0000, 0x0000, 0x0000, 0x0000, 0x0000, 
0x0000, 0x0000, 0x0000, 0x0000, 0x0000, 0x0000, 0x0000, 0x0000, 
0x0000, 0x0000, 0x0000, 0x0000, 0x0000, 0x0000, 0x0000, 0x0000, 
0x0000, 0x0000, 0x0000, 0x0000, 0x0000, 0x0000, 0x0000, 0x0000, 
0x0000, 0x0000, 0x0000, 0x0000, 0x0000, 0x0000, 0x0000, 0x0000, 
0x0000, 0x0000, 0x0000, 0x0000, 0x0000, 0x0000, 0xffff, 0xffff, 
0xffff, 0xffff, 0xffff, 0xffff, 0x0000, 0xffff, 0xffff, 0xffff, 
0xffff, 0xffff, 0xffff, 0xffff, 0xffff, 0xffff, 0xffff, 0xffff, 
0xffff, 0xffff, 0xffff, 0xffff, 0xffff, 0xffff, 0xffff, 0x0000, 
0x0000, 0x0000, 0x0000, 0x0000, 0x0000, 0x0000, 0x0000, 0x0000, 
0x0000, 0x0000, 0x0000, 0x0000, 0x0000, 0x0000, 0x0000, 0x0000, 
0x0000, 0x0000, 0x0000, 0x0000, 0x0000, 0x0000, 0xffff, 0xffff, 
0xffff, 0xffff, 0xffff, 0xffff, 0x0000, 0xffff, 0xffff, 0xffff, 
0xffff, 0xffff, 0xffff, 0xffff, 0xffff, 0xffff, 0xffff, 0xffff, 
0xffff, 0xffff, 0xffff, 0xffff, 0xffff, 0xffff, 0xffff, 0x0000, 
0x0000, 0x0000, 0x0000, 0x0000, 0x0000, 0xffff, 0x0000, 0x0000, 
0x0000, 0xffff, 0x0000, 0x0000, 0x0000, 0x0000, 0x0000, 0x0000, 
0x0000, 0x0000, 0x0000, 0x0000, 0x0000, 0x0000, 0x0000, 0x0000, 
0x0000, 0x0000, 0x0000, 0x0000, 0x0000, 0x0000, 0x0000, 0x0000, 
0x0000, 0x0000, 0x0000, 0x0000, 0x0000, 0x0000, 0x0000, 0x0000, 
0x0000, 0x0000, 0x0000, 0x0000, 0x0000, 0x0000, 0x0000, 0x0000, 
0x0000, 0x0000, 0x0000, 0x0000, 0x0000, 0x0000, 0x0000, 0x0000, 
0x0000, 0x0000, 0x0000, 0x0000, 0x0000, 0x0000, 0x0000, 0x0000, 
0x0000, 0x0000, 0x0000, 0x0000, 0x0000, 0x0000, 0x0000, 0x0000, 
0x0000, 0x0000, 0x0000, 0x0000, 0x0000, 0x0000, 0x0000, 0x0000, 
0x0000, 0x0000, 0x0000, 0x0000, 0x0000, 0x0000, 0x0000, 0x0000, 
0x0000, 0x0000, 0x0000, 0x0000, 0x0000, 0x0000, 0x0000, 0x0000, 
0x0000, 0x0000, 0x0000, 0x0000, 0x0000, 0x0000, 0x0000, 0x0000, 
0x0000, 0x0000, 0x0000, 0x0000, 0x0000, 0x0000, 0x0000, 0x0000, 
0x0000, 0x0000, 0x0000, 0x0000, 0x0000, 0x0000, 0x0000, 0x0000, 
0x0000, 0x0000, 0x0000, 0x0000, 0x0000, 0x0000, 0x0000, 0x0000, 
0x0000, 0x0000, 0x0000, 0x0000, 0x0000, 0x0000, 0x0000, 0x0000, 
0x0000, 0x0000, 0x0000, 0x0000, 0x0000, 0x0000, 0x0000, 0x0000, 
0x0000, 0x0000, 0x0000, 0x0000, 0x0000, 0x0000, 0xffff, 0xffff, 
0xffff, 0xffff, 0xffff, 0xffff, 0x0000, 0xffff, 0xffff, 0xffff, 
0xffff, 0xffff, 0xffff, 0xffff, 0xffff, 0xffff, 0xffff, 0xffff, 
0xffff, 0xffff, 0xffff, 0xffff, 0xffff, 0xffff, 0xffff, 0x0000, 
0xffff, 0xffff, 0x0000, 0x0000, 0x0000, 0x0000, 0x0000, 0x0000, 
0x0000, 0xffff, 0xffff, 0x0000, 0x0000, 0x0000, 0x0000, 0x0000, 
0x0000, 0x0000, 0x0000, 0x0000, 0x0000, 0x0000, 0xffff, 0xffff, 
0xffff, 0xffff, 0xffff, 0xffff, 0x0000, 0xffff, 0xffff, 0xffff, 
0xffff, 0xffff, 0xffff, 0xffff, 0xffff, 0xffff, 0xffff, 0xffff, 
0xffff, 0xffff, 0xffff, 0xffff, 0xffff, 0xffff, 0xffff, 0x0000, 
0x0000, 0x0000, 0x0000, 0x0000, 0x0000, 0x0000, 0xffff, 0x0000, 
0x0000, 0x0000, 0xffff, 0x0000, 0x0000, 0x0000, 0x0000, 0x0000, 
0x0000, 0x0000, 0x0000, 0x0000, 0x0000, 0x0000, 0x0000, 0x0000, 
0x0000, 0x0000, 0x0000, 0x0000, 0x0000, 0x0000, 0x0000, 0x0000, 
0x0000, 0x0000, 0x0000, 0x0000, 0x0000, 0x0000, 0x0000, 0x0000, 
0x0000, 0x0000, 0x0000, 0x0000, 0x0000, 0x0000, 0x0000, 0x0000, 
0x0000, 0x0000, 0x0000, 0x0000, 0x0000, 0x0000, 0x0000, 0x0000, 
0x0000, 0x0000, 0x0000, 0x0000, 0x0000, 0x0000, 0x0000, 0x0000, 
0x0000, 0x0000, 0x0000, 0x0000, 0x0000, 0x0000, 0x0000, 0x0000, 
0x0000, 0x0000, 0x0000, 0x0000, 0x0000, 0x0000, 0x0000, 0x0000, 
0x0000, 0x0000, 0x0000, 0x0000, 0x0000, 0x0000, 0x0000, 0x0000, 
0x0000, 0x0000, 0x0000, 0x0000, 0x0000, 0x0000, 0x0000, 0x0000, 
0x0000, 0x0000, 0x0000, 0x0000, 0x0000, 0x0000, 0x0000, 0x0000, 
0x0000, 0x0000, 0x0000, 0x0000, 0x0000, 0x0000, 0x0000, 0x0000, 
0x0000, 0x0000, 0x0000, 0x0000, 0x0000, 0x0000, 0x0000, 0x0000, 
0x0000, 0x0000, 0x0000, 0x0000, 0x0000, 0x0000, 0x0000, 0x0000, 
0x0000, 0x0000, 0x0000, 0x0000, 0x0000, 0x0000, 0x0000, 0x0000, 
0x0000, 0x0000, 0x0000, 0x0000, 0x0000, 0x0000, 0x0000, 0x0000, 
0x0000, 0x0000, 0x0000, 0x0000, 0x0000, 0x0000, 0xffff, 0xffff, 
0xffff, 0xffff, 0xffff, 0xffff, 0x0000, 0xffff, 0xffff, 0xffff, 
0xffff, 0xffff, 0xffff, 0xffff, 0xffff, 0xffff, 0xffff, 0xffff, 
0xffff, 0xffff, 0xffff, 0xffff, 0xffff, 0xffff, 0xffff, 0x0000, 
0xffff, 0xffff, 0xffff, 0x0000, 0x0000, 0x0000, 0x0000, 0x0000, 
0xffff, 0xffff, 0xffff, 0x0000, 0x0000, 0x0000, 0x0000, 0x0000, 
0x0000, 0x0000, 0x0000, 0x0000, 0x0000, 0x0000, 0xffff, 0xffff, 
0xffff, 0xffff, 0xffff, 0xffff, 0x0000, 0xffff, 0xffff, 0xffff, 
0xffff, 0xffff, 0xffff, 0xffff, 0xffff, 0xffff, 0xffff, 0xffff, 
0xffff, 0xffff, 0xffff, 0xffff, 0xffff, 0xffff, 0xffff, 0x0000, 
0x0000, 0x0000, 0x0000, 0xffff, 0x0000, 0x0000, 0x0000, 0xffff, 
0x0000, 0x0000, 0x0000, 0xffff, 0x0000, 0x0000, 0x0000, 0x0000, 
0x0000, 0x0000, 0x0000, 0x0000, 0x0000, 0x0000, 0x0000, 0x0000, 
0x0000, 0x0000, 0x0000, 0x0000, 0x0000, 0x0000, 0x0000, 0x0000, 
0x0000, 0x0000, 0x0000, 0x0000, 0x0000, 0x0000, 0x0000, 0x0000, 
0x0000, 0x0000, 0x0000, 0x0000, 0x0000, 0x0000, 0x0000, 0x0000, 
0x0000, 0x0000, 0x0000, 0x0000, 0x0000, 0x0000, 0x0000, 0x0000, 
0x0000, 0x0000, 0x0000, 0x0000, 0x0000, 0x0000, 0x0000, 0x0000, 
0x0000, 0x0000, 0x0000, 0x0000, 0x0000, 0x0000, 0x0000, 0x0000, 
0x0000, 0x0000, 0x0000, 0x0000, 0x0000, 0x0000, 0x0000, 0x0000, 
0x0000, 0x0000, 0x0000, 0x0000, 0x0000, 0x0000, 0x0000, 0x0000, 
0x0000, 0x0000, 0x0000, 0x0000, 0x0000, 0x0000, 0x0000, 0x0000, 
0x0000, 0x0000, 0x0000, 0x0000, 0x0000, 0x0000, 0x0000, 0x0000, 
0x0000, 0x0000, 0x0000, 0x0000, 0x0000, 0x0000, 0x0000, 0x0000, 
0x0000, 0x0000, 0x0000, 0x0000, 0x0000, 0x0000, 0x0000, 0x0000, 
0x0000, 0x0000, 0x0000, 0x0000, 0x0000, 0x0000, 0x0000, 0x0000, 
0x0000, 0x0000, 0x0000, 0x0000, 0x0000, 0x0000, 0x0000, 0x0000, 
0x0000, 0x0000, 0x0000, 0x0000, 0x0000, 0x0000, 0x0000, 0x0000, 
0x0000, 0x0000, 0x0000, 0x0000, 0x0000, 0x0000, 0xffff, 0xffff, 
0xffff, 0xffff, 0xffff, 0xffff, 0x0000, 0xffff, 0xffff, 0xffff, 
0xffff, 0xffff, 0xffff, 0xffff, 0xffff, 0xffff, 0xffff, 0xffff, 
0xffff, 0xffff, 0xffff, 0xffff, 0xffff, 0xffff, 0xffff, 0x0000, 
0x0000, 0xffff, 0xffff, 0xffff, 0x0000, 0x0000, 0x0000, 0xffff, 
0xffff, 0xffff, 0x0000, 0x0000, 0x0000, 0x0000, 0x0000, 0x0000, 
0x0000, 0x0000, 0x0000, 0x0000, 0x0000, 0x0000, 0xffff, 0xffff, 
0xffff, 0xffff, 0xffff, 0xffff, 0x0000, 0xffff, 0xffff, 0xffff, 
0xffff, 0xffff, 0xffff, 0xffff, 0xffff, 0xffff, 0xffff, 0xffff, 
0xffff, 0xffff, 0xffff, 0xffff, 0xffff, 0xffff, 0xffff, 0x0000, 
0x0000, 0x0000, 0x0000, 0x0000, 0xffff, 0x0000, 0x0000, 0x0000, 
0xffff, 0x0000, 0x0000, 0xffff, 0x0000, 0x0000, 0x0000, 0x0000, 
0x0000, 0x0000, 0x0000, 0x0000, 0x0000, 0x0000, 0x0000, 0x0000, 
0x0000, 0x0000, 0x0000, 0x0000, 0x0000, 0x0000, 0x0000, 0x0000, 
0x0000, 0x0000, 0x0000, 0x0000, 0x0000, 0x0000, 0x0000, 0x0000, 
0x0000, 0x0000, 0x0000, 0x0000, 0x0000, 0x0000, 0x0000, 0x0000, 
0x0000, 0x0000, 0x0000, 0x0000, 0x0000, 0x0000, 0x0000, 0x0000, 
0x0000, 0x0000, 0x0000, 0x0000, 0x0000, 0x0000, 0x0000, 0x0000, 
0x0000, 0x0000, 0x0000, 0x0000, 0x0000, 0x0000, 0x0000, 0x0000, 
0x0000, 0x0000, 0x0000, 0x0000, 0x0000, 0x0000, 0x0000, 0x0000, 
0x0000, 0x0000, 0x0000, 0x0000, 0x0000, 0x0000, 0x0000, 0x0000, 
0x0000, 0x0000, 0x0000, 0x0000, 0x0000, 0x0000, 0x0000, 0x0000, 
0x0000, 0x0000, 0x0000, 0x0000, 0x0000, 0x0000, 0x0000, 0x0000, 
0x0000, 0x0000, 0x0000, 0x0000, 0x0000, 0x0000, 0x0000, 0x0000, 
0x0000, 0x0000, 0x0000, 0x0000, 0x0000, 0x0000, 0x0000, 0x0000, 
0x0000, 0x0000, 0x0000, 0x0000, 0x0000, 0x0000, 0x0000, 0x0000, 
0x0000, 0x0000, 0x0000, 0x0000, 0x0000, 0x0000, 0x0000, 0x0000, 
0x0000, 0x0000, 0x0000, 0x0000, 0x0000, 0x0000, 0x0000, 0x0000, 
0x0000, 0x0000, 0x0000, 0x0000, 0x0000, 0x0000, 0xffff, 0xffff, 
0xffff, 0xffff, 0xffff, 0xffff, 0x0000, 0xffff, 0xffff, 0xffff, 
0xffff, 0xffff, 0xffff, 0xffff, 0xffff, 0xffff, 0xffff, 0xffff, 
0xffff, 0xffff, 0xffff, 0xffff, 0xffff, 0xffff, 0xffff, 0x0000, 
0x0000, 0x0000, 0xffff, 0xffff, 0xffff, 0x0000, 0xffff, 0xffff, 
0xffff, 0x0000, 0x0000, 0x0000, 0x0000, 0x0000, 0x0000, 0x0000, 
0x0000, 0x0000, 0x0000, 0x0000, 0x0000, 0x0000, 0xffff, 0xffff, 
0xffff, 0xffff, 0xffff, 0xffff, 0x0000, 0xffff, 0xffff, 0xffff, 
0xffff, 0xffff, 0xffff, 0xffff, 0xffff, 0xffff, 0xffff, 0xffff, 
0xffff, 0xffff, 0xffff, 0xffff, 0xffff, 0xffff, 0xffff, 0x0000, 
0x0000, 0xffff, 0x0000, 0x0000, 0x0000, 0xffff, 0x0000, 0x0000, 
0xffff, 0x0000, 0x0000, 0x0000, 0xffff, 0x0000, 0x0000, 0x0000, 
0x0000, 0x0000, 0x0000, 0x0000, 0x0000, 0x0000, 0x0000, 0x0000, 
0x0000, 0x0000, 0x0000, 0x0000, 0x0000, 0x0000, 0x0000, 0x0000, 
0x0000, 0x0000, 0x0000, 0x0000, 0x0000, 0x0000, 0x0000, 0x0000, 
0x0000, 0x0000, 0x0000, 0x0000, 0x0000, 0x0000, 0x0000, 0x0000, 
0x0000, 0x0000, 0x0000, 0x0000, 0x0000, 0x0000, 0x0000, 0x0000, 
0x0000, 0x0000, 0x0000, 0x0000, 0x0000, 0x0000, 0x0000, 0x0000, 
0x0000, 0x0000, 0x0000, 0x0000, 0x0000, 0x0000, 0x0000, 0x0000, 
0x0000, 0x0000, 0x0000, 0x0000, 0x0000, 0x0000, 0x0000, 0x0000, 
0x0000, 0x0000, 0x0000, 0x0000, 0x0000, 0x0000, 0x0000, 0x0000, 
0x0000, 0x0000, 0x0000, 0x0000, 0x0000, 0x0000, 0x0000, 0x0000, 
0x0000, 0x0000, 0x0000, 0x0000, 0x0000, 0x0000, 0x0000, 0x0000, 
0x0000, 0x0000, 0x0000, 0x0000, 0x0000, 0x0000, 0x0000, 0x0000, 
0x0000, 0x0000, 0x0000, 0x0000, 0x0000, 0x0000, 0x0000, 0x0000, 
0x0000, 0x0000, 0x0000, 0x0000, 0x0000, 0x0000, 0x0000, 0x0000, 
0x0000, 0x0000, 0x0000, 0x0000, 0x0000, 0x0000, 0x0000, 0x0000, 
0x0000, 0x0000, 0x0000, 0x0000, 0x0000, 0x0000, 0x0000, 0x0000, 
0x0000, 0x0000, 0x0000, 0x0000, 0x0000, 0x0000, 0xffff, 0xffff, 
0xffff, 0xffff, 0xffff, 0xffff, 0x0000, 0xffff, 0xffff, 0xffff, 
0xffff, 0xffff, 0xffff, 0xffff, 0xffff, 0xffff, 0xffff, 0xffff, 
0xffff, 0xffff, 0xffff, 0xffff, 0xffff, 0xffff, 0xffff, 0x0000, 
0x0000, 0x0000, 0x0000, 0xffff, 0xffff, 0xffff, 0xffff, 0xffff, 
0x0000, 0x0000, 0x0000, 0x0000, 0x0000, 0x0000, 0x0000, 0x0000, 
0x0000, 0x0000, 0x0000, 0x0000, 0x0000, 0x0000, 0xffff, 0xffff, 
0xffff, 0xffff, 0xffff, 0xffff, 0x0000, 0xffff, 0xffff, 0xffff, 
0xffff, 0xffff, 0xffff, 0xffff, 0xffff, 0xffff, 0xffff, 0xffff, 
0xffff, 0xffff, 0xffff, 0xffff, 0xffff, 0xffff, 0xffff, 0x0000, 
0x0000, 0x0000, 0xffff, 0x0000, 0x0000, 0xffff, 0x0000, 0x0000, 
0x0000, 0xffff, 0x0000, 0x0000, 0xffff, 0x0000, 0x0000, 0x0000, 
0x0000, 0x0000, 0x0000, 0x0000, 0x0000, 0x0000, 0x0000, 0x0000, 
0x0000, 0x0000, 0x0000, 0x0000, 0x0000, 0x0000, 0x0000, 0x0000, 
0x0000, 0x0000, 0x0000, 0x0000, 0x0000, 0x0000, 0x0000, 0x0000, 
0x0000, 0x0000, 0x0000, 0x0000, 0x0000, 0x0000, 0x0000, 0x0000, 
0x0000, 0x0000, 0x0000, 0x0000, 0x0000, 0x0000, 0x0000, 0x0000, 
0x0000, 0x0000, 0x0000, 0x0000, 0x0000, 0x0000, 0x0000, 0x0000, 
0x0000, 0x0000, 0x0000, 0x0000, 0x0000, 0x0000, 0x0000, 0x0000, 
0x0000, 0x0000, 0x0000, 0x0000, 0x0000, 0x0000, 0x0000, 0x0000, 
0x0000, 0x0000, 0x0000, 0x0000, 0x0000, 0x0000, 0x0000, 0x0000, 
0x0000, 0x0000, 0x0000, 0x0000, 0x0000, 0x0000, 0x0000, 0x0000, 
0x0000, 0x0000, 0x0000, 0x0000, 0x0000, 0x0000, 0x0000, 0x0000, 
0x0000, 0x0000, 0x0000, 0x0000, 0x0000, 0x0000, 0x0000, 0x0000, 
0x0000, 0x0000, 0x0000, 0x0000, 0x0000, 0x0000, 0x0000, 0x0000, 
0x0000, 0x0000, 0x0000, 0x0000, 0x0000, 0x0000, 0x0000, 0x0000, 
0x0000, 0x0000, 0x0000, 0x0000, 0x0000, 0x0000, 0x0000, 0x0000, 
0x0000, 0x0000, 0x0000, 0x0000, 0x0000, 0x0000, 0x0000, 0x0000, 
0x0000, 0x0000, 0x0000, 0x0000, 0x0000, 0x0000, 0xffff, 0xffff, 
0xffff, 0xffff, 0xffff, 0xffff, 0x0000, 0xffff, 0xffff, 0xffff, 
0xffff, 0xffff, 0xffff, 0xffff, 0xffff, 0xffff, 0xffff, 0xffff, 
0xffff, 0xffff, 0xffff, 0xffff, 0xffff, 0xffff, 0xffff, 0x0000, 
0x0000, 0x0000, 0x0000, 0x0000, 0xffff, 0xffff, 0xffff, 0x0000, 
0x0000, 0x0000, 0x0000, 0x0000, 0x0000, 0x0000, 0x0000, 0x0000, 
0x0000, 0x0000, 0x0000, 0x0000, 0x0000, 0x0000, 0xffff, 0xffff, 
0xffff, 0xffff, 0xffff, 0xffff, 0x0000, 0xffff, 0xffff, 0xffff, 
0xffff, 0xffff, 0xffff, 0xffff, 0xffff, 0xffff, 0xffff, 0xffff, 
0xffff, 0xffff, 0xffff, 0xffff, 0xffff, 0xffff, 0xffff, 0x0000, 
0xffff, 0x0000, 0xffff, 0x0000, 0x0000, 0x0000, 0xffff, 0x0000, 
0x0000, 0xffff, 0x0000, 0x0000, 0x0000, 0xffff, 0x0000, 0x0000, 
0x0000, 0x0000, 0x0000, 0x0000, 0x0000, 0x0000, 0x0000, 0x0000, 
0x0000, 0x0000, 0x0000, 0x0000, 0x0000, 0x0000, 0x0000, 0x0000, 
0x0000, 0x0000, 0x0000, 0x0000, 0x0000, 0x0000, 0x0000, 0x0000, 
0x0000, 0x0000, 0x0000, 0x0000, 0x0000, 0x0000, 0x0000, 0x0000, 
0x0000, 0x0000, 0x0000, 0x0000, 0x0000, 0x0000, 0x0000, 0x0000, 
0x0000, 0x0000, 0x0000, 0x0000, 0x0000, 0x0000, 0x0000, 0x0000, 
0x0000, 0x0000, 0x0000, 0x0000, 0x0000, 0x0000, 0x0000, 0x0000, 
0x0000, 0x0000, 0x0000, 0x0000, 0x0000, 0x0000, 0x0000, 0x0000, 
0x0000, 0x0000, 0x0000, 0x0000, 0x0000, 0x0000, 0x0000, 0x0000, 
0x0000, 0x0000, 0x0000, 0x0000, 0x0000, 0x0000, 0x0000, 0x0000, 
0x0000, 0x0000, 0x0000, 0x0000, 0x0000, 0x0000, 0x0000, 0x0000, 
0x0000, 0x0000, 0x0000, 0x0000, 0x0000, 0x0000, 0x0000, 0x0000, 
0x0000, 0x0000, 0x0000, 0x0000, 0x0000, 0x0000, 0x0000, 0x0000, 
0x0000, 0x0000, 0x0000, 0x0000, 0x0000, 0x0000, 0x0000, 0x0000, 
0x0000, 0x0000, 0x0000, 0x0000, 0x0000, 0x0000, 0x0000, 0x0000, 
0x0000, 0x0000, 0x0000, 0x0000, 0x0000, 0x0000, 0x0000, 0x0000, 
0x0000, 0x0000, 0x0000, 0x0000, 0x0000, 0x0000, 0xffff, 0xffff, 
0xffff, 0xffff, 0xffff, 0xffff, 0x0000, 0xffff, 0xffff, 0xffff, 
0xffff, 0xffff, 0xffff, 0xffff, 0xffff, 0xffff, 0xffff, 0xffff, 
0xffff, 0xffff, 0xffff, 0xffff, 0xffff, 0xffff, 0xffff, 0x0000, 
0x0000, 0x0000, 0x0000, 0xffff, 0xffff, 0xffff, 0xffff, 0xffff, 
0x0000, 0x0000, 0x0000, 0x0000, 0x0000, 0x0000, 0x0000, 0x0000, 
0x0000, 0x0000, 0x0000, 0x0000, 0x0000, 0x0000, 0xffff, 0xffff, 
0xffff, 0xffff, 0xffff, 0xffff, 0x0000, 0xffff, 0xffff, 0xffff, 
0xffff, 0xffff, 0xffff, 0xffff, 0xffff, 0xffff, 0xffff, 0xffff, 
0xffff, 0xffff, 0xffff, 0xffff, 0xffff, 0xffff, 0xffff, 0x0000, 
0x0000, 0x0000, 0xffff, 0x0000, 0x0000, 0xffff, 0x0000, 0x0000, 
0x0000, 0xffff, 0x0000, 0x0000, 0xffff, 0x0000, 0x0000, 0x0000, 
0x0000, 0x0000, 0x0000, 0x0000, 0x0000, 0x0000, 0x0000, 0x0000, 
0x0000, 0x0000, 0x0000, 0x0000, 0x0000, 0x0000, 0x0000, 0x0000, 
0x0000, 0x0000, 0x0000, 0x0000, 0x0000, 0x0000, 0x0000, 0x0000, 
0x0000, 0x0000, 0x0000, 0x0000, 0x0000, 0x0000, 0x0000, 0x0000, 
0x0000, 0x0000, 0x0000, 0x0000, 0x0000, 0x0000, 0x0000, 0x0000, 
0x0000, 0x0000, 0x0000, 0x0000, 0x0000, 0x0000, 0x0000, 0x0000, 
0x0000, 0x0000, 0x0000, 0x0000, 0x0000, 0x0000, 0x0000, 0x0000, 
0x0000, 0x0000, 0x0000, 0x0000, 0x0000, 0x0000, 0x0000, 0x0000, 
0x0000, 0x0000, 0x0000, 0x0000, 0x0000, 0x0000, 0x0000, 0x0000, 
0x0000, 0x0000, 0x0000, 0x0000, 0x0000, 0x0000, 0x0000, 0x0000, 
0x0000, 0x0000, 0x0000, 0x0000, 0x0000, 0x0000, 0x0000, 0x0000, 
0x0000, 0x0000, 0x0000, 0x0000, 0x0000, 0x0000, 0x0000, 0x0000, 
0x0000, 0x0000, 0x0000, 0x0000, 0x0000, 0x0000, 0x0000, 0x0000, 
0x0000, 0x0000, 0x0000, 0x0000, 0x0000, 0x0000, 0x0000, 0x0000, 
0x0000, 0x0000, 0x0000, 0x0000, 0x0000, 0x0000, 0x0000, 0x0000, 
0x0000, 0x0000, 0x0000, 0x0000, 0x0000, 0x0000, 0x0000, 0x0000, 
0x0000, 0x0000, 0x0000, 0x0000, 0x0000, 0x0000, 0xffff, 0xffff, 
0xffff, 0xffff, 0xffff, 0xffff, 0x0000, 0xffff, 0xffff, 0xffff, 
0xffff, 0xffff, 0xffff, 0xffff, 0xffff, 0xffff, 0xffff, 0xffff, 
0xffff, 0xffff, 0xffff, 0xffff, 0xffff, 0xffff, 0xffff, 0x0000, 
0x0000, 0x0000, 0xffff, 0xffff, 0xffff, 0x0000, 0xffff, 0xffff, 
0xffff, 0x0000, 0x0000, 0x0000, 0x0000, 0x0000, 0x0000, 0x0000, 
0x0000, 0x0000, 0x0000, 0x0000, 0x0000, 0x0000, 0xffff, 0xffff, 
0xffff, 0xffff, 0xffff, 0xffff, 0x0000, 0xffff, 0xffff, 0xffff, 
0xffff, 0xffff, 0xffff, 0xffff, 0xffff, 0xffff, 0xffff, 0xffff, 
0xffff, 0xffff, 0xffff, 0xffff, 0xffff, 0xffff, 0xffff, 0x0000, 
0x0000, 0xffff, 0x0000, 0x0000, 0x0000, 0xffff, 0x0000, 0x0000, 
0xffff, 0x0000, 0x0000, 0x0000, 0xffff, 0x0000, 0x0000, 0x0000, 
0x0000, 0x0000, 0x0000, 0x0000, 0x0000, 0x0000, 0x0000, 0x0000, 
0x0000, 0x0000, 0x0000, 0x0000, 0x0000, 0x0000, 0x0000, 0x0000, 
0x0000, 0x0000, 0x0000, 0x0000, 0x0000, 0x0000, 0x0000, 0x0000, 
0x0000, 0x0000, 0x0000, 0x0000, 0x0000, 0x0000, 0x0000, 0x0000, 
0x0000, 0x0000, 0x0000, 0x0000, 0x0000, 0x0000, 0x0000, 0x0000, 
0x0000, 0x0000, 0x0000, 0x0000, 0x0000, 0x0000, 0x0000, 0x0000, 
0x0000, 0x0000, 0x0000, 0x0000, 0x0000, 0x0000, 0x0000, 0x0000, 
0x0000, 0x0000, 0x0000, 0x0000, 0x0000, 0x0000, 0x0000, 0x0000, 
0x0000, 0x0000, 0x0000, 0x0000, 0x0000, 0x0000, 0x0000, 0x0000, 
0x0000, 0x0000, 0x0000, 0x0000, 0x0000, 0x0000, 0x0000, 0x0000, 
0x0000, 0x0000, 0x0000, 0x0000, 0x0000, 0x0000, 0x0000, 0x0000, 
0x0000, 0x0000, 0x0000, 0x0000, 0x0000, 0x0000, 0x0000, 0x0000, 
0x0000, 0x0000, 0x0000, 0x0000, 0x0000, 0x0000, 0x0000, 0x0000, 
0x0000, 0x0000, 0x0000, 0x0000, 0x0000, 0x0000, 0x0000, 0x0000, 
0x0000, 0x0000, 0x0000, 0x0000, 0x0000, 0x0000, 0x0000, 0x0000, 
0x0000, 0x0000, 0x0000, 0x0000, 0x0000, 0x0000, 0x0000, 0x0000, 
0x0000, 0x0000, 0x0000, 0x0000, 0x0000, 0x0000, 0xffff, 0xffff, 
0xffff, 0xffff, 0xffff, 0xffff, 0x0000, 0xffff, 0xffff, 0xffff, 
0xffff, 0xffff, 0xffff, 0xffff, 0xffff, 0xffff, 0xffff, 0xffff, 
0xffff, 0xffff, 0xffff, 0xffff, 0xffff, 0xffff, 0xffff, 0x0000, 
0x0000, 0xffff, 0xffff, 0xffff, 0x0000, 0x0000, 0x0000, 0xffff, 
0xffff, 0xffff, 0x0000, 0x0000, 0x0000, 0x0000, 0x0000, 0x0000, 
0x0000, 0x0000, 0x0000, 0x0000, 0x0000, 0x0000, 0xffff, 0xffff, 
0xffff, 0xffff, 0xffff, 0xffff, 0x0000, 0xffff, 0xffff, 0xffff, 
0xffff, 0xffff, 0xffff, 0xffff, 0xffff, 0xffff, 0xffff, 0xffff, 
0xffff, 0xffff, 0xffff, 0xffff, 0xffff, 0xffff, 0xffff, 0x0000, 
0x0000, 0x0000, 0x0000, 0x0000, 0xffff, 0x0000, 0x0000, 0x0000, 
0xffff, 0x0000, 0x0000, 0xffff, 0x0000, 0x0000, 0x0000, 0x0000, 
0x0000, 0x0000, 0x0000, 0x0000, 0x0000, 0x0000, 0x0000, 0x0000, 
0x0000, 0x0000, 0x0000, 0x0000, 0x0000, 0x0000, 0x0000, 0x0000, 
0x0000, 0x0000, 0x0000, 0x0000, 0x0000, 0x0000, 0x0000, 0x0000, 
0x0000, 0x0000, 0x0000, 0x0000, 0x0000, 0x0000, 0x0000, 0x0000, 
0x0000, 0x0000, 0x0000, 0x0000, 0x0000, 0x0000, 0x0000, 0x0000, 
0x0000, 0x0000, 0x0000, 0x0000, 0x0000, 0x0000, 0x0000, 0x0000, 
0x0000, 0x0000, 0x0000, 0x0000, 0x0000, 0x0000, 0x0000, 0x0000, 
0x0000, 0x0000, 0x0000, 0x0000, 0x0000, 0x0000, 0x0000, 0x0000, 
0x0000, 0x0000, 0x0000, 0x0000, 0x0000, 0x0000, 0x0000, 0x0000, 
0x0000, 0x0000, 0x0000, 0x0000, 0x0000, 0x0000, 0x0000, 0x0000, 
0x0000, 0x0000, 0x0000, 0x0000, 0x0000, 0x0000, 0x0000, 0x0000, 
0x0000, 0x0000, 0x0000, 0x0000, 0x0000, 0x0000, 0x0000, 0x0000, 
0x0000, 0x0000, 0x0000, 0x0000, 0x0000, 0x0000, 0x0000, 0x0000, 
0x0000, 0x0000, 0x0000, 0x0000, 0x0000, 0x0000, 0x0000, 0x0000, 
0x0000, 0x0000, 0x0000, 0x0000, 0x0000, 0x0000, 0x0000, 0x0000, 
0x0000, 0x0000, 0x0000, 0x0000, 0x0000, 0x0000, 0x0000, 0x0000, 
0x0000, 0x0000, 0x0000, 0x0000, 0x0000, 0x0000, 0xffff, 0xffff, 
0xffff, 0xffff, 0xffff, 0xffff, 0x0000, 0xffff, 0xffff, 0xffff, 
0xffff, 0xffff, 0xffff, 0xffff, 0xffff, 0xffff, 0xffff, 0xffff, 
0xffff, 0xffff, 0xffff, 0xffff, 0xffff, 0xffff, 0xffff, 0x0000, 
0xffff, 0xffff, 0xffff, 0x0000, 0x0000, 0x0000, 0x0000, 0x0000, 
0xffff, 0xffff, 0xffff, 0x0000, 0x0000, 0x0000, 0x0000, 0x0000, 
0x0000, 0x0000, 0x0000, 0x0000, 0x0000, 0x0000, 0xffff, 0xffff, 
0xffff, 0xffff, 0xffff, 0xffff, 0x0000, 0xffff, 0xffff, 0xffff, 
0xffff, 0xffff, 0xffff, 0xffff, 0xffff, 0xffff, 0xffff, 0xffff, 
0xffff, 0xffff, 0xffff, 0xffff, 0xffff, 0xffff, 0xffff, 0x0000, 
0x0000, 0x0000, 0x0000, 0xffff, 0x0000, 0x0000, 0x0000, 0xffff, 
0x0000, 0x0000, 0x0000, 0xffff, 0x0000, 0x0000, 0x0000, 0x0000, 
0x0000, 0x0000, 0x0000, 0x0000, 0x0000, 0x0000, 0x0000, 0x0000, 
0x0000, 0x0000, 0x0000, 0x0000, 0x0000, 0x0000, 0x0000, 0x0000, 
0x0000, 0x0000, 0x0000, 0x0000, 0x0000, 0x0000, 0x0000, 0x0000, 
0x0000, 0x0000, 0x0000, 0x0000, 0x0000, 0x0000, 0x0000, 0x0000, 
0x0000, 0x0000, 0x0000, 0x0000, 0x0000, 0x0000, 0x0000, 0x0000, 
0x0000, 0x0000, 0x0000, 0x0000, 0x0000, 0x0000, 0x0000, 0x0000, 
0x0000, 0x0000, 0x0000, 0x0000, 0x0000, 0x0000, 0x0000, 0x0000, 
0x0000, 0x0000, 0x0000, 0x0000, 0x0000, 0x0000, 0x0000, 0x0000, 
0x0000, 0x0000, 0x0000, 0x0000, 0x0000, 0x0000, 0x0000, 0x0000, 
0x0000, 0x0000, 0x0000, 0x0000, 0x0000, 0x0000, 0x0000, 0x0000, 
0x0000, 0x0000, 0x0000, 0x0000, 0x0000, 0x0000, 0x0000, 0x0000, 
0x0000, 0x0000, 0x0000, 0x0000, 0x0000, 0x0000, 0x0000, 0x0000, 
0x0000, 0x0000, 0x0000, 0x0000, 0x0000, 0x0000, 0x0000, 0x0000, 
0x0000, 0x0000, 0x0000, 0x0000, 0x0000, 0x0000, 0x0000, 0x0000, 
0x0000, 0x0000, 0x0000, 0x0000, 0x0000, 0x0000, 0x0000, 0x0000, 
0x0000, 0x0000, 0x0000, 0x0000, 0x0000, 0x0000, 0x0000, 0x0000, 
0x0000, 0x0000, 0x0000, 0x0000, 0x0000, 0x0000, 0xffff, 0xffff, 
0xffff, 0xffff, 0xffff, 0xffff, 0x0000, 0xffff, 0xffff, 0xffff, 
0xffff, 0xffff, 0xffff, 0xffff, 0xffff, 0xffff, 0xffff, 0xffff, 
0xffff, 0xffff, 0xffff, 0xffff, 0xffff, 0xffff, 0xffff, 0x0000, 
0xffff, 0xffff, 0x0000, 0x0000, 0x0000, 0x0000, 0x0000, 0x0000, 
0x0000, 0xffff, 0xffff, 0x0000, 0x0000, 0x0000, 0x0000, 0x0000, 
0x0000, 0x0000, 0x0000, 0x0000, 0x0000, 0x0000, 0xffff, 0xffff, 
0xffff, 0xffff, 0xffff, 0xffff, 0x0000, 0xffff, 0xffff, 0xffff, 
0xffff, 0xffff, 0xffff, 0xffff, 0xffff, 0xffff, 0xffff, 0xffff, 
0xffff, 0xffff, 0xffff, 0xffff, 0xffff, 0xffff, 0xffff, 0x0000, 
0x0000, 0x0000, 0x0000, 0x0000, 0x0000, 0x0000, 0xffff, 0x0000, 
0x0000, 0x0000, 0xffff, 0x0000, 0x0000, 0x0000, 0x0000, 0x0000, 
0x0000, 0x0000, 0x0000, 0x0000, 0x0000, 0x0000, 0x0000, 0x0000, 
0x0000, 0x0000, 0x0000, 0x0000, 0x0000, 0x0000, 0x0000, 0x0000, 
0x0000, 0x0000, 0x0000, 0x0000, 0x0000, 0x0000, 0x0000, 0x0000, 
0x0000, 0x0000, 0x0000, 0x0000, 0x0000, 0x0000, 0x0000, 0x0000, 
0x0000, 0x0000, 0x0000, 0x0000, 0x0000, 0x0000, 0x0000, 0x0000, 
0x0000, 0x0000, 0x0000, 0x0000, 0x0000, 0x0000, 0x0000, 0x0000, 
0x0000, 0x0000, 0x0000, 0x0000, 0x0000, 0x0000, 0x0000, 0x0000, 
0x0000, 0x0000, 0x0000, 0x0000, 0x0000, 0x0000, 0x0000, 0x0000, 
0x0000, 0x0000, 0x0000, 0x0000, 0x0000, 0x0000, 0x0000, 0x0000, 
0x0000, 0x0000, 0x0000, 0x0000, 0x0000, 0x0000, 0x0000, 0x0000, 
0x0000, 0x0000, 0x0000, 0x0000, 0x0000, 0x0000, 0x0000, 0x0000, 
0x0000, 0x0000, 0x0000, 0x0000, 0x0000, 0x0000, 0x0000, 0x0000, 
0x0000, 0x0000, 0x0000, 0x0000, 0x0000, 0x0000, 0x0000, 0x0000, 
0x0000, 0x0000, 0x0000, 0x0000, 0x0000, 0x0000, 0x0000, 0x0000, 
0x0000, 0x0000, 0x0000, 0x0000, 0x0000, 0x0000, 0x0000, 0x0000, 
0x0000, 0x0000, 0x0000, 0x0000, 0x0000, 0x0000, 0x0000, 0x0000, 
0x0000, 0x0000, 0x0000, 0x0000, 0x0000, 0x0000, 0xffff, 0xffff, 
0xffff, 0xffff, 0xffff, 0xffff, 0x0000, 0xffff, 0xffff, 0xffff, 
0xffff, 0xffff, 0xffff, 0xffff, 0xffff, 0xffff, 0xffff, 0xffff, 
0xffff, 0xffff, 0xffff, 0xffff, 0xffff, 0xffff, 0xffff, 0x0000, 
0x0000, 0x0000, 0x0000, 0x0000, 0x0000, 0x0000, 0x0000, 0x0000, 
0x0000, 0x0000, 0x0000, 0x0000, 0x0000, 0x0000, 0x0000, 0x0000, 
0x0000, 0x0000, 0x0000, 0x0000, 0x0000, 0x0000, 0xffff, 0xffff, 
0xffff, 0xffff, 0xffff, 0xffff, 0x0000, 0xffff, 0xffff, 0xffff, 
0xffff, 0xffff, 0xffff, 0xffff, 0xffff, 0xffff, 0xffff, 0xffff, 
0xffff, 0xffff, 0xffff, 0xffff, 0xffff, 0xffff, 0xffff, 0x0000, 
0x0000, 0x0000, 0x0000, 0x0000, 0x0000, 0xffff, 0x0000, 0x0000, 
0x0000, 0xffff, 0x0000, 0x0000, 0x0000, 0x0000, 0x0000, 0x0000, 
0x0000, 0x0000, 0x0000, 0x0000, 0x0000, 0x0000, 0x0000, 0x0000, 
0x0000, 0x0000, 0x0000, 0x0000, 0x0000, 0x0000, 0x0000, 0x0000, 
0x0000, 0x0000, 0x0000, 0x0000, 0x0000, 0x0000, 0x0000, 0x0000, 
0x0000, 0x0000, 0x0000, 0x0000, 0x0000, 0x0000, 0x0000, 0x0000, 
0x0000, 0x0000, 0x0000, 0x0000, 0x0000, 0x0000, 0x0000, 0x0000, 
0x0000, 0x0000, 0x0000, 0x0000, 0x0000, 0x0000, 0x0000, 0x0000, 
0x0000, 0x0000, 0x0000, 0x0000, 0x0000, 0x0000, 0x0000, 0x0000, 
0x0000, 0x0000, 0x0000, 0x0000, 0x0000, 0x0000, 0x0000, 0x0000, 
0x0000, 0x0000, 0x0000, 0x0000, 0x0000, 0x0000, 0x0000, 0x0000, 
0x0000, 0x0000, 0x0000, 0x0000, 0x0000, 0x0000, 0x0000, 0x0000, 
0x0000, 0x0000, 0x0000, 0x0000, 0x0000, 0x0000, 0x0000, 0x0000, 
0x0000, 0x0000, 0x0000, 0x0000, 0x0000, 0x0000, 0x0000, 0x0000, 
0x0000, 0x0000, 0x0000, 0x0000, 0x0000, 0x0000, 0x0000, 0x0000, 
0x0000, 0x0000, 0x0000, 0x0000, 0x0000, 0x0000, 0x0000, 0x0000, 
0x0000, 0x0000, 0x0000, 0x0000, 0x0000, 0x0000, 0x0000, 0x0000, 
0x0000, 0x0000, 0x0000, 0x0000, 0x0000, 0x0000, 0x0000, 0x0000, 
0x0000, 0x0000, 0x0000, 0x0000, 0x0000, 0x0000, 0x0000, 0xffff, 
0xffff, 0xffff, 0xffff, 0xffff, 0x0000, 0xffff, 0xffff, 0xffff, 
0xffff, 0xffff, 0xffff, 0xffff, 0xffff, 0xffff, 0xffff, 0xffff, 
0xffff, 0xffff, 0xffff, 0xffff, 0xffff, 0xffff, 0xffff, 0x0000, 
0x0000, 0x0000, 0x0000, 0x0000, 0x0000, 0x0000, 0x0000, 0x0000, 
0x0000, 0x0000, 0x0000, 0x0000, 0x0000, 0x0000, 0x0000, 0x0000, 
0x0000, 0x0000, 0x0000, 0x0000, 0x0000, 0x0000, 0x0000, 0xffff, 
0xffff, 0xffff, 0xffff, 0xffff, 0x0000, 0xffff, 0xffff, 0xffff, 
0xffff, 0xffff, 0xffff, 0xffff, 0xffff, 0xffff, 0xffff, 0xffff, 
0xffff, 0xffff, 0xffff, 0xffff, 0xffff, 0xffff, 0xffff, 0x0000, 
0x0000, 0x0000, 0x0000, 0x0000, 0x0000, 0x0000, 0x0000, 0x0000, 
0xffff, 0x0000, 0x0000, 0x0000, 0x0000, 0x0000, 0x0000, 0x0000, 
0x0000, 0x0000, 0x0000, 0x0000, 0x0000, 0x0000, 0x0000, 0x0000, 
0x0000, 0x0000, 0x0000, 0x0000, 0x0000, 0x0000, 0x0000, 0x0000, 
0x0000, 0x0000, 0x0000, 0x0000, 0x0000, 0x0000, 0x0000, 0x0000, 
0x0000, 0x0000, 0x0000, 0x0000, 0x0000, 0x0000, 0x0000, 0x0000, 
0x0000, 0x0000, 0x0000, 0x0000, 0x0000, 0x0000, 0x0000, 0x0000, 
0x0000, 0x0000, 0x0000, 0x0000, 0x0000, 0x0000, 0x0000, 0x0000, 
0x0000, 0x0000, 0x0000, 0x0000, 0x0000, 0x0000, 0x0000, 0x0000, 
0x0000, 0x0000, 0x0000, 0x0000, 0x0000, 0x0000, 0x0000, 0x0000, 
0x0000, 0x0000, 0x0000, 0x0000, 0x0000, 0x0000, 0x0000, 0x0000, 
0x0000, 0x0000, 0x0000, 0x0000, 0x0000, 0x0000, 0x0000, 0x0000, 
0x0000, 0x0000, 0x0000, 0x0000, 0x0000, 0x0000, 0x0000, 0x0000, 
0x0000, 0x0000, 0x0000, 0x0000, 0x0000, 0x0000, 0x0000, 0x0000, 
0x0000, 0x0000, 0x0000, 0x0000, 0x0000, 0x0000, 0x0000, 0x0000, 
0x0000, 0x0000, 0x0000, 0x0000, 0x0000, 0x0000, 0x0000, 0x0000, 
0x0000, 0x0000, 0x0000, 0x0000, 0x0000, 0x0000, 0x0000, 0x0000, 
0x0000, 0x0000, 0x0000, 0x0000, 0x0000, 0x0000, 0x0000, 0x0000, 
0x0000, 0x0000, 0x0000, 0x0000, 0x0000, 0x0000, 0x0000, 0x0000, 
0x0000, 0x0000, 0x0000, 0x0000, 0x0000, 0x0000, 0xffff, 0xffff, 
0xffff, 0xffff, 0xffff, 0xffff, 0xffff, 0xffff, 0xffff, 0xffff, 
0xffff, 0xffff, 0xffff, 0xffff, 0xffff, 0xffff, 0xffff, 0x0000, 
0x0000, 0x0000, 0x0000, 0x0000, 0x0000, 0x0000, 0x0000, 0x0000, 
0x0000, 0x0000, 0x0000, 0x0000, 0x0000, 0x0000, 0x0000, 0x0000, 
0x0000, 0x0000, 0x0000, 0x0000, 0x0000, 0x0000, 0x0000, 0x0000, 
0x0000, 0x0000, 0x0000, 0x0000, 0x0000, 0x0000, 0xffff, 0xffff, 
0xffff, 0xffff, 0xffff, 0xffff, 0xffff, 0xffff, 0xffff, 0xffff, 
0xffff, 0xffff, 0xffff, 0xffff, 0xffff, 0xffff, 0xffff, 0x0000, 
0x0000, 0x0000, 0x0000, 0x0000, 0x0000, 0x0000, 0x0000, 0xffff, 
0x0000, 0x0000, 0x0000, 0x0000, 0x0000, 0x0000, 0x0000, 0x0000, 
0x0000, 0x0000, 0x0000, 0x0000, 0x0000, 0x0000, 0x0000, 0x0000, 
0x0000, 0x0000, 0x0000, 0x0000, 0x0000, 0x0000, 0x0000, 0x0000, 
0x0000, 0x0000, 0x0000, 0x0000, 0x0000, 0x0000, 0x0000, 0x0000, 
0x0000, 0x0000, 0x0000, 0x0000, 0x0000, 0x0000, 0x0000, 0x0000, 
0x0000, 0x0000, 0x0000, 0x0000, 0x0000, 0x0000, 0x0000, 0x0000, 
0x0000, 0x0000, 0x0000, 0x0000, 0x0000, 0x0000, 0x0000, 0x0000, 
0x0000, 0x0000, 0x0000, 0x0000, 0x0000, 0x0000, 0x0000, 0x0000, 
0x0000, 0x0000, 0x0000, 0x0000, 0x0000, 0x0000, 0x0000, 0x0000, 
0x0000, 0x0000, 0x0000, 0x0000, 0x0000, 0x0000, 0x0000, 0x0000, 
0x0000, 0x0000, 0x0000, 0x0000, 0x0000, 0x0000, 0x0000, 0x0000, 
0x0000, 0x0000, 0x0000, 0x0000, 0x0000, 0x0000, 0x0000, 0x0000, 
0x0000, 0x0000, 0x0000, 0x0000, 0x0000, 0x0000, 0x0000, 0x0000, 
0x0000, 0x0000, 0x0000, 0x0000, 0x0000, 0x0000, 0x0000, 0x0000, 
0x0000, 0x0000, 0x0000, 0x0000, 0x0000, 0x0000, 0x0000, 0x0000, 
0x0000, 0x0000, 0x0000, 0x0000, 0x0000, 0x0000, 0x0000, 0x0000, 
0x0000, 0x0000, 0x0000, 0x0000, 0x0000, 0x0000, 0x0000, 0x0000, 
0x0000, 0x0000, 0x0000, 0x0000, 0x0000, 0x0000, 0x0000, 0x0000, 
0x0000, 0x0000, 0x0000, 0x0000, 0x0000, 0x0000, 0x0000, 0xffff, 
0xffff, 0xffff, 0xffff, 0xffff, 0xffff, 0xffff, 0xffff, 0xffff, 
0xffff, 0xffff, 0xffff, 0xffff, 0xffff, 0xffff, 0xffff, 0x0000, 
0x0000, 0x0000, 0x0000, 0x0000, 0x0000, 0x0000, 0x0000, 0x0000, 
0x0000, 0x0000, 0x0000, 0x0000, 0x0000, 0x0000, 0x0000, 0x0000, 
0x0000, 0x0000, 0x0000, 0x0000, 0x0000, 0x0000, 0x0000, 0x0000, 
0x0000, 0x0000, 0x0000, 0x0000, 0x0000, 0x0000, 0x0000, 0xffff, 
0xffff, 0xffff, 0xffff, 0xffff, 0xffff, 0xffff, 0xffff, 0xffff, 
0xffff, 0xffff, 0xffff, 0xffff, 0xffff, 0xffff, 0xffff, 0x0000, 
0x0000, 0x0000, 0x0000, 0x0000, 0x0000, 0x0000, 0x0000, 0x0000, 
0x0000, 0x0000, 0x0000, 0x0000, 0x0000, 0x0000, 0x0000, 0x0000, 
0x0000, 0x0000, 0x0000, 0x0000, 0x0000, 0x0000, 0x0000, 0x0000, 
0x0000, 0x0000, 0x0000, 0x0000, 0x0000, 0x0000, 0x0000, 0x0000, 
0x0000, 0x0000, 0x0000, 0x0000, 0x0000, 0x0000, 0x0000, 0x0000, 
0x0000, 0x0000, 0x0000, 0x0000, 0x0000, 0x0000, 0x0000, 0x0000, 
0x0000, 0x0000, 0x0000, 0x0000, 0x0000, 0x0000, 0x0000, 0x0000, 
0x0000, 0x0000, 0x0000, 0x0000, 0x0000, 0x0000, 0x0000, 0x0000, 
0x0000, 0x0000, 0x0000, 0x0000, 0x0000, 0x0000, 0x0000, 0x0000, 
0x0000, 0x0000, 0x0000, 0x0000, 0x0000, 0x0000, 0x0000, 0x0000, 
0x0000, 0x0000, 0x0000, 0x0000, 0x0000, 0x0000, 0x0000, 0x0000, 
0x0000, 0x0000, 0x0000, 0x0000, 0x0000, 0x0000, 0x0000, 0x0000, 
0x0000, 0x0000, 0x0000, 0x0000, 0x0000, 0x0000, 0x0000, 0x0000, 
0x0000, 0x0000, 0x0000, 0x0000, 0x0000, 0x0000, 0x0000, 0x0000, 
0x0000, 0x0000, 0x0000, 0x0000, 0x0000, 0x0000, 0x0000, 0x0000, 
0x0000, 0x0000, 0x0000, 0x0000, 0x0000, 0x0000, 0x0000, 0x0000, 
0x0000, 0x0000, 0x0000, 0x0000, 0x0000, 0x0000, 0x0000, 0x0000, 
0x0000, 0x0000, 0x0000, 0x0000, 0x0000, 0x0000, 0x0000, 0x0000, 
0x0000, 0x0000, 0x0000, 0x0000, 0x0000, 0x0000, 0x0000, 0x0000, 
0x0000, 0x0000, 0x0000, 0x0000, 0x0000, 0x0000, 0x0000, 0x0000, 
0xffff, 0xffff, 0xffff, 0xffff, 0xffff, 0xffff, 0xffff, 0xffff, 
0xffff, 0xffff, 0xffff, 0xffff, 0xffff, 0xffff, 0xffff, 0x0000, 
0x0000, 0x0000, 0x0000, 0x0000, 0x0000, 0x0000, 0x0000, 0x0000, 
0x0000, 0x0000, 0x0000, 0x0000, 0x0000, 0x0000, 0x0000, 0x0000, 
0x0000, 0x0000, 0x0000, 0x0000, 0x0000, 0x0000, 0x0000, 0x0000, 
0x0000, 0x0000, 0x0000, 0x0000, 0x0000, 0x0000, 0x0000, 0x0000, 
0xffff, 0xffff, 0xffff, 0xffff, 0xffff, 0xffff, 0xffff, 0xffff, 
0xffff, 0xffff, 0xffff, 0xffff, 0xffff, 0xffff, 0xffff, 0x0000, 
0x0000, 0x0000, 0x0000, 0x0000, 0x0000, 0x0000, 0x0000, 0x0000, 
0x0000, 0x0000, 0x0000, 0x0000, 0x0000, 0x0000, 0x0000, 0x0000, 
0x0000, 0x0000, 0x0000, 0x0000, 0x0000, 0x0000, 0x0000, 0x0000, 
0x0000, 0x0000, 0x0000, 0x0000, 0x0000, 0x0000, 0x0000, 0x0000, 
0x0000, 0x0000, 0x0000, 0x0000, 0x0000, 0x0000, 0x0000, 0x0000, 
0x0000, 0x0000, 0x0000, 0x0000, 0x0000, 0x0000, 0x0000, 0x0000, 
0x0000, 0x0000, 0x0000, 0x0000, 0x0000, 0x0000, 0x0000, 0x0000, 
0x0000, 0x0000, 0x0000, 0x0000, 0x0000, 0x0000, 0x0000, 0x0000, 
0x0000, 0x0000, 0x0000, 0x0000, 0x0000, 0x0000, 0x0000, 0x0000, 
0x0000, 0x0000, 0x0000, 0x0000, 0x0000, 0x0000, 0x0000, 0x0000, 
0x0000, 0x0000, 0x0000, 0x0000, 0x0000, 0x0000, 0x0000, 0x0000, 
0x0000, 0x0000, 0x0000, 0x0000, 0x0000, 0x0000, 0x0000, 0x0000, 
0x0000, 0x0000, 0x0000, 0x0000, 0x0000, 0x0000, 0x0000, 0x0000, 
0x0000, 0x0000, 0x0000, 0x0000, 0x0000, 0x0000, 0x0000, 0x0000, 
0x0000, 0x0000, 0x0000, 0x0000, 0x0000, 0x0000, 0x0000, 0x0000, 
0x0000, 0x0000, 0x0000, 0x0000, 0x0000, 0x0000, 0x0000, 0x0000, 
0x0000, 0x0000, 0x0000, 0x0000, 0x0000, 0x0000, 0x0000, 0x0000, 
0x0000, 0x0000, 0x0000, 0x0000, 0x0000, 0x0000, 0x0000, 0x0000, 
0x0000, 0x0000, 0x0000, 0x0000, 0x0000, 0x0000, 0x0000, 0x0000, 
0x0000, 0x0000, 0x0000, 0x0000, 0x0000, 0x0000, 0x0000, 0x0000, 
0x0000, 0xffff, 0xffff, 0xffff, 0xffff, 0xffff, 0xffff, 0xffff, 
0xffff, 0xffff, 0xffff, 0xffff, 0xffff, 0xffff, 0xffff, 0x0000, 
0x0000, 0x0000, 0x0000, 0x0000, 0x0000, 0x0000, 0x0000, 0x0000, 
0x0000, 0x0000, 0x0000, 0x0000, 0x0000, 0x0000, 0x0000, 0x0000, 
0x0000, 0x0000, 0x0000, 0x0000, 0x0000, 0x0000, 0x0000, 0x0000, 
0x0000, 0x0000, 0x0000, 0x0000, 0x0000, 0x0000, 0x0000, 0x0000, 
0x0000, 0xffff, 0xffff, 0xffff, 0xffff, 0xffff, 0xffff, 0xffff, 
0xffff, 0xffff, 0xffff, 0xffff, 0xffff, 0xffff, 0xffff, 0x0000, 
0x0000, 0x0000, 0x0000, 0x0000, 0x0000, 0x0000, 0x0000, 0x0000, 
0x0000, 0x0000, 0x0000, 0x0000, 0x0000, 0x0000, 0x0000, 0x0000, 
0x0000, 0x0000, 0x0000, 0x0000, 0x0000, 0x0000, 0x0000, 0x0000, 
0x0000, 0x0000, 0x0000, 0x0000, 0x0000, 0x0000, 0x0000, 0x0000, 
0x0000, 0x0000, 0x0000, 0x0000, 0x0000, 0x0000, 0x0000, 0x0000, 
0x0000, 0x0000, 0x0000, 0x0000, 0x0000, 0x0000, 0x0000, 0x0000, 
0x0000, 0x0000, 0x0000, 0x0000, 0x0000, 0x0000, 0x0000, 0x0000, 
0x0000, 0x0000, 0x0000, 0x0000, 0x0000, 0x0000, 0x0000, 0x0000, 
0x0000, 0x0000, 0x0000, 0x0000, 0x0000, 0x0000, 0x0000, 0x0000, 
0x0000, 0x0000, 0x0000, 0x0000, 0x0000, 0x0000, 0x0000, 0x0000, 
0x0000, 0x0000, 0x0000, 0x0000, 0x0000, 0x0000, 0x0000, 0x0000, 
0x0000, 0x0000, 0x0000, 0x0000, 0x0000, 0x0000, 0x0000, 0x0000, 
0x0000, 0x0000, 0x0000, 0x0000, 0x0000, 0x0000, 0x0000, 0x0000, 
0x0000, 0x0000, 0x0000, 0x0000, 0x0000, 0x0000, 0x0000, 0x0000, 
0x0000, 0x0000, 0x0000, 0x0000, 0x0000, 0x0000, 0x0000, 0x0000, 
0x0000, 0x0000, 0x0000, 0x0000, 0x0000, 0x0000, 0x0000, 0x0000, 
0x0000, 0x0000, 0x0000, 0x0000, 0x0000, 0x0000, 0x0000, 0x0000, 
0x0000, 0x0000, 0x0000, 0x0000, 0x0000, 0x0000, 0x0000, 0x0000, 
0x0000, 0x0000, 0x0000, 0x0000, 0x0000, 0x0000, 0x0000, 0x0000, 
0x0000, 0x0000, 0x0000, 0x0000, 0x0000, 0x0000, 0x0000, 0x0000, 
0x0000, 0x0000, 0xffff, 0xffff, 0xffff, 0xffff, 0xffff, 0xffff, 
0xffff, 0xffff, 0xffff, 0xffff, 0xffff, 0xffff, 0xffff, 0x0000, 
0x0000, 0x0000, 0x0000, 0x0000, 0x0000, 0x0000, 0x0000, 0x0000, 
0x0000, 0x0000, 0x0000, 0x0000, 0x0000, 0x0000, 0x0000, 0x0000, 
0x0000, 0x0000, 0x0000, 0x0000, 0x0000, 0x0000, 0x0000, 0x0000, 
0x0000, 0x0000, 0x0000, 0x0000, 0x0000, 0x0000, 0x0000, 0x0000, 
0x0000, 0x0000, 0xffff, 0xffff, 0xffff, 0xffff, 0xffff, 0xffff, 
0xffff, 0xffff, 0xffff, 0xffff, 0xffff, 0xffff, 0xffff, 0x0000, 
0x0000, 0x0000, 0x0000, 0x0000, 0x0000, 0x0000, 0x0000, 0x0000, 
0x0000, 0x0000, 0x0000, 0x0000, 0x0000, 0x0000, 0x0000, 0x0000, 
0x0000, 0x0000, 0x0000, 0x0000, 0x0000, 0x0000, 0x0000, 0x0000, 
0x0000, 0x0000, 0x0000, 0x0000, 0x0000, 0x0000, 0x0000, 0x0000, 
0x0000, 0x0000, 0x0000, 0x0000, 0x0000, 0x0000, 0x0000, 0x0000, 
0x0000, 0x0000, 0x0000, 0x0000, 0x0000, 0x0000, 0x0000, 0x0000, 
0x0000, 0x0000, 0x0000, 0x0000, 0x0000, 0x0000, 0x0000, 0x0000, 
0x0000, 0x0000, 0x0000, 0x0000, 0x0000, 0x0000, 0x0000, 0x0000, 
0x0000, 0x0000, 0x0000, 0x0000, 0x0000, 0x0000, 0x0000, 0x0000, 
0x0000, 0x0000, 0x0000, 0x0000, 0x0000, 0x0000, 0x0000, 0x0000, 
0x0000, 0x0000, 0x0000, 0x0000, 0x0000, 0x0000, 0x0000, 0x0000, 
0x0000, 0x0000, 0x0000, 0x0000, 0x0000, 0x0000, 0x0000, 0x0000, 
0x0000, 0x0000, 0x0000, 0x0000, 0x0000, 0x0000, 0x0000, 0x0000, 
0x0000, 0x0000, 0x0000, 0x0000, 0x0000, 0x0000, 0x0000, 0x0000, 
0x0000, 0x0000, 0x0000, 0x0000, 0x0000, 0x0000, 0x0000, 0x0000, 
0x0000, 0x0000, 0x0000, 0x0000, 0x0000, 0x0000, 0x0000, 0x0000, 
0x0000, 0x0000, 0x0000, 0x0000, 0x0000, 0x0000, 0x0000, 0x0000, 
0x0000, 0x0000, 0x0000, 0x0000, 0x0000, 0x0000, 0x0000, 0x0000, 
0x0000, 0x0000, 0x0000, 0x0000, 0x0000, 0x0000, 0x0000, 0x0000, 
0x0000, 0x0000, 0x0000, 0x0000, 0x0000, 0x0000, 0x0000, 0x0000, 
0x0000, 0x0000, 0x0000, 0xffff, 0xffff, 0xffff, 0xffff, 0xffff, 
0xffff, 0xffff, 0xffff, 0xffff, 0xffff, 0xffff, 0xffff, 0x0000, 
0x0000, 0x0000, 0x0000, 0x0000, 0x0000, 0x0000, 0x0000, 0x0000, 
0x0000, 0x0000, 0x0000, 0x0000, 0x0000, 0x0000, 0x0000, 0x0000, 
0x0000, 0x0000, 0x0000, 0x0000, 0x0000, 0x0000, 0x0000, 0x0000, 
0x0000, 0x0000, 0x0000, 0x0000, 0x0000, 0x0000, 0x0000, 0x0000, 
0x0000, 0x0000, 0x0000, 0xffff, 0xffff, 0xffff, 0xffff, 0xffff, 
0xffff, 0xffff, 0xffff, 0xffff, 0xffff, 0xffff, 0xffff, 0x0000, 
0x0000, 0x0000, 0x0000, 0x0000, 0x0000, 0x0000, 0x0000, 0x0000, 
0x0000, 0x0000, 0x0000, 0x0000, 0x0000, 0x0000, 0x0000, 0x0000, 
0x0000, 0x0000, 0x0000, 0x0000, 0x0000, 0x0000, 0x0000, 0x0000, 
0x0000, 0x0000, 0x0000, 0x0000, 0x0000, 0x0000, 0x0000, 0x0000, 
0x0000, 0x0000, 0x0000, 0x0000, 0x0000, 0x0000, 0x0000, 0x0000, 
0x0000, 0x0000, 0x0000, 0x0000, 0x0000, 0x0000, 0x0000, 0x0000, 
0x0000, 0x0000, 0x0000, 0x0000, 0x0000, 0x0000, 0x0000, 0x0000, 
0x0000, 0x0000, 0x0000, 0x0000, 0x0000, 0x0000, 0x0000, 0x0000, 
0x0000, 0x0000, 0x0000, 0x0000, 0x0000, 0x0000, 0x0000, 0x0000, 
0x0000, 0x0000, 0x0000, 0x0000, 0x0000, 0x0000, 0x0000, 0x0000, 
0x0000, 0x0000, 0x0000, 0x0000, 0x0000, 0x0000, 0x0000, 0x0000, 
0x0000, 0x0000, 0x0000, 0x0000, 0x0000, 0x0000, 0x0000, 0x0000, 
0x0000, 0x0000, 0x0000, 0x0000, 0x0000, 0x0000, 0x0000, 0x0000, 
0x0000, 0x0000, 0x0000, 0x0000, 0x0000, 0x0000, 0x0000, 0x0000, 
0x0000, 0x0000, 0x0000, 0x0000, 0x0000, 0x0000, 0x0000, 0x0000, 
0x0000, 0x0000, 0x0000, 0x0000, 0x0000, 0x0000, 0x0000, 0x0000, 
0x0000, 0x0000, 0x0000, 0x0000, 0x0000, 0x0000, 0x0000, 0x0000, 
0x0000, 0x0000, 0x0000, 0x0000, 0x0000, 0x0000, 0x0000, 0x0000, 
0x0000, 0x0000, 0x0000, 0x0000, 0x0000, 0x0000, 0x0000, 0x0000, 
0x0000, 0x0000, 0x0000, 0x0000, 0x0000, 0x0000, 0x0000, 0x0000, 
0x0000, 0x0000, 0x0000, 0x0000, 0xffff, 0xffff, 0xffff, 0xffff, 
0xffff, 0xffff, 0xffff, 0xffff, 0xffff, 0xffff, 0xffff, 0x0000, 
0x0000, 0x0000, 0x0000, 0x0000, 0x0000, 0x0000, 0x0000, 0x0000, 
0x0000, 0x0000, 0x0000, 0x0000, 0x0000, 0x0000, 0x0000, 0x0000, 
0x0000, 0x0000, 0x0000, 0x0000, 0x0000, 0x0000, 0x0000, 0x0000, 
0x0000, 0x0000, 0x0000, 0x0000, 0x0000, 0x0000, 0x0000, 0x0000, 
0x0000, 0x0000, 0x0000, 0x0000, 0xffff, 0xffff, 0xffff, 0xffff, 
0xffff, 0xffff, 0xffff, 0xffff, 0xffff, 0xffff, 0xffff, 0x0000, 
0x0000, 0x0000, 0x0000, 0x0000, 0x0000, 0x0000, 0x0000, 0x0000, 
0x0000, 0x0000, 0x0000, 0x0000, 0x0000, 0x0000, 0x0000, 0x0000, 
0x0000, 0x0000, 0x0000, 0x0000, 0x0000, 0x0000, 0x0000, 0x0000, 
0x0000, 0x0000, 0x0000, 0x0000, 0x0000, 0x0000, 0x0000, 0x0000, 
0x0000, 0x0000, 0x0000, 0x0000, 0x0000, 0x0000, 0x0000, 0x0000, 
0x0000, 0x0000, 0x0000, 0x0000, 0x0000, 0x0000, 0x0000, 0x0000, 
0x0000, 0x0000, 0x0000, 0x0000, 0x0000, 0x0000, 0x0000, 0x0000, 
0x0000, 0x0000, 0x0000, 0x0000, 0x0000, 0x0000, 0x0000, 0x0000, 
0x0000, 0x0000, 0x0000, 0x0000, 0x0000, 0x0000, 0x0000, 0x0000, 
0x0000, 0x0000, 0x0000, 0x0000, 0x0000, 0x0000, 0x0000, 0x0000, 
0x0000, 0x0000, 0x0000, 0x0000, 0x0000, 0x0000, 0x0000, 0x0000, 
0x0000, 0x0000, 0x0000, 0x0000, 0x0000, 0x0000, 0x0000, 0x0000, 
0x0000, 0x0000, 0x0000, 0x0000, 0x0000, 0x0000, 0x0000, 0x0000, 
0x0000, 0x0000, 0x0000, 0x0000, 0x0000, 0x0000, 0x0000, 0x0000, 
0x0000, 0x0000, 0x0000, 0x0000, 0x0000, 0x0000, 0x0000, 0x0000, 
0x0000, 0x0000, 0x0000, 0x0000, 0x0000, 0x0000, 0x0000, 0x0000, 
0x0000, 0x0000, 0x0000, 0x0000, 0x0000, 0x0000, 0x0000, 0x0000, 
0x0000, 0x0000, 0x0000, 0x0000, 0x0000, 0x0000, 0x0000, 0x0000, 
0x0000, 0x0000, 0x0000, 0x0000, 0x0000, 0x0000, 0x0000, 0x0000, 
0x0000, 0x0000, 0x0000, 0x0000, 0x0000, 0x0000, 0x0000, 0x0000, 
0x0000, 0x0000, 0x0000, 0x0000, 0x0000, 0xffff, 0xffff, 0xffff, 
0xffff, 0xffff, 0xffff, 0xffff, 0xffff, 0xffff, 0xffff, 0x0000, 
0x0000, 0x0000, 0x0000, 0x0000, 0x0000, 0x0000, 0x0000, 0x0000, 
0x0000, 0x0000, 0x0000, 0x0000, 0x0000, 0x0000, 0x0000, 0x0000, 
0x0000, 0x0000, 0x0000, 0x0000, 0x0000, 0x0000, 0x0000, 0x0000, 
0x0000, 0x0000, 0x0000, 0x0000, 0x0000, 0x0000, 0x0000, 0x0000, 
0x0000, 0x0000, 0x0000, 0x0000, 0x0000, 0xffff, 0xffff, 0xffff, 
0xffff, 0xffff, 0xffff, 0xffff, 0xffff, 0xffff, 0xffff, 0x0000, 
0x0000, 0x0000, 0x0000, 0x0000, 0x0000, 0x0000, 0x0000, 0x0000, 
0x0000, 0x0000, 0x0000, 0x0000, 0x0000, 0x0000, 0x0000, 0x0000, 
0x0000, 0x0000, 0x0000, 0x0000, 0x0000, 0x0000, 0x0000, 0x0000, 
0x0000, 0x0000, 0x0000, 0x0000, 0x0000, 0x0000, 0x0000, 0x0000, 
0x0000, 0x0000, 0x0000, 0x0000, 0x0000, 0x0000, 0x0000, 0x0000, 
0x0000, 0x0000, 0x0000, 0x0000, 0x0000, 0x0000, 0x0000, 0x0000, 
0x0000, 0x0000, 0x0000, 0x0000, 0x0000, 0x0000, 0x0000, 0x0000, 
0x0000, 0x0000, 0x0000, 0x0000, 0x0000, 0x0000, 0x0000, 0x0000, 
0x0000, 0x0000, 0x0000, 0x0000, 0x0000, 0x0000, 0x0000, 0x0000, 
0x0000, 0x0000, 0x0000, 0x0000, 0x0000, 0x0000, 0x0000, 0x0000, 
0x0000, 0x0000, 0x0000, 0x0000, 0x0000, 0x0000, 0x0000, 0x0000, 
0x0000, 0x0000, 0x0000, 0x0000, 0x0000, 0x0000, 0x0000, 0x0000, 
0x0000, 0x0000, 0x0000, 0x0000, 0x0000, 0x0000, 0x0000, 0x0000, 
0x0000, 0x0000, 0x0000, 0x0000, 0x0000, 0x0000, 0x0000, 0x0000, 
0x0000, 0x0000, 0x0000, 0x0000, 0x0000, 0x0000, 0x0000, 0x0000, 
0x0000, 0x0000, 0x0000, 0x0000, 0x0000, 0x0000, 0x0000, 0x0000, 
0x0000, 0x0000, 0x0000, 0x0000, 0x0000, 0x0000, 0x0000, 0x0000, 
0x0000, 0x0000, 0x0000, 0x0000, 0x0000, 0x0000, 0x0000, 0x0000, 
0x0000, 0x0000, 0x0000, 0x0000, 0x0000, 0x0000, 0x0000, 0x0000, 
0x0000, 0x0000, 0x0000, 0x0000, 0x0000, 0x0000, 0x0000, 0x0000, 
0x0000, 0x0000, 0x0000, 0x0000, 0x0000, 0x0000, 0xffff, 0xffff, 
0xffff, 0xffff, 0xffff, 0xffff, 0xffff, 0xffff, 0xffff, 0x0000, 
0x0000, 0x0000, 0x0000, 0x0000, 0x0000, 0x0000, 0x0000, 0x0000, 
0x0000, 0x0000, 0x0000, 0x0000, 0x0000, 0x0000, 0x0000, 0x0000, 
0x0000, 0x0000, 0x0000, 0x0000, 0x0000, 0x0000, 0x0000, 0x0000, 
0x0000, 0x0000, 0x0000, 0x0000, 0x0000, 0x0000, 0x0000, 0x0000, 
0x0000, 0x0000, 0x0000, 0x0000, 0x0000, 0x0000, 0xffff, 0xffff, 
0xffff, 0xffff, 0xffff, 0xffff, 0xffff, 0xffff, 0xffff, 0x0000, 
0x0000, 0x0000, 0x0000, 0x0000, 0x0000, 0x0000, 0x0000, 0x0000, 
0x0000, 0x0000, 0x0000, 0x0000, 0x0000, 0x0000, 0x0000, 0x0000, 
0x0000, 0x0000, 0x0000, 0x0000, 0x0000, 0x0000, 0x0000, 0x0000, 
0x0000, 0x0000, 0x0000, 0x0000, 0x0000, 0x0000, 0x0000, 0x0000, 
0x0000, 0x0000, 0x0000, 0x0000, 0x0000, 0x0000, 0x0000, 0x0000, 
0x0000, 0x0000, 0x0000, 0x0000, 0x0000, 0x0000, 0x0000, 0x0000, 
0x0000, 0x0000, 0x0000, 0x0000, 0x0000, 0x0000, 0x0000, 0x0000, 
0x0000, 0x0000, 0x0000, 0x0000, 0x0000, 0x0000, 0x0000, 0x0000, 
0x0000, 0x0000, 0x0000, 0x0000, 0x0000, 0x0000, 0x0000, 0x0000, 
0x0000, 0x0000, 0x0000, 0x0000, 0x0000, 0x0000, 0x0000, 0x0000, 
0x0000, 0x0000, 0x0000, 0x0000, 0x0000, 0x0000, 0x0000, 0x0000, 
0x0000, 0x0000, 0x0000, 0x0000, 0x0000, 0x0000, 0x0000, 0x0000, 
0x0000, 0x0000, 0x0000, 0x0000, 0x0000, 0x0000, 0x0000, 0x0000, 
0x0000, 0x0000, 0x0000, 0x0000, 0x0000, 0x0000, 0x0000, 0x0000, 
0x0000, 0x0000, 0x0000, 0x0000, 0x0000, 0x0000, 0x0000, 0x0000, 
0x0000, 0x0000, 0x0000, 0x0000, 0x0000, 0x0000, 0x0000, 0x0000, 
0x0000, 0x0000, 0x0000, 0x0000, 0x0000, 0x0000, 0x0000, 0x0000, 
0x0000, 0x0000, 0x0000, 0x0000, 0x0000, 0x0000, 0x0000, 0x0000, 
0x0000, 0x0000, 0x0000, 0x0000, 0x0000, 0x0000, 0x0000, 0x0000, 
0x0000, 0x0000, 0x0000, 0x0000, 0x0000, 0x0000, 0x0000, 0x0000, 
0x0000, 0x0000, 0x0000, 0x0000, 0x0000, 0x0000, 0x0000, 0xffff, 
0xffff, 0xffff, 0xffff, 0xffff, 0xffff, 0xffff, 0xffff, 0x0000, 
0x0000, 0x0000, 0x0000, 0x0000, 0x0000, 0x0000, 0x0000, 0x0000, 
0x0000, 0x0000, 0x0000, 0x0000, 0x0000, 0x0000, 0x0000, 0x0000, 
0x0000, 0x0000, 0x0000, 0x0000, 0x0000, 0x0000, 0x0000, 0x0000, 
0x0000, 0x0000, 0x0000, 0x0000, 0x0000, 0x0000, 0x0000, 0x0000, 
0x0000, 0x0000, 0x0000, 0x0000, 0x0000, 0x0000, 0x0000, 0xffff, 
0xffff, 0xffff, 0xffff, 0xffff, 0xffff, 0xffff, 0xffff, 0x0000, 
0x0000, 0x0000, 0x0000, 0x0000, 0x0000, 0x0000, 0x0000, 0x0000, 
0x0000, 0x0000, 0x0000, 0x0000, 0x0000, 0x0000, 0x0000, 0x0000, 
0x0000, 0x0000, 0x0000, 0x0000, 0x0000, 0x0000, 0x0000, 0x0000, 
0x0000, 0x0000, 0x0000, 0x0000, 0x0000, 0x0000, 0x0000, 0x0000, 
0x0000, 0x0000, 0x0000, 0x0000, 0x0000, 0x0000, 0x0000, 0x0000, 
0x0000, 0x0000, 0x0000, 0x0000, 0x0000, 0x0000, 0x0000, 0x0000, 
0x0000, 0x0000, 0x0000, 0x0000, 0x0000, 0x0000, 0x0000, 0x0000, 
0x0000, 0x0000, 0x0000, 0x0000, 0x0000, 0x0000, 0x0000, 0x0000, 
0x0000, 0x0000, 0x0000, 0x0000, 0x0000, 0x0000, 0x0000, 0x0000, 
0x0000, 0x0000, 0x0000, 0x0000, 0x0000, 0x0000, 0x0000, 0x0000, 
0x0000, 0x0000, 0x0000, 0x0000, 0x0000, 0x0000, 0x0000, 0x0000, 
0x0000, 0x0000, 0x0000, 0x0000, 0x0000, 0x0000, 0x0000, 0x0000, 
0x0000, 0x0000, 0x0000, 0x0000, 0x0000, 0x0000, 0x0000, 0x0000, 
0x0000, 0x0000, 0x0000, 0x0000, 0x0000, 0x0000, 0x0000, 0x0000, 
0x0000, 0x0000, 0x0000, 0x0000, 0x0000, 0x0000, 0x0000, 0x0000, 
0x0000, 0x0000, 0x0000, 0x0000, 0x0000, 0x0000, 0x0000, 0x0000, 
0x0000, 0x0000, 0x0000, 0x0000, 0x0000, 0x0000, 0x0000, 0x0000, 
0x0000, 0x0000, 0x0000, 0x0000, 0x0000, 0x0000, 0x0000, 0x0000, 
0x0000, 0x0000, 0x0000, 0x0000, 0x0000, 0x0000, 0x0000, 0x0000, 
0x0000, 0x0000, 0x0000, 0x0000, 0x0000, 0x0000, 0x0000, 0x0000, 
0x0000, 0x0000, 0x0000, 0x0000, 0x0000, 0x0000, 0x0000, 0x0000, 
0xffff, 0xffff, 0xffff, 0xffff, 0xffff, 0xffff, 0xffff, 0x0000, 
0x0000, 0x0000, 0x0000, 0x0000, 0x0000, 0x0000, 0x0000, 0x0000, 
0x0000, 0x0000, 0x0000, 0x0000, 0x0000, 0x0000, 0x0000, 0x0000, 
0x0000, 0x0000, 0x0000, 0x0000, 0x0000, 0x0000, 0x0000, 0x0000, 
0x0000, 0x0000, 0x0000, 0x0000, 0x0000, 0x0000, 0x0000, 0x0000, 
0x0000, 0x0000, 0x0000, 0x0000, 0x0000, 0x0000, 0x0000, 0x0000, 
0xffff, 0xffff, 0xffff, 0xffff, 0xffff, 0xffff, 0xffff, 0x0000, 
0x0000, 0x0000, 0x0000, 0x0000, 0x0000, 0x0000, 0x0000, 0x0000, 
0x0000, 0x0000, 0x0000, 0x0000, 0x0000, 0x0000, 0x0000, 0x0000, 
0x0000, 0x0000, 0x0000, 0x0000, 0x0000, 0x0000, 0x0000, 0x0000, 
0x0000, 0x0000, 0x0000, 0x0000, 0x0000, 0x0000, 0x0000, 0x0000, 
0x0000, 0x0000, 0x0000, 0x0000, 0x0000, 0x0000, 0x0000, 0x0000, 
0x0000, 0x0000, 0x0000, 0x0000, 0x0000, 0x0000, 0x0000, 0x0000, 
0x0000, 0x0000, 0x0000, 0x0000, 0x0000, 0x0000, 0x0000, 0x0000, 
0x0000, 0x0000, 0x0000, 0x0000, 0x0000, 0x0000, 0x0000, 0x0000, 
0x0000, 0x0000, 0x0000, 0x0000, 0x0000, 0x0000, 0x0000, 0x0000, 
0x0000, 0x0000, 0x0000, 0x0000, 0x0000, 0x0000, 0x0000, 0x0000, 
0x0000, 0x0000, 0x0000, 0x0000, 0x0000, 0x0000, 0x0000, 0x0000, 
0x0000, 0x0000, 0x0000, 0x0000, 0x0000, 0x0000, 0x0000, 0x0000, 
0x0000, 0x0000, 0x0000, 0x0000, 0x0000, 0x0000, 0x0000, 0x0000, 
0x0000, 0x0000, 0x0000, 0x0000, 0x0000, 0x0000, 0x0000, 0x0000, 
0x0000, 0x0000, 0x0000, 0x0000, 0x0000, 0x0000, 0x0000, 0x0000, 
0x0000, 0x0000, 0x0000, 0x0000, 0x0000, 0x0000, 0x0000, 0x0000, 
0x0000, 0x0000, 0x0000, 0x0000, 0x0000, 0x0000, 0x0000, 0x0000, 
0x0000, 0x0000, 0x0000, 0x0000, 0x0000, 0x0000, 0x0000, 0x0000, 
0x0000, 0x0000, 0x0000, 0x0000, 0x0000, 0x0000, 0x0000, 0x0000, 
0x0000, 0x0000, 0x0000, 0x0000, 0x0000, 0x0000, 0x0000, 0x0000, 
0x0000, 0x0000, 0x0000, 0x0000, 0x0000, 0x0000, 0x0000, 0x0000, 
0x0000, 0xffff, 0xffff, 0xffff, 0xffff, 0xffff, 0x0000, 0x0000, 
0x0000, 0x0000, 0x0000, 0x0000, 0x0000, 0x0000, 0x0000, 0x0000, 
0x0000, 0x0000, 0x0000, 0x0000, 0x0000, 0x0000, 0x0000, 0x0000, 
0x0000, 0x0000, 0x0000, 0x0000, 0x0000, 0x0000, 0x0000, 0x0000, 
0x0000, 0x0000, 0x0000, 0x0000, 0x0000, 0x0000, 0x0000, 0x0000, 
0x0000, 0x0000, 0x0000, 0x0000, 0x0000, 0x0000, 0x0000, 0x0000, 
0x0000, 0xffff, 0xffff, 0xffff, 0xffff, 0xffff, 0x0000, 0x0000, 
0x0000, 0x0000, 0x0000, 0x0000, 0x0000, 0x0000, 0x0000, 0x0000, 
0x0000, 0x0000, 0x0000, 0x0000, 0x0000, 0x0000, 0x0000, 0x0000, 
0x0000, 0x0000, 0x0000, 0x0000, 0x0000, 0x0000, 0x0000, 0x0000, 
0x0000, 0x0000, 0x0000, 0x0000, 0x0000, 0x0000, 0x0000, 0x0000, 
0x0000, 0x0000, 0x0000, 0x0000, 0x0000, 0x0000, 0x0000, 0x0000, 
0x0000, 0x0000, 0x0000, 0x0000, 0x0000, 0x0000, 0x0000, 0x0000, 
0x0000, 0x0000, 0x0000, 0x0000, 0x0000, 0x0000, 0x0000, 0x0000, 
0x0000, 0x0000, 0x0000, 0x0000, 0x0000, 0x0000, 0x0000, 0x0000, 
0x0000, 0x0000, 0x0000, 0x0000, 0x0000, 0x0000, 0x0000, 0x0000, 
0x0000, 0x0000, 0x0000, 0x0000, 0x0000, 0x0000, 0x0000, 0x0000, 
0x0000, 0x0000, 0x0000, 0x0000, 0x0000, 0x0000, 0x0000, 0x0000, 
0x0000, 0x0000, 0x0000, 0x0000, 0x0000, 0x0000, 0x0000, 0x0000, 
0x0000, 0x0000, 0x0000, 0x0000, 0x0000, 0x0000, 0x0000, 0x0000, 
0x0000, 0x0000, 0x0000, 0x0000, 0x0000, 0x0000, 0x0000, 0x0000, 
0x0000, 0x0000, 0x0000, 0x0000, 0x0000, 0x0000, 0x0000, 0x0000, 
0x0000, 0x0000, 0x0000, 0x0000, 0x0000, 0x0000, 0x0000, 0x0000, 
0x0000, 0x0000, 0x0000, 0x0000, 0x0000, 0x0000, 0x0000, 0x0000, 
0x0000, 0x0000, 0x0000, 0x0000, 0x0000, 0x0000, 0x0000, 0x0000, 
0x0000, 0x0000, 0x0000, 0x0000, 0x0000, 0x0000, 0x0000, 0x0000, 
0x0000, 0x0000, 0x0000, 0x0000, 0x0000, 0x0000, 0x0000, 0x0000, 
0x0000, 0x0000, 0x0000, 0x0000, 0x0000, 0x0000, 0x0000, 0x0000, 
0x0000, 0x0000, 0xffff, 0xffff, 0xffff, 0x0000, 0x0000, 0x0000, 
0x0000, 0x0000, 0x0000, 0x0000, 0x0000, 0x0000, 0x0000, 0x0000, 
0x0000, 0x0000, 0x0000, 0x0000, 0x0000, 0x0000, 0x0000, 0x0000, 
0x0000, 0x0000, 0x0000, 0x0000, 0x0000, 0x0000, 0x0000, 0x0000, 
0x0000, 0x0000, 0x0000, 0x0000, 0x0000, 0x0000, 0x0000, 0x0000, 
0x0000, 0x0000, 0x0000, 0x0000, 0x0000, 0x0000, 0x0000, 0x0000, 
0x0000, 0x0000, 0xffff, 0xffff, 0xffff, 0x0000, 0x0000, 0x0000, 
0x0000, 0x0000, 0x0000, 0x0000, 0x0000, 0x0000, 0x0000, 0x0000, 
0x0000, 0x0000, 0x0000, 0x0000, 0x0000, 0x0000, 0x0000, 0x0000, 
0x0000, 0x0000, 0x0000, 0x0000, 0x0000, 0x0000, 0x0000, 0x0000, 
0x0000, 0x0000, 0x0000, 0x0000, 0x0000, 0x0000, 0x0000, 0x0000, 
0x0000, 0x0000, 0x0000, 0x0000, 0x0000, 0x0000, 0x0000, 0x0000, 
0x0000, 0x0000, 0x0000, 0x0000, 0x0000, 0x0000, 0x0000, 0x0000, 
0x0000, 0x0000, 0x0000, 0x0000, 0x0000, 0x0000, 0x0000, 0x0000, 
0x0000, 0x0000, 0x0000, 0x0000, 0x0000, 0x0000, 0x0000, 0x0000, 
0x0000, 0x0000, 0x0000, 0x0000, 0x0000, 0x0000, 0x0000, 0x0000, 
0x0000, 0x0000, 0x0000, 0x0000, 0x0000, 0x0000, 0x0000, 0x0000, 
0x0000, 0x0000, 0x0000, 0x0000, 0x0000, 0x0000, 0x0000, 0x0000, 
0x0000, 0x0000, 0x0000, 0x0000, 0x0000, 0x0000, 0x0000, 0x0000, 
0x0000, 0x0000, 0x0000, 0x0000, 0x0000, 0x0000, 0x0000, 0x0000, 
0x0000, 0x0000, 0x0000, 0x0000, 0x0000, 0x0000, 0x0000, 0x0000, 
0x0000, 0x0000, 0x0000, 0x0000, 0x0000, 0x0000, 0x0000, 0x0000, 
0x0000, 0x0000, 0x0000, 0x0000, 0x0000, 0x0000, 0x0000, 0x0000, 
0x0000, 0x0000, 0x0000, 0x0000, 0x0000, 0x0000, 0x0000, 0x0000, 
0x0000, 0x0000, 0x0000, 0x0000, 0x0000, 0x0000, 0x0000, 0x0000, 
0x0000, 0x0000, 0x0000, 0x0000, 0x0000, 0x0000, 0x0000, 0x0000, 
0x0000, 0x0000, 0x0000, 0x0000, 0x0000, 0x0000, 0x0000, 0x0000, 
0x0000, 0x0000, 0x0000, 0x0000, 0x0000, 0x0000, 0x0000, 0x0000, 
0x0000, 0x0000, 0x0000, 0x0000, 0x0000, 0x0000, 0x0000, 0x0000, 
0x0000, 0x0000, 0x0000, 0x0000, 0x0000, 0x0000, 0x0000, 0x0000, 
0x0000, 0x0000, 0x0000, 0x0000, 0x0000, 0x0000, 0x0000, 0x0000, 
0x0000, 0x0000, 0x0000, 0x0000, 0x0000, 0x0000, 0x0000, 0x0000, 
0x0000, 0x0000, 0x0000, 0x0000, 0x0000, 0x0000, 0x0000, 0x0000, 
0x0000, 0x0000, 0x0000, 0x0000, 0x0000, 0x0000, 0x0000, 0x0000, 
0x0000, 0x0000, 0x0000, 0x0000, 0x0000, 0x0000, 0x0000, 0x0000, 
0x0000, 0x0000, 0x0000, 0x0000, 0x0000, 0x0000, 0x0000, 0x0000, 
0x0000, 0x0000, 0x0000, 0x0000, 0x0000, 0x0000, 0x0000, 0x0000, 
0x0000, 0x0000, 0x0000, 0x0000, 0x0000, 0x0000, 0x0000, 0x0000, 
0x0000, 0x0000, 0x0000, 0x0000, 0x0000, 0x0000, 0x0000, 0x0000, 
0x0000, 0x0000, 0x0000, 0x0000, 0x0000, 0x0000, 0x0000, 0x0000, 
0x0000, 0x0000, 0x0000, 0x0000, 0x0000, 0x0000, 0x0000, 0x0000, 
0x0000, 0x0000, 0x0000, 0x0000, 0x0000, 0x0000, 0x0000, 0x0000, 
0x0000, 0x0000, 0x0000, 0x0000, 0x0000, 0x0000, 0x0000, 0x0000, 
0x0000, 0x0000, 0x0000, 0x0000, 0x0000, 0x0000, 0x0000, 0x0000, 
0x0000, 0x0000, 0x0000, 0x0000, 0x0000, 0x0000, 0x0000, 0x0000, 
0x0000, 0x0000, 0x0000, 0x0000, 0x0000, 0x0000, 0x0000, 0x0000, 
0x0000, 0x0000, 0x0000, 0x0000, 0x0000, 0x0000, 0x0000, 0x0000, 
0x0000, 0x0000, 0x0000, 0x0000, 0x0000, 0x0000, 0x0000, 0x0000, 
0x0000, 0x0000, 0x0000, 0x0000, 0x0000, 0x0000, 0x0000, 0x0000, 
0x0000, 0x0000, 0x0000, 0x0000, 0x0000, 0x0000, 0x0000, 0x0000, 
0x0000, 0x0000, 0x0000, 0x0000, 0x0000, 0x0000, 0x0000, 0x0000, 
0x0000, 0x0000, 0x0000, 0x0000, 0x0000, 0x0000, 0x0000, 0x0000, 
0x0000, 0x0000, 0x0000, 0x0000, 0x0000, 0x0000, 0x0000, 0x0000, 
0x0000, 0x0000, 0x0000, 0x0000, 0x0000, 0x0000, 0x0000, 0x0000, 
0x0000, 0x0000, 0x0000, 0x0000, 0x0000, 0x0000, 0x0000, 0x0000, 
0x0000, 0x0000, 0x0000, 0x0000, 0x0000, 0x0000, 0x0000, 0x0000, 
0x0000, 0x0000, 0x0000, 0x0000, 0x0000, 0x0000, 0x0000, 0x0000, 
0x0000, 0x0000, 0x0000, 0x0000, 0x0000, 0x0000, 0x0000, 0x0000, 
0x0000, 0x0000, 0x0000, 0x0000, 0x0000, 0x0000, 0x0000, 0x0000, 
0x0000, 0x0000, 0x0000, 0x0000, 0x0000, 0x0000, 0x0000, 0x0000, 
0x0000, 0x0000, 0x0000, 0x0000, 0x0000, 0x0000, 0x0000, 0x0000, 
0x0000, 0x0000, 0x0000, 0x0000, 0x0000, 0x0000, 0x0000, 0x0000, 
0x0000, 0x0000, 0x0000, 0x0000, 0x0000, 0x0000, 0x0000, 0x0000, 
0x0000, 0x0000, 0x0000, 0x0000, 0x0000, 0x0000, 0x0000, 0x0000, 
0x0000, 0x0000, 0x0000, 0x0000, 0x0000, 0x0000, 0x0000, 0x0000, 
0x0000, 0x0000, 0x0000, 0x0000, 0x0000, 0x0000, 0x0000, 0x0000, 
0x0000, 0x0000, 0x0000, 0x0000, 0x0000, 0x0000, 0x0000, 0x0000, 
0x0000, 0x0000, 0x0000, 0x0000, 0x0000, 0x0000, 0x0000, 0x0000, 
0x0000, 0x0000, 0x0000, 0x0000, 0x0000, 0x0000, 0x0000, 0x0000, 
0x0000, 0x0000, 0x0000, 0x0000, 0x0000, 0x0000, 0x0000, 0x0000, 
0x0000, 0x0000, 0x0000, 0x0000, 0x0000, 0x0000, 0x0000, 0x0000, 
0x0000, 0x0000, 0x0000, 0x0000, 0x0000, 0x0000, 0x0000, 0x0000, 
0x0000, 0x0000, 0x0000, 0x0000, 0x0000, 0x0000, 0x0000, 0x0000, 
0x0000, 0x0000, 0x0000, 0x0000, 0x0000, 0x0000, 0x0000, 0x0000, 
0x0000, 0x0000, 0x0000, 0x0000, 0x0000, 0x0000, 0x0000, 0x0000, 
0x0000, 0x0000, 0x0000, 0x0000, 0x0000, 0x0000, 0x0000, 0x0000, 
0x0000, 0x0000, 0x0000, 0x0000, 0x0000, 0x0000, 0x0000, 0x0000, 
0x0000, 0x0000, 0x0000, 0x0000, 0x0000, 0x0000, 0x0000, 0x0000, 
0x0000, 0x0000, 0x0000, 0x0000, 0x0000, 0x0000, 0x0000, 0x0000, 
0x0000, 0x0000, 0x0000, 0x0000, 0x0000, 0x0000, 0x0000, 0x0000, 
0x0000, 0x0000, 0x0000, 0x0000, 0x0000, 0x0000, 0x0000, 0x0000, 
0x0000, 0x0000, 0x0000, 0x0000, 0x0000, 0x0000, 0x0000, 0x0000, 
0x0000, 0x0000, 0x0000, 0x0000, 0x0000, 0x0000, 0x0000, 0x0000, 
0x0000, 0x0000, 0x0000, 0x0000, 0x0000, 0x0000, 0x0000, 0x0000, 
0x0000, 0x0000, 0x0000, 0x0000, 0x0000, 0x0000, 0x0000, 0x0000, 
0x0000, 0x0000, 0x0000, 0x0000, 0x0000, 0x0000, 0x0000, 0x0000, 
0x0000, 0x0000, 0x0000, 0x0000, 0x0000, 0x0000, 0x0000, 0x0000, 
0x0000, 0x0000, 0x0000, 0x0000, 0x0000, 0x0000, 0x0000, 0x0000, 
0x0000, 0x0000, 0x0000, 0x0000, 0x0000, 0x0000, 0x0000, 0x0000, 
0x0000, 0x0000, 0x0000, 0x0000, 0x0000, 0x0000, 0x0000, 0x0000, 
0x0000, 0x0000, 0x0000, 0x0000, 0x0000, 0x0000, 0x0000, 0x0000, 
0x0000, 0x0000, 0x0000, 0x0000, 0x0000, 0x0000, 0x0000, 0x0000, 
0x0000, 0x0000, 0x0000, 0x0000, 0x0000, 0x0000, 0x0000, 0x0000, 
0x0000, 0x0000, 0x0000, 0x0000, 0x0000, 0x0000, 0x0000, 0x0000, 
0x0000, 0x0000, 0x0000, 0x0000, 0x0000, 0x0000, 0x0000, 0x0000, 
0x0000, 0x0000, 0x0000, 0x0000, 0x0000, 0x0000, 0x0000, 0x0000, 
0x0000, 0x0000, 0x0000, 0x0000, 0x0000, 0x0000, 0x0000, 0x0000, 
0x0000, 0x0000, 0x0000, 0x0000, 0x0000, 0x0000, 0x0000, 0x0000, 
0x0000, 0x0000, 0x0000, 0x0000, 0x0000, 0x0000, 0x0000, 0x0000, 
0x0000, 0x0000, 0x0000, 0x0000, 0x0000, 0x0000, 0x0000, 0x0000, 
0x0000, 0x0000, 0x0000, 0x0000, 0x0000, 0x0000, 0x0000, 0x0000, 
0x0000, 0x0000, 0x0000, 0x0000, 0x0000, 0x0000, 0x0000, 0x0000, 
0x0000, 0x0000, 0x0000, 0x0000, 0x0000, 0x0000, 0x0000, 0x0000, 
0x0000, 0x0000, 0x0000, 0x0000, 0x0000, 0x0000, 0x0000, 0x0000, 
0x0000, 0x0000, 0x0000, 0x0000, 0x0000, 0x0000, 0x0000, 0x0000, 
0x0000, 0x0000, 0x0000, 0x0000, 0x0000, 0x0000, 0x0000, 0x0000, 
0x0000, 0x0000, 0x0000, 0x0000, 0x0000, 0x0000, 0x0000, 0x0000, 
0x0000, 0x0000, 0x0000, 0x0000, 0x0000, 0x0000, 0x0000, 0x0000, 
0x0000, 0x0000, 0x0000, 0x0000, 0x0000, 0x0000, 0x0000, 0x0000, 
0x0000, 0x0000, 0x0000, 0x0000, 0x0000, 0x0000, 0x0000, 0x0000, 
0x0000, 0x0000, 0x0000, 0x0000, 0x0000, 0x0000, 0x0000, 0x0000, 
0x0000, 0x0000, 0x0000, 0x0000, 0x0000, 0x0000, 0x0000, 0x0000, 
0x0000, 0x0000, 0x0000, 0x0000, 0x0000, 0x0000, 0x0000, 0x0000, 
0x0000, 0x0000, 0x0000, 0x0000, 0x0000, 0x0000, 0x0000, 0x0000, 
0x0000, 0x0000, 0x0000, 0x0000, 0x0000, 0x0000, 0x0000, 0x0000, 
0x0000, 0x0000, 0x0000, 0x0000, 0x0000, 0x0000, 0x0000, 0x0000, 
0x0000, 0x0000, 0x0000, 0x0000, 0x0000, 0x0000, 0x0000, 0x0000, 
0x0000, 0x0000, 0x0000, 0x0000, 0x0000, 0x0000, 0x0000, 0x0000, 
0x0000, 0x0000, 0x0000, 0x0000, 0x0000, 0x0000, 0x0000, 0x0000, 
0x0000, 0x0000, 0x0000, 0x0000, 0x0000, 0x0000, 0x0000, 0x0000, 
0x0000, 0x0000, 0x0000, 0x0000, 0x0000, 0x0000, 0x0000, 0x0000, 
0x0000, 0x0000, 0x0000, 0x0000, 0x0000, 0x0000, 0x0000, 0x0000, 
0x0000, 0x0000, 0x0000, 0x0000, 0x0000, 0x0000, 0x0000, 0x0000, 
0x0000, 0x0000, 0x0000, 0x0000, 0x0000, 0x0000, 0x0000, 0x0000, 
0x0000, 0x0000, 0x0000, 0x0000, 0x0000, 0x0000, 0x0000, 0x0000, 
0x0000, 0x0000, 0x0000, 0x0000, 0x0000, 0x0000, 0x0000, 0x0000, 
0x0000, 0x0000, 0x0000, 0x0000, 0x0000, 0x0000, 0x0000, 0x0000, 
0x0000, 0x0000, 0x0000, 0x0000, 0x0000, 0x0000, 0x0000, 0x0000, 
0x0000, 0x0000, 0x0000, 0x0000, 0x0000, 0x0000, 0x0000, 0x0000, 
0x0000, 0x0000, 0x0000, 0x0000, 0x0000, 0x0000, 0x0000, 0x0000, 
0x0000, 0x0000, 0x0000, 0x0000, 0x0000, 0x0000, 0x0000, 0x0000, 
0x0000, 0x0000, 0x0000, 0x0000, 0x0000, 0x0000, 0x0000, 0x0000, 
0x0000, 0x0000, 0x0000, 0x0000, 0x0000, 0x0000, 0x0000, 0x0000, 
0x0000, 0x0000, 0x0000, 0x0000, 0x0000, 0x0000, 0x0000, 0x0000, 
0x0000, 0x0000, 0x0000, 0x0000, 0x0000, 0x0000, 0x0000, 0x0000, 
0x0000, 0x0000, 0x0000, 0x0000, 0x0000, 0x0000, 0x0000, 0x0000, 
0x0000, 0x0000, 0x0000, 0x0000, 0x0000, 0x0000, 0x0000, 0x0000, 
0x0000, 0x0000, 0x0000, 0x0000, 0x0000, 0x0000, 0x0000, 0x0000, 
0x0000, 0x0000, 0x0000, 0x0000, 0x0000, 0x0000, 0x0000, 0x0000, 
0x0000, 0x0000, 0x0000, 0x0000, 0x0000, 0x0000, 0x0000, 0x0000, 
0x0000, 0x0000, 0x0000, 0x0000, 0x0000, 0x0000, 0x0000, 0x0000, 
0x0000, 0x0000, 0x0000, 0x0000, 0x0000, 0x0000, 0x0000, 0x0000, 
0x0000, 0x0000, 0x0000, 0x0000, 0x0000, 0x0000, 0x0000, 0x0000, 
0x0000, 0x0000, 0x0000, 0x0000, 0x0000, 0x0000, 0x0000, 0x0000, 
0x0000, 0x0000, 0x0000, 0x0000, 0x0000, 0x0000, 0x0000, 0x0000, 
0x0000, 0x0000, 0x0000, 0x0000, 0x0000, 0x0000, 0x0000, 0x0000, 
0x0000, 0x0000, 0x0000, 0x0000, 0x0000, 0x0000, 0x0000, 0x0000, 
0x0000, 0x0000, 0x0000, 0x0000, 0x0000, 0x0000, 0x0000, 0x0000, 
0x0000, 0x0000, 0x0000, 0x0000, 0x0000, 0x0000, 0x0000, 0x0000, 
0x0000, 0x0000, 0x0000, 0x0000, 0x0000, 0x0000, 0x0000, 0x0000, 
0x0000, 0x0000, 0x0000, 0x0000, 0x0000, 0x0000, 0x0000, 0x0000, 
0x0000, 0x0000, 0x0000, 0x0000, 0x0000, 0x0000, 0x0000, 0x0000, 
0x0000, 0x0000, 0x0000, 0x0000, 0x0000, 0x0000, 0x0000, 0x0000, 
0x0000, 0x0000, 0x0000, 0x0000, 0x0000, 0x0000, 0x0000, 0x0000, 
0x0000, 0x0000, 0x0000, 0x0000, 0x0000, 0x0000, 0x0000, 0x0000, 
0x0000, 0x0000, 0x0000, 0x0000, 0x0000, 0x0000, 0x0000, 0x0000, 
0x0000, 0x0000, 0x0000, 0x0000, 0x0000, 0x0000, 0x0000, 0x0000, 
0x0000, 0x0000, 0x0000, 0x0000, 0x0000, 0x0000, 0x0000, 0x0000, 
0x0000, 0x0000, 0x0000, 0x0000, 0x0000, 0x0000, 0x0000, 0x0000, 
0x0000, 0x0000, 0x0000, 0x0000, 0x0000, 0x0000, 0x0000, 0x0000, 
0x0000, 0x0000, 0x0000, 0x0000, 0x0000, 0x0000, 0x0000, 0x0000, 
0x0000, 0x0000, 0x0000, 0x0000, 0x0000, 0x0000, 0x0000, 0x0000, 
0x0000, 0x0000, 0x0000, 0x0000, 0x0000, 0x0000, 0x0000, 0x0000, 
0x0000, 0x0000, 0x0000, 0x0000, 0x0000, 0x0000, 0x0000, 0x0000, 
0x0000, 0x0000, 0x0000, 0x0000, 0x0000, 0x0000, 0x0000, 0x0000, 
0x0000, 0x0000, 0x0000, 0x0000, 0x0000, 0x0000, 0x0000, 0x0000, 
0x0000, 0x0000, 0x0000, 0x0000, 0x0000, 0x0000, 0x0000, 0x0000, 
0x0000, 0x0000, 0x0000, 0x0000, 0x0000, 0x0000, 0x0000, 0x0000, 
0x0000, 0x0000, 0x0000, 0x0000, 0x0000, 0x0000, 0x0000, 0x0000, 
0x0000, 0x0000, 0x0000, 0x0000, 0x0000, 0x0000, 0x0000, 0x0000, 
0x0000, 0x0000, 0x0000, 0x0000, 0x0000, 0x0000, 0x0000, 0x0000, 
0x0000, 0x0000, 0x0000, 0x0000, 0x0000, 0x0000, 0x0000, 0x0000, 
0x0000, 0x0000, 0x0000, 0x0000, 0x0000, 0x0000, 0x0000, 0x0000, 
0x0000, 0x0000, 0x0000, 0x0000, 0x0000, 0x0000, 0x0000, 0x0000, 
0x0000, 0x0000, 0x0000, 0x0000, 0x0000, 0x0000, 0x0000, 0x0000, 
0x0000, 0x0000, 0x0000, 0x0000, 0x0000, 0x0000, 0x0000, 0x0000, 
0x0000, 0x0000, 0x0000, 0x0000, 0x0000, 0x0000, 0x0000, 0x0000, 
0x0000, 0x0000, 0x0000, 0x0000, 0x0000, 0x0000, 0x0000, 0x0000, 
0x0000, 0x0000, 0x0000, 0x0000, 0x0000, 0x0000, 0x0000, 0x0000, 
0x0000, 0x0000, 0x0000, 0x0000, 0x0000, 0x0000, 0x0000, 0x0000, 
0x0000, 0x0000, 0x0000, 0x0000, 0x0000, 0x0000, 0x0000, 0x0000, 
0x0000, 0x0000, 0x0000, 0x0000, 0x0000, 0x0000, 0x0000, 0x0000, 
0x0000, 0x0000, 0x0000, 0x0000, 0x0000, 0x0000, 0x0000, 0x0000, 
0x0000, 0x0000, 0x0000, 0x0000, 0x0000, 0x0000, 0x0000, 0x0000, 
0x0000, 0x0000, 0x0000, 0x0000, 0x0000, 0x0000, 0x0000, 0x0000, 
0x0000, 0x0000, 0x0000, 0x0000, 0x0000, 0x0000, 0x0000, 0x0000, 
0x0000, 0x0000, 0x0000, 0x0000, 0x0000, 0x0000, 0x0000, 0x0000, 
0x0000, 0x0000, 0x0000, 0x0000, 0x0000, 0x0000, 0x0000, 0x0000, 
0x0000, 0x0000, 0x0000, 0x0000, 0x0000, 0x0000, 0x0000, 0x0000, 
0x0000, 0x0000, 0x0000, 0x0000, 0x0000, 0x0000, 0x0000, 0x0000, 
0x0000, 0x0000, 0x0000, 0x0000, 0x0000, 0x0000, 0x0000, 0x0000, 
0x0000, 0x0000, 0x0000, 0x0000, 0x0000, 0x0000, 0x0000, 0x0000, 
0x0000, 0x0000, 0x0000, 0x0000, 0x0000, 0x0000, 0x0000, 0x0000, 
0x0000, 0x0000, 0x0000, 0xb0ff, 0xb0ff, 0xb0ff, 0xb0ff, 0x0000, 
0x0000, 0x0000, 0x0000, 0x0000, 0x0000, 0x0000, 0x0000, 0xb0ff, 
0xb0ff, 0xb0ff, 0xb0ff, 0x0000, 0x0000, 0x0000, 0x0000, 0x0000, 
0x0000, 0x0000, 0xb0ff, 0xb0ff, 0xb0ff, 0xb0ff, 0xb0ff, 0xb0ff, 
0xb0ff, 0xb0ff, 0xb0ff, 0xb0ff, 0x0000, 0x0000, 0x0000, 0x0000, 
0x0000, 0x0000, 0x0000, 0x0000, 0x0000, 0x0000, 0x0000, 0xb0ff, 
0xb0ff, 0xb0ff, 0xb0ff, 0xb0ff, 0xb0ff, 0xb0ff, 0xb0ff, 0x0000, 
0x0000, 0x0000, 0x0000, 0x0000, 0x0000, 0x0000, 0x0000, 0x0000, 
0xb0ff, 0xb0ff, 0xb0ff, 0xb0ff, 0xb0ff, 0xb0ff, 0xb0ff, 0xb0ff, 
0xb0ff, 0xb0ff, 0xb0ff, 0xb0ff, 0xb0ff, 0xb0ff, 0xb0ff, 0xb0ff, 
0x0000, 0x0000, 0x0000, 0x0000, 0x0000, 0x0000, 0x0000, 0x0000, 
0xb0ff, 0xb0ff, 0xb0ff, 0xb0ff, 0xb0ff, 0xb0ff, 0xb0ff, 0x0000, 
0x0000, 0x0000, 0x0000, 0x0000, 0x0000, 0x0000, 0x0000, 0x0000, 
0x0000, 0xb0ff, 0xb0ff, 0xb0ff, 0xb0ff, 0xb0ff, 0xb0ff, 0xb0ff, 
0xb0ff, 0xb0ff, 0xb0ff, 0xb0ff, 0xb0ff, 0x0000, 0x0000, 0x0000, 
0x0000, 0x0000, 0x0000, 0x0000, 0x0000, 0xb0ff, 0xb0ff, 0xb0ff, 
0xb0ff, 0x0000, 0x0000, 0x0000, 0x0000, 0x0000, 0x0000, 0x0000, 
0x0000, 0xb0ff, 0xb0ff, 0xb0ff, 0xb0ff, 0x0000, 0x0000, 0x0000, 
0x0000, 0x0000, 0x0000, 0x0000, 0x0000, 0x0000, 0x0000, 0xb0ff, 
0xb0ff, 0xb0ff, 0xb0ff, 0x0000, 0x0000, 0x0000, 0x0000, 0x0000, 
0x0000, 0x0000, 0x0000, 0x0000, 0x0000, 0x0000, 0x0000, 0x0000, 
0x0000, 0x0000, 0x0000, 0x0000, 0x0000, 0x0000, 0x0000, 0x0000, 
0x0000, 0x0000, 0x0000, 0x0000, 0x0000, 0x0000, 0x0000, 0x0000, 
0x0000, 0x0000, 0x0000, 0x0000, 0x0000, 0x0000, 0x0000, 0x0000, 
0x0000, 0x0000, 0x0000, 0x0000, 0x0000, 0x0000, 0x0000, 0x0000, 
0x0000, 0x0000, 0x0000, 0x0000, 0x0000, 0x0000, 0x0000, 0x0000, 
0x0000, 0x0000, 0x0000, 0x0000, 0x0000, 0x0000, 0x0000, 0x0000, 
0x0000, 0x0000, 0x0000, 0x0000, 0x0000, 0x0000, 0x0000, 0x0000, 
0x0000, 0x0000, 0x0000, 0xb0ff, 0xb0ff, 0x0cf2, 0xb0ff, 0x0000, 
0x0000, 0x0000, 0x0000, 0x0000, 0x0000, 0x0000, 0x0000, 0xb0ff, 
0x0cf2, 0x0cf2, 0xb0ff, 0x0000, 0x0000, 0x0000, 0x0000, 0x0000, 
0x0000, 0x0000, 0xb0ff, 0x0cf2, 0x0cf2, 0x0cf2, 0x0cf2, 0x0cf2, 
0x0cf2, 0x0cf2, 0x0cf2, 0xb0ff, 0x0000, 0x0000, 0x0000, 0x0000, 
0x0000, 0x0000, 0x0000, 0x0000, 0x0000, 0xb0ff, 0xb0ff, 0xb0ff, 
0x0cf2, 0x0cf2, 0x0cf2, 0x0cf2, 0x0cf2, 0x0cf2, 0xb0ff, 0xb0ff, 
0xb0ff, 0x0000, 0x0000, 0x0000, 0x0000, 0x0000, 0x0000, 0x0000, 
0xb0ff, 0x0cf2, 0x0cf2, 0x0cf2, 0x0cf2, 0x0cf2, 0x0cf2, 0x0cf2, 
0x0cf2, 0x0cf2, 0x0cf2, 0x0cf2, 0x0cf2, 0x0cf2, 0x0cf2, 0xb0ff, 
0x0000, 0x0000, 0x0000, 0x0000, 0x0000, 0x0000, 0xb0ff, 0xb0ff, 
0xb0ff, 0x0cf2, 0x0cf2, 0x0cf2, 0x0cf2, 0x0cf2, 0xb0ff, 0xb0ff, 
0xb0ff, 0x0000, 0x0000, 0x0000, 0x0000, 0x0000, 0x0000, 0x0000, 
0x0000, 0xb0ff, 0x0cf2, 0x0cf2, 0x0cf2, 0x0cf2, 0x0cf2, 0x0cf2, 
0x0cf2, 0x0cf2, 0x0cf2, 0x0cf2, 0xb0ff, 0xb0ff, 0xb0ff, 0x0000, 
0x0000, 0x0000, 0x0000, 0x0000, 0x0000, 0xb0ff, 0x0cf2, 0x0cf2, 
0xb0ff, 0x0000, 0x0000, 0x0000, 0x0000, 0x0000, 0x0000, 0x0000, 
0x0000, 0xb0ff, 0x0cf2, 0x0cf2, 0xb0ff, 0x0000, 0x0000, 0x0000, 
0x0000, 0x0000, 0x0000, 0x0000, 0x0000, 0x0000, 0x0000, 0xb0ff, 
0x0cf2, 0x0cf2, 0xb0ff, 0x0000, 0x0000, 0x0000, 0x0000, 0x0000, 
0x0000, 0x0000, 0x0000, 0x0000, 0x0000, 0x0000, 0x0000, 0x0000, 
0x0000, 0x0000, 0x0000, 0x0000, 0x0000, 0x0000, 0x0000, 0x0000, 
0x0000, 0x0000, 0x0000, 0x0000, 0x0000, 0x0000, 0x0000, 0x0000, 
0x0000, 0x0000, 0x0000, 0x0000, 0x0000, 0x0000, 0x0000, 0x0000, 
0x0000, 0x0000, 0x0000, 0x0000, 0x0000, 0x0000, 0x0000, 0x0000, 
0x0000, 0x0000, 0x0000, 0x0000, 0x0000, 0x0000, 0x0000, 0x0000, 
0x0000, 0x0000, 0x0000, 0x0000, 0x0000, 0x0000, 0x0000, 0x0000, 
0x0000, 0x0000, 0x0000, 0x0000, 0x0000, 0x0000, 0x0000, 0x0000, 
0x0000, 0x0000, 0x0000, 0xb0ff, 0xb0ff, 0x0cf2, 0xb0ff, 0x0000, 
0x0000, 0x0000, 0x0000, 0x0000, 0x0000, 0x0000, 0x0000, 0xb0ff, 
0x0cf2, 0x0cf2, 0xb0ff, 0x0000, 0x0000, 0x0000, 0x0000, 0x0000, 
0x0000, 0x0000, 0xb0ff, 0x0cf2, 0x0cf2, 0x0cf2, 0x0cf2, 0x0cf2, 
0x0cf2, 0x0cf2, 0x0cf2, 0xb0ff, 0x0000, 0x0000, 0x0000, 0x0000, 
0x0000, 0x0000, 0x0000, 0x0000, 0xb0ff, 0xb0ff, 0x0cf2, 0x0cf2, 
0x0cf2, 0x0cf2, 0x0cf2, 0x0cf2, 0x0cf2, 0x0cf2, 0x0cf2, 0x0cf2, 
0xb0ff, 0xb0ff, 0x0000, 0x0000, 0x0000, 0x0000, 0x0000, 0x0000, 
0xb0ff, 0x0cf2, 0x0cf2, 0x0cf2, 0x0cf2, 0x0cf2, 0x0cf2, 0x0cf2, 
0x0cf2, 0x0cf2, 0x0cf2, 0x0cf2, 0x0cf2, 0x0cf2, 0x0cf2, 0xb0ff, 
0x0000, 0x0000, 0x0000, 0x0000, 0xb0ff, 0xb0ff, 0xb0ff, 0x0cf2, 
0x0cf2, 0x0cf2, 0x0cf2, 0x0cf2, 0x0cf2, 0x0cf2, 0x0cf2, 0x0cf2, 
0xb0ff, 0xb0ff, 0x0000, 0x0000, 0x0000, 0x0000, 0x0000, 0x0000, 
0x0000, 0xb0ff, 0x0cf2, 0x0cf2, 0x0cf2, 0x0cf2, 0x0cf2, 0x0cf2, 
0x0cf2, 0x0cf2, 0x0cf2, 0x0cf2, 0x0cf2, 0x0cf2, 0xb0ff, 0xb0ff, 
0x0000, 0x0000, 0x0000, 0x0000, 0x0000, 0xb0ff, 0x0cf2, 0x0cf2, 
0xb0ff, 0x0000, 0x0000, 0x0000, 0x0000, 0x0000, 0x0000, 0x0000, 
0x0000, 0xb0ff, 0x0cf2, 0x0cf2, 0xb0ff, 0x0000, 0x0000, 0x0000, 
0x0000, 0x0000, 0x0000, 0x0000, 0x0000, 0x0000, 0x0000, 0xb0ff, 
0x0cf2, 0x0cf2, 0xb0ff, 0x0000, 0x0000, 0x0000, 0x0000, 0x0000, 
0x0000, 0x0000, 0x0000, 0x0000, 0x0000, 0x0000, 0x0000, 0x0000, 
0x0000, 0x0000, 0x0000, 0x0000, 0x0000, 0x0000, 0x0000, 0x0000, 
0x0000, 0x0000, 0x0000, 0x0000, 0x0000, 0x0000, 0x0000, 0x0000, 
0x0000, 0x0000, 0x0000, 0x0000, 0x0000, 0x0000, 0x0000, 0x0000, 
0x0000, 0x0000, 0x0000, 0x0000, 0x0000, 0x0000, 0x0000, 0x0000, 
0x0000, 0x0000, 0x0000, 0x0000, 0x0000, 0x0000, 0x0000, 0x0000, 
0x0000, 0x0000, 0x0000, 0x0000, 0x0000, 0x0000, 0x0000, 0x0000, 
0x0000, 0x0000, 0x0000, 0x0000, 0x0000, 0x0000, 0x0000, 0x0000, 
0x0000, 0x0000, 0x0000, 0xb0ff, 0xb0ff, 0x0cf2, 0xb0ff, 0x0000, 
0x0000, 0x0000, 0x0000, 0x0000, 0x0000, 0x0000, 0x0000, 0xb0ff, 
0x0cf2, 0x0cf2, 0xb0ff, 0x0000, 0x0000, 0x0000, 0x0000, 0x0000, 
0x0000, 0x0000, 0xb0ff, 0xb0ff, 0xb0ff, 0xb0ff, 0x0cf2, 0x0cf2, 
0xb0ff, 0xb0ff, 0xb0ff, 0xb0ff, 0x0000, 0x0000, 0x0000, 0x0000, 
0x0000, 0x0000, 0x0000, 0xb0ff, 0xb0ff, 0x0cf2, 0xb0ff, 0xb0ff, 
0xb0ff, 0xb0ff, 0xb0ff, 0xb0ff, 0xb0ff, 0xb0ff, 0xb0ff, 0xb0ff, 
0xb0ff, 0x0000, 0x0000, 0x0000, 0x0000, 0x0000, 0x0000, 0x0000, 
0xb0ff, 0xb0ff, 0xb0ff, 0xb0ff, 0xb0ff, 0xb0ff, 0xb0ff, 0xb0ff, 
0xb0ff, 0xb0ff, 0xb0ff, 0xb0ff, 0xb0ff, 0xb0ff, 0xb0ff, 0xb0ff, 
0x0000, 0x0000, 0x0000, 0x0000, 0xb0ff, 0x0cf2, 0x0cf2, 0xb0ff, 
0xb0ff, 0xb0ff, 0xb0ff, 0xb0ff, 0xb0ff, 0xb0ff, 0xb0ff, 0x0cf2, 
0x0cf2, 0xb0ff, 0xb0ff, 0x0000, 0x0000, 0x0000, 0x0000, 0x0000, 
0x0000, 0xb0ff, 0x0cf2, 0x0cf2, 0xb0ff, 0xb0ff, 0xb0ff, 0xb0ff, 
0xb0ff, 0xb0ff, 0xb0ff, 0xb0ff, 0xb0ff, 0x0cf2, 0x0cf2, 0xb0ff, 
0xb0ff, 0x0000, 0x0000, 0x0000, 0x0000, 0xb0ff, 0x0cf2, 0x0cf2, 
0xb0ff, 0x0000, 0x0000, 0x0000, 0x0000, 0x0000, 0x0000, 0x0000, 
0x0000, 0xb0ff, 0x0cf2, 0x0cf2, 0xb0ff, 0x0000, 0x0000, 0x0000, 
0x0000, 0x0000, 0x0000, 0x0000, 0x0000, 0x0000, 0x0000, 0xb0ff, 
0x0cf2, 0x0cf2, 0xb0ff, 0x0000, 0x0000, 0x0000, 0x0000, 0x0000, 
0x0000, 0x0000, 0x0000, 0x0000, 0x0000, 0x0000, 0x0000, 0x0000, 
0x0000, 0x0000, 0x0000, 0x0000, 0x0000, 0x0000, 0x0000, 0x0000, 
0x0000, 0x0000, 0x0000, 0x0000, 0x0000, 0x0000, 0x0000, 0x0000, 
0x0000, 0x0000, 0x0000, 0x0000, 0x0000, 0x0000, 0x0000, 0x0000, 
0x0000, 0x0000, 0x0000, 0x0000, 0x0000, 0x0000, 0x0000, 0x0000, 
0x0000, 0x0000, 0x0000, 0x0000, 0x0000, 0x0000, 0x0000, 0x0000, 
0x0000, 0x0000, 0x0000, 0x0000, 0x0000, 0x0000, 0x0000, 0x0000, 
0x0000, 0x0000, 0x0000, 0x0000, 0x0000, 0x0000, 0x0000, 0x0000, 
0x0000, 0x0000, 0x0000, 0xb0ff, 0xb0ff, 0x0cf2, 0xb0ff, 0x0000, 
0x0000, 0x0000, 0x0000, 0x0000, 0x0000, 0x0000, 0x0000, 0xb0ff, 
0x0cf2, 0x0cf2, 0xb0ff, 0x0000, 0x0000, 0x0000, 0x0000, 0x0000, 
0x0000, 0x0000, 0x0000, 0x0000, 0x0000, 0xb0ff, 0x0cf2, 0x0cf2, 
0xb0ff, 0x0000, 0x0000, 0x0000, 0x0000, 0x0000, 0x0000, 0x0000, 
0x0000, 0x0000, 0xb0ff, 0xb0ff, 0x0cf2, 0xb0ff, 0xb0ff, 0x0000, 
0x0000, 0x0000, 0x0000, 0x0000, 0x0000, 0x0000, 0x0000, 0x0000, 
0x0000, 0x0000, 0x0000, 0x0000, 0x0000, 0x0000, 0x0000, 0x0000, 
0x0000, 0x0000, 0x0000, 0x0000, 0x0000, 0x0000, 0xb0ff, 0x0cf2, 
0x0cf2, 0xb0ff, 0x0000, 0x0000, 0x0000, 0x0000, 0x0000, 0x0000, 
0x0000, 0x0000, 0x0000, 0xb0ff, 0xb0ff, 0x0cf2, 0xb0ff, 0xb0ff, 
0x0000, 0x0000, 0x0000, 0x0000, 0x0000, 0x0000, 0xb0ff, 0xb0ff, 
0x0cf2, 0x0cf2, 0xb0ff, 0x0000, 0x0000, 0x0000, 0x0000, 0x0000, 
0x0000, 0xb0ff, 0x0cf2, 0x0cf2, 0xb0ff, 0x0000, 0x0000, 0x0000, 
0x0000, 0x0000, 0x0000, 0x0000, 0xb0ff, 0xb0ff, 0x0cf2, 0x0cf2, 
0xb0ff, 0x0000, 0x0000, 0x0000, 0x0000, 0xb0ff, 0xb0ff, 0x0cf2, 
0xb0ff, 0xb0ff, 0x0000, 0x0000, 0x0000, 0x0000, 0x0000, 0x0000, 
0x0000, 0xb0ff, 0x0cf2, 0x0cf2, 0xb0ff, 0x0000, 0x0000, 0x0000, 
0x0000, 0x0000, 0x0000, 0x0000, 0x0000, 0x0000, 0x0000, 0xb0ff, 
0x0cf2, 0x0cf2, 0xb0ff, 0x0000, 0x0000, 0x0000, 0x0000, 0x0000, 
0x0000, 0x0000, 0x0000, 0x0000, 0x0000, 0x0000, 0x0000, 0x0000, 
0x0000, 0x0000, 0x0000, 0x0000, 0x0000, 0x0000, 0x0000, 0x0000, 
0x0000, 0x0000, 0x0000, 0x0000, 0x0000, 0x0000, 0x0000, 0x0000, 
0x0000, 0x0000, 0x0000, 0x0000, 0x0000, 0x0000, 0x0000, 0x0000, 
0x0000, 0x0000, 0x0000, 0x0000, 0x0000, 0x0000, 0x0000, 0x0000, 
0x0000, 0x0000, 0x0000, 0x0000, 0x0000, 0x0000, 0x0000, 0x0000, 
0x0000, 0x0000, 0x0000, 0x0000, 0x0000, 0x0000, 0x0000, 0x0000, 
0x0000, 0x0000, 0x0000, 0x0000, 0x0000, 0x0000, 0x0000, 0x0000, 
0x0000, 0x0000, 0x0000, 0xb0ff, 0xb0ff, 0x0cf2, 0xb0ff, 0x0000, 
0x0000, 0x0000, 0x0000, 0x0000, 0x0000, 0x0000, 0x0000, 0xb0ff, 
0x0cf2, 0x0cf2, 0xb0ff, 0x0000, 0x0000, 0x0000, 0x0000, 0x0000, 
0x0000, 0x0000, 0x0000, 0x0000, 0x0000, 0xb0ff, 0x0cf2, 0x0cf2, 
0xb0ff, 0x0000, 0x0000, 0x0000, 0x0000, 0x0000, 0x0000, 0x0000, 
0x0000, 0x0000, 0xb0ff, 0x0cf2, 0x0cf2, 0xb0ff, 0x0000, 0x0000, 
0x0000, 0x0000, 0x0000, 0x0000, 0x0000, 0x0000, 0x0000, 0x0000, 
0x0000, 0x0000, 0x0000, 0x0000, 0x0000, 0x0000, 0x0000, 0x0000, 
0x0000, 0x0000, 0x0000, 0x0000, 0x0000, 0x0000, 0xb0ff, 0x0cf2, 
0x0cf2, 0xb0ff, 0x0000, 0x0000, 0x0000, 0x0000, 0x0000, 0x0000, 
0x0000, 0x0000, 0x0000, 0xb0ff, 0x0cf2, 0x0cf2, 0xb0ff, 0x0000, 
0x0000, 0x0000, 0x0000, 0x0000, 0x0000, 0x0000, 0x0000, 0xb0ff, 
0x0cf2, 0x0cf2, 0xb0ff, 0x0000, 0x0000, 0x0000, 0x0000, 0x0000, 
0x0000, 0xb0ff, 0x0cf2, 0x0cf2, 0xb0ff, 0x0000, 0x0000, 0x0000, 
0x0000, 0x0000, 0x0000, 0x0000, 0x0000, 0xb0ff, 0x0cf2, 0x0cf2, 
0xb0ff, 0x0000, 0x0000, 0x0000, 0x0000, 0x0000, 0xb0ff, 0x0cf2, 
0x0cf2, 0xb0ff, 0x0000, 0x0000, 0x0000, 0x0000, 0x0000, 0x0000, 
0xb0ff, 0xb0ff, 0x0cf2, 0xb0ff, 0xb0ff, 0x0000, 0x0000, 0x0000, 
0x0000, 0x0000, 0x0000, 0x0000, 0x0000, 0x0000, 0x0000, 0xb0ff, 
0x0cf2, 0x0cf2, 0xb0ff, 0x0000, 0x0000, 0x0000, 0x0000, 0x0000, 
0x0000, 0x0000, 0x0000, 0x0000, 0x0000, 0x0000, 0x0000, 0x0000, 
0x0000, 0x0000, 0x0000, 0x0000, 0x0000, 0x0000, 0x0000, 0x0000, 
0x0000, 0x0000, 0x0000, 0x0000, 0x0000, 0x0000, 0x0000, 0x0000, 
0x0000, 0x0000, 0x0000, 0x0000, 0x0000, 0x0000, 0x0000, 0x0000, 
0x0000, 0x0000, 0x0000, 0x0000, 0x0000, 0x0000, 0x0000, 0x0000, 
0x0000, 0x0000, 0x0000, 0x0000, 0x0000, 0x0000, 0x0000, 0x0000, 
0x0000, 0x0000, 0x0000, 0x0000, 0x0000, 0x0000, 0x0000, 0x0000, 
0x0000, 0x0000, 0x0000, 0x0000, 0x0000, 0x0000, 0x0000, 0x0000, 
0x0000, 0x0000, 0x0000, 0x0000, 0xb0ff, 0x0cf2, 0xb0ff, 0x0000, 
0x0000, 0x0000, 0x0000, 0x0000, 0x0000, 0x0000, 0x0000, 0xb0ff, 
0x0cf2, 0x0cf2, 0xb0ff, 0x0000, 0x0000, 0x0000, 0x0000, 0x0000, 
0x0000, 0x0000, 0x0000, 0x0000, 0x0000, 0xb0ff, 0x0cf2, 0x0cf2, 
0xb0ff, 0x0000, 0x0000, 0x0000, 0x0000, 0x0000, 0x0000, 0x0000, 
0x0000, 0x0000, 0xb0ff, 0x0cf2, 0x0cf2, 0xb0ff, 0x0000, 0x0000, 
0x0000, 0x0000, 0x0000, 0x0000, 0x0000, 0x0000, 0x0000, 0x0000, 
0x0000, 0x0000, 0x0000, 0x0000, 0x0000, 0x0000, 0x0000, 0x0000, 
0x0000, 0x0000, 0x0000, 0x0000, 0x0000, 0x0000, 0xb0ff, 0x0cf2, 
0x0cf2, 0xb0ff, 0x0000, 0x0000, 0x0000, 0x0000, 0x0000, 0x0000, 
0x0000, 0x0000, 0x0000, 0xb0ff, 0x0cf2, 0x0cf2, 0xb0ff, 0x0000, 
0x0000, 0x0000, 0x0000, 0x0000, 0x0000, 0x0000, 0x0000, 0xb0ff, 
0xb0ff, 0x0cf2, 0xb0ff, 0xb0ff, 0x0000, 0x0000, 0x0000, 0x0000, 
0x0000, 0xb0ff, 0x0cf2, 0x0cf2, 0xb0ff, 0x0000, 0x0000, 0x0000, 
0x0000, 0x0000, 0x0000, 0x0000, 0x0000, 0xb0ff, 0xb0ff, 0x0cf2, 
0xb0ff, 0x0000, 0x0000, 0x0000, 0x0000, 0x0000, 0xb0ff, 0x0cf2, 
0x0cf2, 0xb0ff, 0x0000, 0x0000, 0x0000, 0x0000, 0x0000, 0x0000, 
0xb0ff, 0x0cf2, 0x0cf2, 0xb0ff, 0x0000, 0x0000, 0x0000, 0x0000, 
0x0000, 0x0000, 0x0000, 0x0000, 0x0000, 0x0000, 0x0000, 0xb0ff, 
0x0cf2, 0x0cf2, 0xb0ff, 0x0000, 0x0000, 0x0000, 0x0000, 0x0000, 
0x0000, 0x0000, 0x0000, 0x0000, 0x0000, 0x0000, 0x0000, 0x0000, 
0x0000, 0x0000, 0x0000, 0x0000, 0x0000, 0x0000, 0x0000, 0x0000, 
0x0000, 0x0000, 0x0000, 0x0000, 0x0000, 0x0000, 0x0000, 0x0000, 
0x0000, 0x0000, 0x0000, 0x0000, 0x0000, 0x0000, 0x0000, 0x0000, 
0x0000, 0x0000, 0x0000, 0x0000, 0x0000, 0x0000, 0x0000, 0x0000, 
0x0000, 0x0000, 0x0000, 0x0000, 0x0000, 0x0000, 0x0000, 0x0000, 
0x0000, 0x0000, 0x0000, 0x0000, 0x0000, 0x0000, 0x0000, 0x0000, 
0x0000, 0x0000, 0x0000, 0x0000, 0x0000, 0x0000, 0x0000, 0x0000, 
0x0000, 0x0000, 0x0000, 0x0000, 0xb0ff, 0x0cf2, 0xb0ff, 0xb0ff, 
0x0000, 0x0000, 0x0000, 0x0000, 0x0000, 0x0000, 0x0000, 0xb0ff, 
0x0cf2, 0xb0ff, 0xb0ff, 0x0000, 0x0000, 0x0000, 0x0000, 0x0000, 
0x0000, 0x0000, 0x0000, 0x0000, 0x0000, 0xb0ff, 0x0cf2, 0x0cf2, 
0xb0ff, 0x0000, 0x0000, 0x0000, 0x0000, 0x0000, 0x0000, 0x0000, 
0x0000, 0x0000, 0xb0ff, 0x0cf2, 0x0cf2, 0xb0ff, 0x0000, 0x0000, 
0x0000, 0x0000, 0x0000, 0x0000, 0x0000, 0x0000, 0x0000, 0x0000, 
0x0000, 0x0000, 0x0000, 0x0000, 0x0000, 0x0000, 0x0000, 0x0000, 
0x0000, 0x0000, 0x0000, 0x0000, 0x0000, 0x0000, 0xb0ff, 0x0cf2, 
0x0cf2, 0xb0ff, 0x0000, 0x0000, 0x0000, 0x0000, 0x0000, 0x0000, 
0x0000, 0x0000, 0x0000, 0xb0ff, 0x0cf2, 0x0cf2, 0xb0ff, 0x0000, 
0x0000, 0x0000, 0x0000, 0x0000, 0x0000, 0x0000, 0x0000, 0x0000, 
0xb0ff, 0x0cf2, 0x0cf2, 0xb0ff, 0x0000, 0x0000, 0x0000, 0x0000, 
0x0000, 0xb0ff, 0x0cf2, 0x0cf2, 0xb0ff, 0x0000, 0x0000, 0x0000, 
0x0000, 0x0000, 0x0000, 0x0000, 0x0000, 0x0000, 0xb0ff, 0x0cf2, 
0xb0ff, 0xb0ff, 0x0000, 0x0000, 0x0000, 0x0000, 0xb0ff, 0xb0ff, 
0x0cf2, 0xb0ff, 0xb0ff, 0x0000, 0x0000, 0x0000, 0x0000, 0x0000, 
0xb0ff, 0x0cf2, 0xb0ff, 0xb0ff, 0x0000, 0x0000, 0x0000, 0x0000, 
0x0000, 0x0000, 0x0000, 0x0000, 0x0000, 0x0000, 0x0000, 0xb0ff, 
0x0cf2, 0x0cf2, 0xb0ff, 0x0000, 0x0000, 0x0000, 0x0000, 0x0000, 
0x0000, 0x0000, 0x0000, 0x0000, 0x0000, 0x0000, 0x0000, 0x0000, 
0x0000, 0x0000, 0x0000, 0x0000, 0x0000, 0x0000, 0x0000, 0x0000, 
0x0000, 0x0000, 0x0000, 0x0000, 0x0000, 0x0000, 0x0000, 0x0000, 
0x0000, 0x0000, 0x0000, 0x0000, 0x0000, 0x0000, 0x0000, 0x0000, 
0x0000, 0x0000, 0x0000, 0x0000, 0x0000, 0x0000, 0x0000, 0x0000, 
0x0000, 0x0000, 0x0000, 0x0000, 0x0000, 0x0000, 0x0000, 0x0000, 
0x0000, 0x0000, 0x0000, 0x0000, 0x0000, 0x0000, 0x0000, 0x0000, 
0x0000, 0x0000, 0x0000, 0x0000, 0x0000, 0x0000, 0x0000, 0x0000, 
0x0000, 0x0000, 0x0000, 0x0000, 0xb0ff, 0x0cf2, 0x0cf2, 0xb0ff, 
0x0000, 0x0000, 0x0000, 0x0000, 0x0000, 0x0000, 0x0000, 0xb0ff, 
0x0cf2, 0xb0ff, 0x0000, 0x0000, 0x0000, 0x0000, 0x0000, 0x0000, 
0x0000, 0x0000, 0x0000, 0x0000, 0x0000, 0xb0ff, 0x0cf2, 0x0cf2, 
0xb0ff, 0x0000, 0x0000, 0x0000, 0x0000, 0x0000, 0x0000, 0x0000, 
0x0000, 0x0000, 0xb0ff, 0x0cf2, 0x0cf2, 0xb0ff, 0x0000, 0x0000, 
0x0000, 0x0000, 0x0000, 0x0000, 0x0000, 0x0000, 0x0000, 0x0000, 
0x0000, 0x0000, 0x0000, 0x0000, 0x0000, 0x0000, 0x0000, 0x0000, 
0x0000, 0x0000, 0x0000, 0x0000, 0x0000, 0x0000, 0xb0ff, 0x0cf2, 
0x0cf2, 0xb0ff, 0x0000, 0x0000, 0x0000, 0x0000, 0x0000, 0x0000, 
0x0000, 0x0000, 0x0000, 0xb0ff, 0x0cf2, 0x0cf2, 0xb0ff, 0x0000, 
0x0000, 0x0000, 0x0000, 0x0000, 0x0000, 0x0000, 0x0000, 0x0000, 
0xb0ff, 0x0cf2, 0x0cf2, 0xb0ff, 0x0000, 0x0000, 0x0000, 0x0000, 
0x0000, 0xb0ff, 0x0cf2, 0x0cf2, 0xb0ff, 0x0000, 0x0000, 0x0000, 
0x0000, 0x0000, 0x0000, 0x0000, 0x0000, 0xb0ff, 0xb0ff, 0x0cf2, 
0xb0ff, 0xb0ff, 0x0000, 0x0000, 0x0000, 0x0000, 0x0000, 0xb0ff, 
0x0cf2, 0x0cf2, 0xb0ff, 0x0000, 0x0000, 0x0000, 0x0000, 0xb0ff, 
0xb0ff, 0x0cf2, 0xb0ff, 0x0000, 0x0000, 0x0000, 0x0000, 0x0000, 
0x0000, 0x0000, 0x0000, 0x0000, 0x0000, 0x0000, 0x0000, 0xb0ff, 
0x0cf2, 0x0cf2, 0xb0ff, 0x0000, 0x0000, 0x0000, 0x0000, 0x0000, 
0x0000, 0x0000, 0x0000, 0x0000, 0x0000, 0x0000, 0x0000, 0x0000, 
0x0000, 0x0000, 0x0000, 0x0000, 0x0000, 0x0000, 0x0000, 0x0000, 
0x0000, 0x0000, 0x0000, 0x0000, 0x0000, 0x0000, 0x0000, 0x0000, 
0x0000, 0x0000, 0x0000, 0x0000, 0x0000, 0x0000, 0x0000, 0x0000, 
0x0000, 0x0000, 0x0000, 0x0000, 0x0000, 0x0000, 0x0000, 0x0000, 
0x0000, 0x0000, 0x0000, 0x0000, 0x0000, 0x0000, 0x0000, 0x0000, 
0x0000, 0x0000, 0x0000, 0x0000, 0x0000, 0x0000, 0x0000, 0x0000, 
0x0000, 0x0000, 0x0000, 0x0000, 0x0000, 0x0000, 0x0000, 0x0000, 
0x0000, 0x0000, 0x0000, 0x0000, 0xb0ff, 0x0cf2, 0x0cf2, 0xb0ff, 
0x0000, 0x0000, 0x0000, 0x0000, 0x0000, 0x0000, 0xb0ff, 0xb0ff, 
0x0cf2, 0xb0ff, 0x0000, 0x0000, 0x0000, 0x0000, 0x0000, 0x0000, 
0x0000, 0x0000, 0x0000, 0x0000, 0x0000, 0xb0ff, 0x0cf2, 0x0cf2, 
0xb0ff, 0x0000, 0x0000, 0x0000, 0x0000, 0x0000, 0x0000, 0x0000, 
0x0000, 0x0000, 0xb0ff, 0x0cf2, 0x0cf2, 0xb0ff, 0x0000, 0x0000, 
0x0000, 0x0000, 0x0000, 0x0000, 0x0000, 0x0000, 0x0000, 0x0000, 
0x0000, 0x0000, 0x0000, 0x0000, 0x0000, 0x0000, 0x0000, 0x0000, 
0x0000, 0x0000, 0x0000, 0x0000, 0x0000, 0x0000, 0xb0ff, 0x0cf2, 
0x0cf2, 0xb0ff, 0x0000, 0x0000, 0x0000, 0x0000, 0x0000, 0x0000, 
0x0000, 0x0000, 0x0000, 0xb0ff, 0x0cf2, 0x0cf2, 0xb0ff, 0x0000, 
0x0000, 0x0000, 0x0000, 0x0000, 0x0000, 0x0000, 0x0000, 0x0000, 
0xb0ff, 0x0cf2, 0x0cf2, 0xb0ff, 0x0000, 0x0000, 0x0000, 0x0000, 
0x0000, 0xb0ff, 0x0cf2, 0x0cf2, 0xb0ff, 0x0000, 0x0000, 0x0000, 
0x0000, 0x0000, 0x0000, 0x0000, 0x0000, 0xb0ff, 0x0cf2, 0x0cf2, 
0xb0ff, 0x0000, 0x0000, 0x0000, 0x0000, 0x0000, 0x0000, 0xb0ff, 
0xb0ff, 0x0cf2, 0xb0ff, 0xb0ff, 0x0000, 0x0000, 0xb0ff, 0xb0ff, 
0x0cf2, 0xb0ff, 0xb0ff, 0x0000, 0x0000, 0x0000, 0x0000, 0x0000, 
0x0000, 0x0000, 0x0000, 0x0000, 0x0000, 0x0000, 0x0000, 0xb0ff, 
0x0cf2, 0x0cf2, 0xb0ff, 0x0000, 0x0000, 0x0000, 0x0000, 0x0000, 
0x0000, 0x0000, 0x0000, 0x0000, 0x0000, 0x0000, 0x0000, 0x0000, 
0x0000, 0x0000, 0x0000, 0x0000, 0x0000, 0x0000, 0x0000, 0x0000, 
0x0000, 0x0000, 0x0000, 0x0000, 0x0000, 0x0000, 0x0000, 0x0000, 
0x0000, 0x0000, 0x0000, 0x0000, 0x0000, 0x0000, 0x0000, 0x0000, 
0x0000, 0x0000, 0x0000, 0x0000, 0x0000, 0x0000, 0x0000, 0x0000, 
0x0000, 0x0000, 0x0000, 0x0000, 0x0000, 0x0000, 0x0000, 0x0000, 
0x0000, 0x0000, 0x0000, 0x0000, 0x0000, 0x0000, 0x0000, 0x0000, 
0x0000, 0x0000, 0x0000, 0x0000, 0x0000, 0x0000, 0x0000, 0x0000, 
0x0000, 0x0000, 0x0000, 0x0000, 0xb0ff, 0xb0ff, 0x0cf2, 0xb0ff, 
0x0000, 0x0000, 0x0000, 0x0000, 0x0000, 0x0000, 0xb0ff, 0x0cf2, 
0x0cf2, 0xb0ff, 0x0000, 0x0000, 0x0000, 0x0000, 0x0000, 0x0000, 
0x0000, 0x0000, 0x0000, 0x0000, 0x0000, 0xb0ff, 0x0cf2, 0x0cf2, 
0xb0ff, 0x0000, 0x0000, 0x0000, 0x0000, 0x0000, 0x0000, 0x0000, 
0x0000, 0x0000, 0xb0ff, 0x0cf2, 0x0cf2, 0xb0ff, 0x0000, 0x0000, 
0x0000, 0x0000, 0x0000, 0x0000, 0x0000, 0x0000, 0x0000, 0x0000, 
0x0000, 0x0000, 0x0000, 0x0000, 0x0000, 0x0000, 0x0000, 0x0000, 
0x0000, 0x0000, 0x0000, 0x0000, 0x0000, 0x0000, 0xb0ff, 0x0cf2, 
0x0cf2, 0xb0ff, 0x0000, 0x0000, 0x0000, 0x0000, 0x0000, 0x0000, 
0x0000, 0x0000, 0x0000, 0xb0ff, 0x0cf2, 0x0cf2, 0xb0ff, 0x0000, 
0x0000, 0x0000, 0x0000, 0x0000, 0x0000, 0x0000, 0x0000, 0x0000, 
0xb0ff, 0x0cf2, 0x0cf2, 0xb0ff, 0x0000, 0x0000, 0x0000, 0x0000, 
0x0000, 0xb0ff, 0x0cf2, 0x0cf2, 0xb0ff, 0x0000, 0x0000, 0x0000, 
0x0000, 0x0000, 0x0000, 0x0000, 0x0000, 0xb0ff, 0x0cf2, 0x0cf2, 
0xb0ff, 0x0000, 0x0000, 0x0000, 0x0000, 0x0000, 0x0000, 0x0000, 
0xb0ff, 0xb0ff, 0x0cf2, 0xb0ff, 0xb0ff, 0x0000, 0xb0ff, 0x0cf2, 
0x0cf2, 0xb0ff, 0x0000, 0x0000, 0x0000, 0x0000, 0x0000, 0x0000, 
0x0000, 0x0000, 0x0000, 0x0000, 0x0000, 0x0000, 0x0000, 0xb0ff, 
0x0cf2, 0x0cf2, 0xb0ff, 0x0000, 0x0000, 0x0000, 0x0000, 0x0000, 
0x0000, 0x0000, 0x0000, 0x0000, 0x0000, 0x0000, 0x0000, 0x0000, 
0x0000, 0x0000, 0x0000, 0x0000, 0x0000, 0x0000, 0x0000, 0x0000, 
0x0000, 0x0000, 0x0000, 0x0000, 0x0000, 0x0000, 0x0000, 0x0000, 
0x0000, 0x0000, 0x0000, 0x0000, 0x0000, 0x0000, 0x0000, 0x0000, 
0x0000, 0x0000, 0x0000, 0x0000, 0x0000, 0x0000, 0x0000, 0x0000, 
0x0000, 0x0000, 0x0000, 0x0000, 0x0000, 0x0000, 0x0000, 0x0000, 
0x0000, 0x0000, 0x0000, 0x0000, 0x0000, 0x0000, 0x0000, 0x0000, 
0x0000, 0x0000, 0x0000, 0x0000, 0x0000, 0x0000, 0x0000, 0x0000, 
0x0000, 0x0000, 0x0000, 0x0000, 0x0000, 0xb0ff, 0x0cf2, 0xb0ff, 
0x0000, 0x0000, 0x0000, 0x0000, 0x0000, 0x0000, 0xb0ff, 0x0cf2, 
0xb0ff, 0xb0ff, 0x0000, 0x0000, 0x0000, 0x0000, 0x0000, 0x0000, 
0x0000, 0x0000, 0x0000, 0x0000, 0x0000, 0xb0ff, 0x0cf2, 0x0cf2, 
0xb0ff, 0x0000, 0x0000, 0x0000, 0x0000, 0x0000, 0x0000, 0x0000, 
0x0000, 0x0000, 0xb0ff, 0x0cf2, 0x0cf2, 0xb0ff, 0x0000, 0x0000, 
0x0000, 0x0000, 0x0000, 0x0000, 0x0000, 0x0000, 0x0000, 0x0000, 
0x0000, 0x0000, 0x0000, 0x0000, 0x0000, 0x0000, 0x0000, 0x0000, 
0x0000, 0x0000, 0x0000, 0x0000, 0x0000, 0x0000, 0xb0ff, 0x0cf2, 
0x0cf2, 0xb0ff, 0x0000, 0x0000, 0x0000, 0x0000, 0x0000, 0x0000, 
0x0000, 0x0000, 0x0000, 0xb0ff, 0x0cf2, 0x0cf2, 0xb0ff, 0x0000, 
0x0000, 0x0000, 0x0000, 0x0000, 0x0000, 0x0000, 0x0000, 0x0000, 
0xb0ff, 0x0cf2, 0x0cf2, 0xb0ff, 0x0000, 0x0000, 0x0000, 0x0000, 
0x0000, 0xb0ff, 0x0cf2, 0x0cf2, 0xb0ff, 0x0000, 0x0000, 0x0000, 
0x0000, 0x0000, 0x0000, 0x0000, 0xb0ff, 0xb0ff, 0x0cf2, 0xb0ff, 
0xb0ff, 0x0000, 0x0000, 0x0000, 0x0000, 0x0000, 0x0000, 0x0000, 
0x0000, 0xb0ff, 0x0cf2, 0x0cf2, 0xb0ff, 0xb0ff, 0xb0ff, 0x0cf2, 
0xb0ff, 0xb0ff, 0x0000, 0x0000, 0x0000, 0x0000, 0x0000, 0x0000, 
0x0000, 0x0000, 0x0000, 0x0000, 0x0000, 0x0000, 0x0000, 0xb0ff, 
0x0cf2, 0x0cf2, 0xb0ff, 0x0000, 0x0000, 0x0000, 0x0000, 0x0000, 
0x0000, 0x0000, 0x0000, 0x0000, 0x0000, 0x0000, 0x0000, 0x0000, 
0x0000, 0x0000, 0x0000, 0x0000, 0x0000, 0x0000, 0x0000, 0x0000, 
0x0000, 0x0000, 0x0000, 0x0000, 0x0000, 0x0000, 0x0000, 0x0000, 
0x0000, 0x0000, 0x0000, 0x0000, 0x0000, 0x0000, 0x0000, 0x0000, 
0x0000, 0x0000, 0x0000, 0x0000, 0x0000, 0x0000, 0x0000, 0x0000, 
0x0000, 0x0000, 0x0000, 0x0000, 0x0000, 0x0000, 0x0000, 0x0000, 
0x0000, 0x0000, 0x0000, 0x0000, 0x0000, 0x0000, 0x0000, 0x0000, 
0x0000, 0x0000, 0x0000, 0x0000, 0x0000, 0x0000, 0x0000, 0x0000, 
0x0000, 0x0000, 0x0000, 0x0000, 0x0000, 0xb0ff, 0x0cf2, 0xb0ff, 
0xb0ff, 0x0000, 0x0000, 0x0000, 0x0000, 0x0000, 0xb0ff, 0x0cf2, 
0xb0ff, 0x0000, 0x0000, 0x0000, 0x0000, 0x0000, 0x0000, 0x0000, 
0x0000, 0x0000, 0x0000, 0x0000, 0x0000, 0xb0ff, 0x0cf2, 0x0cf2, 
0xb0ff, 0x0000, 0x0000, 0x0000, 0x0000, 0x0000, 0x0000, 0x0000, 
0x0000, 0x0000, 0xb0ff, 0x0cf2, 0x0cf2, 0xb0ff, 0x0000, 0x0000, 
0x0000, 0x0000, 0x0000, 0x0000, 0x0000, 0x0000, 0x0000, 0x0000, 
0x0000, 0x0000, 0x0000, 0x0000, 0x0000, 0x0000, 0x0000, 0x0000, 
0x0000, 0x0000, 0x0000, 0x0000, 0x0000, 0x0000, 0xb0ff, 0x0cf2, 
0x0cf2, 0xb0ff, 0x0000, 0x0000, 0x0000, 0x0000, 0x0000, 0x0000, 
0x0000, 0x0000, 0x0000, 0xb0ff, 0x0cf2, 0x0cf2, 0xb0ff, 0x0000, 
0x0000, 0x0000, 0x0000, 0x0000, 0x0000, 0x0000, 0x0000, 0x0000, 
0xb0ff, 0x0cf2, 0x0cf2, 0xb0ff, 0x0000, 0x0000, 0x0000, 0x0000, 
0x0000, 0xb0ff, 0x0cf2, 0x0cf2, 0xb0ff, 0xb0ff, 0xb0ff, 0xb0ff, 
0xb0ff, 0xb0ff, 0xb0ff, 0xb0ff, 0xb0ff, 0x0cf2, 0x0cf2, 0xb0ff, 
0x0000, 0x0000, 0x0000, 0x0000, 0x0000, 0x0000, 0x0000, 0x0000, 
0x0000, 0xb0ff, 0xb0ff, 0x0cf2, 0x0cf2, 0x0cf2, 0x0cf2, 0xb0ff, 
0xb0ff, 0x0000, 0x0000, 0x0000, 0x0000, 0x0000, 0x0000, 0x0000, 
0x0000, 0x0000, 0x0000, 0x0000, 0x0000, 0x0000, 0x0000, 0xb0ff, 
0x0cf2, 0x0cf2, 0xb0ff, 0x0000, 0x0000, 0x0000, 0x0000, 0x0000, 
0x0000, 0x0000, 0x0000, 0x0000, 0x0000, 0x0000, 0x0000, 0x0000, 
0x0000, 0x0000, 0x0000, 0x0000, 0x0000, 0x0000, 0x0000, 0x0000, 
0x0000, 0x0000, 0x0000, 0x0000, 0x0000, 0x0000, 0x0000, 0x0000, 
0x0000, 0x0000, 0x0000, 0x0000, 0x0000, 0x0000, 0x0000, 0x0000, 
0x0000, 0x0000, 0x0000, 0x0000, 0x0000, 0x0000, 0x0000, 0x0000, 
0x0000, 0x0000, 0x0000, 0x0000, 0x0000, 0x0000, 0x0000, 0x0000, 
0x0000, 0x0000, 0x0000, 0x0000, 0x0000, 0x0000, 0x0000, 0x0000, 
0x0000, 0x0000, 0x0000, 0x0000, 0x0000, 0x0000, 0x0000, 0x0000, 
0x0000, 0x0000, 0x0000, 0x0000, 0x0000, 0xb0ff, 0x0cf2, 0x0cf2, 
0xb0ff, 0x0000, 0x0000, 0x0000, 0x0000, 0xb0ff, 0xb0ff, 0x0cf2, 
0xb0ff, 0x0000, 0x0000, 0x0000, 0x0000, 0x0000, 0x0000, 0x0000, 
0x0000, 0x0000, 0x0000, 0x0000, 0x0000, 0xb0ff, 0x0cf2, 0x0cf2, 
0xb0ff, 0x0000, 0x0000, 0x0000, 0x0000, 0x0000, 0x0000, 0x0000, 
0x0000, 0x0000, 0xb0ff, 0x0cf2, 0x0cf2, 0xb0ff, 0x0000, 0x0000, 
0x0000, 0x0000, 0x0000, 0x0000, 0x0000, 0x0000, 0x0000, 0x0000, 
0x0000, 0x0000, 0x0000, 0x0000, 0x0000, 0x0000, 0x0000, 0x0000, 
0x0000, 0x0000, 0x0000, 0x0000, 0x0000, 0x0000, 0xb0ff, 0x0cf2, 
0x0cf2, 0xb0ff, 0x0000, 0x0000, 0x0000, 0x0000, 0x0000, 0x0000, 
0x0000, 0x0000, 0x0000, 0xb0ff, 0x0cf2, 0x0cf2, 0xb0ff, 0x0000, 
0x0000, 0x0000, 0x0000, 0x0000, 0x0000, 0x0000, 0x0000, 0x0000, 
0xb0ff, 0x0cf2, 0x0cf2, 0xb0ff, 0x0000, 0x0000, 0x0000, 0x0000, 
0x0000, 0xb0ff, 0x0cf2, 0x0cf2, 0x0cf2, 0x0cf2, 0x0cf2, 0x0cf2, 
0x0cf2, 0x0cf2, 0x0cf2, 0x0cf2, 0x0cf2, 0x0cf2, 0xb0ff, 0xb0ff, 
0x0000, 0x0000, 0x0000, 0x0000, 0x0000, 0x0000, 0x0000, 0x0000, 
0x0000, 0x0000, 0xb0ff, 0xb0ff, 0x0cf2, 0x0cf2, 0x0cf2, 0xb0ff, 
0x0000, 0x0000, 0x0000, 0x0000, 0x0000, 0x0000, 0x0000, 0x0000, 
0x0000, 0x0000, 0x0000, 0x0000, 0x0000, 0x0000, 0x0000, 0xb0ff, 
0x0cf2, 0x0cf2, 0xb0ff, 0x0000, 0x0000, 0x0000, 0x0000, 0x0000, 
0x0000, 0x0000, 0x0000, 0x0000, 0x0000, 0x0000, 0x0000, 0x0000, 
0x0000, 0x0000, 0x0000, 0x0000, 0x0000, 0x0000, 0x0000, 0x0000, 
0x0000, 0x0000, 0x0000, 0x0000, 0x0000, 0x0000, 0x0000, 0x0000, 
0x0000, 0x0000, 0x0000, 0x0000, 0x0000, 0x0000, 0x0000, 0x0000, 
0x0000, 0x0000, 0x0000, 0x0000, 0x0000, 0x0000, 0x0000, 0x0000, 
0x0000, 0x0000, 0x0000, 0x0000, 0x0000, 0x0000, 0x0000, 0x0000, 
0x0000, 0x0000, 0x0000, 0x0000, 0x0000, 0x0000, 0x0000, 0x0000, 
0x0000, 0x0000, 0x0000, 0x0000, 0x0000, 0x0000, 0x0000, 0x0000, 
0x0000, 0x0000, 0x0000, 0x0000, 0x0000, 0xb0ff, 0xb0ff, 0x0cf2, 
0xb0ff, 0x0000, 0x0000, 0x0000, 0x0000, 0xb0ff, 0x0cf2, 0x0cf2, 
0xb0ff, 0x0000, 0x0000, 0x0000, 0x0000, 0x0000, 0x0000, 0x0000, 
0x0000, 0x0000, 0x0000, 0x0000, 0x0000, 0xb0ff, 0x0cf2, 0x0cf2, 
0xb0ff, 0x0000, 0x0000, 0x0000, 0x0000, 0x0000, 0x0000, 0x0000, 
0x0000, 0x0000, 0xb0ff, 0x0cf2, 0x0cf2, 0xb0ff, 0x0000, 0x0000, 
0x0000, 0x0000, 0x0000, 0x0000, 0x0000, 0x0000, 0x0000, 0x0000, 
0x0000, 0x0000, 0x0000, 0x0000, 0x0000, 0x0000, 0x0000, 0x0000, 
0x0000, 0x0000, 0x0000, 0x0000, 0x0000, 0x0000, 0xb0ff, 0x0cf2, 
0x0cf2, 0xb0ff, 0x0000, 0x0000, 0x0000, 0x0000, 0x0000, 0x0000, 
0x0000, 0x0000, 0x0000, 0xb0ff, 0x0cf2, 0x0cf2, 0xb0ff, 0x0000, 
0x0000, 0x0000, 0x0000, 0x0000, 0x0000, 0x0000, 0x0000, 0x0000, 
0xb0ff, 0x0cf2, 0x0cf2, 0xb0ff, 0x0000, 0x0000, 0x0000, 0x0000, 
0x0000, 0xb0ff, 0x0cf2, 0x0cf2, 0x0cf2, 0x0cf2, 0x0cf2, 0x0cf2, 
0x0cf2, 0x0cf2, 0x0cf2, 0x0cf2, 0xb0ff, 0xb0ff, 0xb0ff, 0x0000, 
0x0000, 0x0000, 0x0000, 0x0000, 0x0000, 0x0000, 0x0000, 0x0000, 
0x0000, 0x0000, 0x0000, 0xb0ff, 0x0cf2, 0x0cf2, 0xb0ff, 0xb0ff, 
0x0000, 0x0000, 0x0000, 0x0000, 0x0000, 0x0000, 0x0000, 0x0000, 
0x0000, 0x0000, 0x0000, 0x0000, 0x0000, 0x0000, 0x0000, 0xb0ff, 
0x0cf2, 0x0cf2, 0xb0ff, 0x0000, 0x0000, 0x0000, 0x0000, 0x0000, 
0x0000, 0x0000, 0x0000, 0x0000, 0x0000, 0x0000, 0x0000, 0x0000, 
0x0000, 0x0000, 0x0000, 0x0000, 0x0000, 0x0000, 0x0000, 0x0000, 
0x0000, 0x0000, 0x0000, 0x0000, 0x0000, 0x0000, 0x0000, 0x0000, 
0x0000, 0x0000, 0x0000, 0x0000, 0x0000, 0x0000, 0x0000, 0x0000, 
0x0000, 0x0000, 0x0000, 0x0000, 0x0000, 0x0000, 0x0000, 0x0000, 
0x0000, 0x0000, 0x0000, 0x0000, 0x0000, 0x0000, 0x0000, 0x0000, 
0x0000, 0x0000, 0x0000, 0x0000, 0x0000, 0x0000, 0x0000, 0x0000, 
0x0000, 0x0000, 0x0000, 0x0000, 0x0000, 0x0000, 0x0000, 0x0000, 
0x0000, 0x0000, 0x0000, 0x0000, 0x0000, 0x0000, 0xb0ff, 0x0cf2, 
0xb0ff, 0xb0ff, 0x0000, 0x0000, 0x0000, 0xb0ff, 0x0cf2, 0xb0ff, 
0xb0ff, 0x0000, 0x0000, 0x0000, 0x0000, 0x0000, 0x0000, 0x0000, 
0x0000, 0x0000, 0x0000, 0x0000, 0x0000, 0xb0ff, 0x0cf2, 0x0cf2, 
0xb0ff, 0x0000, 0x0000, 0x0000, 0x0000, 0x0000, 0x0000, 0x0000, 
0x0000, 0x0000, 0xb0ff, 0x0cf2, 0x0cf2, 0xb0ff, 0x0000, 0x0000, 
0x0000, 0x0000, 0x0000, 0x0000, 0x0000, 0x0000, 0x0000, 0x0000, 
0x0000, 0x0000, 0x0000, 0x0000, 0x0000, 0x0000, 0x0000, 0x0000, 
0x0000, 0x0000, 0x0000, 0x0000, 0x0000, 0x0000, 0xb0ff, 0x0cf2, 
0x0cf2, 0xb0ff, 0x0000, 0x0000, 0x0000, 0x0000, 0x0000, 0x0000, 
0x0000, 0x0000, 0x0000, 0xb0ff, 0x0cf2, 0x0cf2, 0xb0ff, 0x0000, 
0x0000, 0x0000, 0x0000, 0x0000, 0x0000, 0x0000, 0x0000, 0x0000, 
0xb0ff, 0x0cf2, 0x0cf2, 0xb0ff, 0x0000, 0x0000, 0x0000, 0x0000, 
0x0000, 0xb0ff, 0x0cf2, 0x0cf2, 0xb0ff, 0xb0ff, 0xb0ff, 0xb0ff, 
0xb0ff, 0xb0ff, 0x0cf2, 0x0cf2, 0xb0ff, 0x0000, 0x0000, 0x0000, 
0x0000, 0x0000, 0x0000, 0x0000, 0x0000, 0x0000, 0x0000, 0x0000, 
0x0000, 0x0000, 0x0000, 0xb0ff, 0x0cf2, 0x0cf2, 0xb0ff, 0x0000, 
0x0000, 0x0000, 0x0000, 0x0000, 0x0000, 0x0000, 0x0000, 0x0000, 
0x0000, 0x0000, 0x0000, 0x0000, 0x0000, 0x0000, 0x0000, 0xb0ff, 
0xb0ff, 0xb0ff, 0xb0ff, 0x0000, 0x0000, 0x0000, 0x0000, 0x0000, 
0x0000, 0x0000, 0x0000, 0x0000, 0x0000, 0x0000, 0x0000, 0x0000, 
0x0000, 0x0000, 0x0000, 0x0000, 0x0000, 0x0000, 0x0000, 0x0000, 
0x0000, 0x0000, 0x0000, 0x0000, 0x0000, 0x0000, 0x0000, 0x0000, 
0x0000, 0x0000, 0x0000, 0x0000, 0x0000, 0x0000, 0x0000, 0x0000, 
0x0000, 0x0000, 0x0000, 0x0000, 0x0000, 0x0000, 0x0000, 0x0000, 
0x0000, 0x0000, 0x0000, 0x0000, 0x0000, 0x0000, 0x0000, 0x0000, 
0x0000, 0x0000, 0x0000, 0x0000, 0x0000, 0x0000, 0x0000, 0x0000, 
0x0000, 0x0000, 0x0000, 0x0000, 0x0000, 0x0000, 0x0000, 0x0000, 
0x0000, 0x0000, 0x0000, 0x0000, 0x0000, 0x0000, 0xb0ff, 0x0cf2, 
0x0cf2, 0xb0ff, 0x0000, 0x0000, 0x0000, 0xb0ff, 0x0cf2, 0xb0ff, 
0x0000, 0x0000, 0x0000, 0x0000, 0x0000, 0x0000, 0x0000, 0x0000, 
0x0000, 0x0000, 0x0000, 0x0000, 0x0000, 0xb0ff, 0x0cf2, 0x0cf2, 
0xb0ff, 0x0000, 0x0000, 0x0000, 0x0000, 0x0000, 0x0000, 0x0000, 
0x0000, 0x0000, 0xb0ff, 0x0cf2, 0x0cf2, 0xb0ff, 0x0000, 0x0000, 
0x0000, 0x0000, 0x0000, 0x0000, 0x0000, 0x0000, 0x0000, 0x0000, 
0x0000, 0x0000, 0x0000, 0x0000, 0x0000, 0x0000, 0x0000, 0x0000, 
0x0000, 0x0000, 0x0000, 0x0000, 0x0000, 0x0000, 0xb0ff, 0x0cf2, 
0x0cf2, 0xb0ff, 0x0000, 0x0000, 0x0000, 0x0000, 0x0000, 0x0000, 
0x0000, 0x0000, 0x0000, 0xb0ff, 0x0cf2, 0x0cf2, 0xb0ff, 0x0000, 
0x0000, 0x0000, 0x0000, 0x0000, 0x0000, 0x0000, 0x0000, 0x0000, 
0xb0ff, 0x0cf2, 0x0cf2, 0xb0ff, 0x0000, 0x0000, 0x0000, 0x0000, 
0x0000, 0xb0ff, 0x0cf2, 0x0cf2, 0xb0ff, 0x0000, 0x0000, 0x0000, 
0x0000, 0xb0ff, 0xb0ff, 0x0cf2, 0xb0ff, 0xb0ff, 0x0000, 0x0000, 
0x0000, 0x0000, 0x0000, 0x0000, 0x0000, 0x0000, 0x0000, 0x0000, 
0x0000, 0x0000, 0x0000, 0xb0ff, 0x0cf2, 0x0cf2, 0xb0ff, 0x0000, 
0x0000, 0x0000, 0x0000, 0x0000, 0x0000, 0x0000, 0x0000, 0x0000, 
0x0000, 0x0000, 0x0000, 0x0000, 0x0000, 0x0000, 0x0000, 0x0000, 
0x0000, 0x0000, 0x0000, 0x0000, 0x0000, 0x0000, 0x0000, 0x0000, 
0x0000, 0x0000, 0x0000, 0x0000, 0x0000, 0x0000, 0x0000, 0x0000, 
0x0000, 0x0000, 0x0000, 0x0000, 0x0000, 0x0000, 0x0000, 0x0000, 
0x0000, 0x0000, 0x0000, 0x0000, 0x0000, 0x0000, 0x0000, 0x0000, 
0x0000, 0x0000, 0x0000, 0x0000, 0x0000, 0x0000, 0x0000, 0x0000, 
0x0000, 0x0000, 0x0000, 0x0000, 0x0000, 0x0000, 0x0000, 0x0000, 
0x0000, 0x0000, 0x0000, 0x0000, 0x0000, 0x0000, 0x0000, 0x0000, 
0x0000, 0x0000, 0x0000, 0x0000, 0x0000, 0x0000, 0x0000, 0x0000, 
0x0000, 0x0000, 0x0000, 0x0000, 0x0000, 0x0000, 0x0000, 0x0000, 
0x0000, 0x0000, 0x0000, 0x0000, 0x0000, 0x0000, 0xb0ff, 0xb0ff, 
0x0cf2, 0xb0ff, 0x0000, 0x0000, 0xb0ff, 0xb0ff, 0x0cf2, 0xb0ff, 
0x0000, 0x0000, 0x0000, 0x0000, 0x0000, 0x0000, 0x0000, 0x0000, 
0x0000, 0x0000, 0x0000, 0x0000, 0x0000, 0xb0ff, 0x0cf2, 0x0cf2, 
0xb0ff, 0x0000, 0x0000, 0x0000, 0x0000, 0x0000, 0x0000, 0x0000, 
0x0000, 0x0000, 0xb0ff, 0x0cf2, 0x0cf2, 0xb0ff, 0x0000, 0x0000, 
0x0000, 0x0000, 0x0000, 0x0000, 0x0000, 0x0000, 0x0000, 0x0000, 
0x0000, 0x0000, 0x0000, 0x0000, 0x0000, 0x0000, 0x0000, 0x0000, 
0x0000, 0x0000, 0x0000, 0x0000, 0x0000, 0x0000, 0xb0ff, 0x0cf2, 
0x0cf2, 0xb0ff, 0x0000, 0x0000, 0x0000, 0x0000, 0x0000, 0x0000, 
0x0000, 0x0000, 0x0000, 0xb0ff, 0x0cf2, 0x0cf2, 0xb0ff, 0x0000, 
0x0000, 0x0000, 0x0000, 0x0000, 0x0000, 0x0000, 0x0000, 0x0000, 
0xb0ff, 0x0cf2, 0x0cf2, 0xb0ff, 0x0000, 0x0000, 0x0000, 0x0000, 
0x0000, 0xb0ff, 0x0cf2, 0x0cf2, 0xb0ff, 0x0000, 0x0000, 0x0000, 
0x0000, 0x0000, 0xb0ff, 0xb0ff, 0x0cf2, 0xb0ff, 0xb0ff, 0x0000, 
0x0000, 0x0000, 0x0000, 0x0000, 0x0000, 0x0000, 0x0000, 0x0000, 
0x0000, 0x0000, 0x0000, 0xb0ff, 0x0cf2, 0x0cf2, 0xb0ff, 0x0000, 
0x0000, 0x0000, 0x0000, 0x0000, 0x0000, 0x0000, 0x0000, 0x0000, 
0x0000, 0x0000, 0x0000, 0x0000, 0x0000, 0x0000, 0x0000, 0x0000, 
0x0000, 0x0000, 0x0000, 0x0000, 0x0000, 0x0000, 0x0000, 0x0000, 
0x0000, 0x0000, 0x0000, 0x0000, 0x0000, 0x0000, 0x0000, 0x0000, 
0x0000, 0x0000, 0x0000, 0x0000, 0x0000, 0x0000, 0x0000, 0x0000, 
0x0000, 0x0000, 0x0000, 0x0000, 0x0000, 0x0000, 0x0000, 0x0000, 
0x0000, 0x0000, 0x0000, 0x0000, 0x0000, 0x0000, 0x0000, 0x0000, 
0x0000, 0x0000, 0x0000, 0x0000, 0x0000, 0x0000, 0x0000, 0x0000, 
0x0000, 0x0000, 0x0000, 0x0000, 0x0000, 0x0000, 0x0000, 0x0000, 
0x0000, 0x0000, 0x0000, 0x0000, 0x0000, 0x0000, 0x0000, 0x0000, 
0x0000, 0x0000, 0x0000, 0x0000, 0x0000, 0x0000, 0x0000, 0x0000, 
0x0000, 0x0000, 0x0000, 0x0000, 0x0000, 0x0000, 0x0000, 0xb0ff, 
0x0cf2, 0xb0ff, 0x0000, 0x0000, 0xb0ff, 0x0cf2, 0xb0ff, 0xb0ff, 
0x0000, 0x0000, 0x0000, 0x0000, 0x0000, 0x0000, 0x0000, 0x0000, 
0x0000, 0x0000, 0x0000, 0x0000, 0x0000, 0xb0ff, 0x0cf2, 0x0cf2, 
0xb0ff, 0x0000, 0x0000, 0x0000, 0x0000, 0x0000, 0x0000, 0x0000, 
0x0000, 0x0000, 0xb0ff, 0x0cf2, 0x0cf2, 0xb0ff, 0x0000, 0x0000, 
0x0000, 0x0000, 0x0000, 0x0000, 0x0000, 0x0000, 0x0000, 0x0000, 
0x0000, 0x0000, 0x0000, 0x0000, 0x0000, 0x0000, 0x0000, 0x0000, 
0x0000, 0x0000, 0x0000, 0x0000, 0x0000, 0x0000, 0xb0ff, 0x0cf2, 
0x0cf2, 0xb0ff, 0x0000, 0x0000, 0x0000, 0x0000, 0x0000, 0x0000, 
0x0000, 0x0000, 0x0000, 0xb0ff, 0x0cf2, 0x0cf2, 0xb0ff, 0x0000, 
0x0000, 0x0000, 0x0000, 0x0000, 0x0000, 0x0000, 0x0000, 0xb0ff, 
0xb0ff, 0x0cf2, 0xb0ff, 0xb0ff, 0x0000, 0x0000, 0x0000, 0x0000, 
0x0000, 0xb0ff, 0x0cf2, 0x0cf2, 0xb0ff, 0x0000, 0x0000, 0x0000, 
0x0000, 0x0000, 0x0000, 0xb0ff, 0x0cf2, 0x0cf2, 0xb0ff, 0x0000, 
0x0000, 0x0000, 0x0000, 0x0000, 0x0000, 0x0000, 0x0000, 0x0000, 
0x0000, 0x0000, 0x0000, 0xb0ff, 0x0cf2, 0x0cf2, 0xb0ff, 0x0000, 
0x0000, 0x0000, 0x0000, 0x0000, 0x0000, 0x0000, 0x0000, 0x0000, 
0x0000, 0x0000, 0x0000, 0x0000, 0x0000, 0x0000, 0x0000, 0x0000, 
0x0000, 0x0000, 0x0000, 0x0000, 0x0000, 0x0000, 0x0000, 0x0000, 
0x0000, 0x0000, 0x0000, 0x0000, 0x0000, 0x0000, 0x0000, 0x0000, 
0x0000, 0x0000, 0x0000, 0x0000, 0x0000, 0x0000, 0x0000, 0x0000, 
0x0000, 0x0000, 0x0000, 0x0000, 0x0000, 0x0000, 0x0000, 0x0000, 
0x0000, 0x0000, 0x0000, 0x0000, 0x0000, 0x0000, 0x0000, 0x0000, 
0x0000, 0x0000, 0x0000, 0x0000, 0x0000, 0x0000, 0x0000, 0x0000, 
0x0000, 0x0000, 0x0000, 0x0000, 0x0000, 0x0000, 0x0000, 0x0000, 
0x0000, 0x0000, 0x0000, 0x0000, 0x0000, 0x0000, 0x0000, 0x0000, 
0x0000, 0x0000, 0x0000, 0x0000, 0x0000, 0x0000, 0x0000, 0x0000, 
0x0000, 0x0000, 0x0000, 0x0000, 0x0000, 0x0000, 0x0000, 0xb0ff, 
0x0cf2, 0xb0ff, 0xb0ff, 0x0000, 0xb0ff, 0x0cf2, 0xb0ff, 0x0000, 
0x0000, 0x0000, 0x0000, 0x0000, 0x0000, 0x0000, 0x0000, 0x0000, 
0x0000, 0x0000, 0x0000, 0x0000, 0x0000, 0xb0ff, 0x0cf2, 0x0cf2, 
0xb0ff, 0x0000, 0x0000, 0x0000, 0x0000, 0x0000, 0x0000, 0x0000, 
0x0000, 0x0000, 0xb0ff, 0x0cf2, 0x0cf2, 0xb0ff, 0x0000, 0x0000, 
0x0000, 0x0000, 0x0000, 0x0000, 0x0000, 0x0000, 0x0000, 0x0000, 
0x0000, 0x0000, 0x0000, 0x0000, 0x0000, 0x0000, 0x0000, 0x0000, 
0x0000, 0x0000, 0x0000, 0x0000, 0x0000, 0x0000, 0xb0ff, 0x0cf2, 
0x0cf2, 0xb0ff, 0x0000, 0x0000, 0x0000, 0x0000, 0x0000, 0x0000, 
0x0000, 0x0000, 0x0000, 0xb0ff, 0x0cf2, 0x0cf2, 0xb0ff, 0x0000, 
0x0000, 0x0000, 0x0000, 0x0000, 0x0000, 0x0000, 0x0000, 0xb0ff, 
0x0cf2, 0x0cf2, 0xb0ff, 0x0000, 0x0000, 0x0000, 0x0000, 0x0000, 
0x0000, 0xb0ff, 0x0cf2, 0x0cf2, 0xb0ff, 0x0000, 0x0000, 0x0000, 
0x0000, 0x0000, 0x0000, 0xb0ff, 0xb0ff, 0x0cf2, 0xb0ff, 0xb0ff, 
0x0000, 0x0000, 0x0000, 0x0000, 0x0000, 0x0000, 0x0000, 0x0000, 
0x0000, 0x0000, 0x0000, 0xb0ff, 0x0cf2, 0x0cf2, 0xb0ff, 0x0000, 
0x0000, 0x0000, 0x0000, 0x0000, 0x0000, 0x0000, 0x0000, 0x0000, 
0x0000, 0x0000, 0x0000, 0x0000, 0x0000, 0x0000, 0x0000, 0xb0ff, 
0xb0ff, 0xb0ff, 0xb0ff, 0x0000, 0x0000, 0x0000, 0x0000, 0x0000, 
0x0000, 0x0000, 0x0000, 0x0000, 0x0000, 0x0000, 0x0000, 0x0000, 
0x0000, 0x0000, 0x0000, 0x0000, 0x0000, 0x0000, 0x0000, 0x0000, 
0x0000, 0x0000, 0x0000, 0x0000, 0x0000, 0x0000, 0x0000, 0x0000, 
0x0000, 0x0000, 0x0000, 0x0000, 0x0000, 0x0000, 0x0000, 0x0000, 
0x0000, 0x0000, 0x0000, 0x0000, 0x0000, 0x0000, 0x0000, 0x0000, 
0x0000, 0x0000, 0x0000, 0x0000, 0x0000, 0x0000, 0x0000, 0x0000, 
0x0000, 0x0000, 0x0000, 0x0000, 0x0000, 0x0000, 0x0000, 0x0000, 
0x0000, 0x0000, 0x0000, 0x0000, 0x0000, 0x0000, 0x0000, 0x0000, 
0x0000, 0x0000, 0x0000, 0x0000, 0x0000, 0x0000, 0x0000, 0xb0ff, 
0xb0ff, 0x0cf2, 0xb0ff, 0xb0ff, 0xb0ff, 0x0cf2, 0xb0ff, 0x0000, 
0x0000, 0x0000, 0x0000, 0x0000, 0x0000, 0x0000, 0x0000, 0x0000, 
0x0000, 0x0000, 0x0000, 0x0000, 0x0000, 0xb0ff, 0x0cf2, 0x0cf2, 
0xb0ff, 0x0000, 0x0000, 0x0000, 0x0000, 0x0000, 0x0000, 0x0000, 
0x0000, 0x0000, 0xb0ff, 0xb0ff, 0x0cf2, 0xb0ff, 0xb0ff, 0x0000, 
0x0000, 0x0000, 0x0000, 0x0000, 0x0000, 0x0000, 0x0000, 0x0000, 
0x0000, 0x0000, 0x0000, 0x0000, 0x0000, 0x0000, 0x0000, 0x0000, 
0x0000, 0x0000, 0x0000, 0x0000, 0x0000, 0x0000, 0xb0ff, 0x0cf2, 
0x0cf2, 0xb0ff, 0x0000, 0x0000, 0x0000, 0x0000, 0x0000, 0x0000, 
0x0000, 0x0000, 0x0000, 0xb0ff, 0xb0ff, 0x0cf2, 0xb0ff, 0xb0ff, 
0x0000, 0x0000, 0x0000, 0x0000, 0x0000, 0x0000, 0xb0ff, 0xb0ff, 
0x0cf2, 0x0cf2, 0xb0ff, 0x0000, 0x0000, 0x0000, 0x0000, 0x0000, 
0x0000, 0xb0ff, 0x0cf2, 0x0cf2, 0xb0ff, 0x0000, 0x0000, 0x0000, 
0x0000, 0x0000, 0x0000, 0x0000, 0xb0ff, 0xb0ff, 0x0cf2, 0xb0ff, 
0x0000, 0x0000, 0x0000, 0x0000, 0x0000, 0x0000, 0x0000, 0x0000, 
0x0000, 0x0000, 0x0000, 0xb0ff, 0x0cf2, 0x0cf2, 0xb0ff, 0x0000, 
0x0000, 0x0000, 0x0000, 0x0000, 0x0000, 0x0000, 0x0000, 0x0000, 
0x0000, 0x0000, 0x0000, 0x0000, 0x0000, 0x0000, 0x0000, 0xb0ff, 
0x0cf2, 0x0cf2, 0xb0ff, 0xb0ff, 0x0000, 0x0000, 0x0000, 0x0000, 
0x0000, 0x0000, 0x0000, 0x0000, 0x0000, 0x0000, 0x0000, 0x0000, 
0x0000, 0x0000, 0x0000, 0x0000, 0x0000, 0x0000, 0x0000, 0x0000, 
0x0000, 0x0000, 0x0000, 0x0000, 0x0000, 0x0000, 0x0000, 0x0000, 
0x0000, 0x0000, 0x0000, 0x0000, 0x0000, 0x0000, 0x0000, 0x0000, 
0x0000, 0x0000, 0x0000, 0x0000, 0x0000, 0x0000, 0x0000, 0x0000, 
0x0000, 0x0000, 0x0000, 0x0000, 0x0000, 0x0000, 0x0000, 0x0000, 
0x0000, 0x0000, 0x0000, 0x0000, 0x0000, 0x0000, 0x0000, 0x0000, 
0x0000, 0x0000, 0x0000, 0x0000, 0x0000, 0x0000, 0x0000, 0x0000, 
0x0000, 0x0000, 0x0000, 0x0000, 0x0000, 0x0000, 0x0000, 0x0000, 
0xb0ff, 0x0cf2, 0x0cf2, 0x0cf2, 0x0cf2, 0xb0ff, 0xb0ff, 0x0000, 
0x0000, 0x0000, 0x0000, 0x0000, 0x0000, 0x0000, 0x0000, 0x0000, 
0x0000, 0x0000, 0xb0ff, 0xb0ff, 0xb0ff, 0xb0ff, 0x0cf2, 0x0cf2, 
0xb0ff, 0xb0ff, 0xb0ff, 0xb0ff, 0x0000, 0x0000, 0x0000, 0x0000, 
0x0000, 0x0000, 0x0000, 0xb0ff, 0xb0ff, 0x0cf2, 0xb0ff, 0xb0ff, 
0xb0ff, 0xb0ff, 0xb0ff, 0xb0ff, 0xb0ff, 0xb0ff, 0xb0ff, 0xb0ff, 
0xb0ff, 0x0000, 0x0000, 0x0000, 0x0000, 0x0000, 0x0000, 0x0000, 
0x0000, 0x0000, 0x0000, 0x0000, 0x0000, 0x0000, 0xb0ff, 0x0cf2, 
0x0cf2, 0xb0ff, 0x0000, 0x0000, 0x0000, 0x0000, 0x0000, 0x0000, 
0x0000, 0x0000, 0x0000, 0x0000, 0xb0ff, 0x0cf2, 0x0cf2, 0xb0ff, 
0xb0ff, 0xb0ff, 0xb0ff, 0xb0ff, 0xb0ff, 0xb0ff, 0xb0ff, 0x0cf2, 
0x0cf2, 0xb0ff, 0xb0ff, 0x0000, 0x0000, 0x0000, 0x0000, 0x0000, 
0x0000, 0xb0ff, 0x0cf2, 0x0cf2, 0xb0ff, 0x0000, 0x0000, 0x0000, 
0x0000, 0x0000, 0x0000, 0x0000, 0x0000, 0xb0ff, 0x0cf2, 0xb0ff, 
0xb0ff, 0x0000, 0x0000, 0x0000, 0x0000, 0x0000, 0x0000, 0x0000, 
0x0000, 0x0000, 0x0000, 0xb0ff, 0x0cf2, 0x0cf2, 0xb0ff, 0x0000, 
0x0000, 0x0000, 0x0000, 0x0000, 0x0000, 0x0000, 0x0000, 0x0000, 
0x0000, 0x0000, 0x0000, 0x0000, 0x0000, 0x0000, 0xb0ff, 0xb0ff, 
0x0cf2, 0x0cf2, 0x0cf2, 0xb0ff, 0x0000, 0x0000, 0x0000, 0x0000, 
0x0000, 0x0000, 0x0000, 0x0000, 0x0000, 0x0000, 0x0000, 0x0000, 
0x0000, 0x0000, 0x0000, 0x0000, 0x0000, 0x0000, 0x0000, 0x0000, 
0x0000, 0x0000, 0x0000, 0x0000, 0x0000, 0x0000, 0x0000, 0x0000, 
0x0000, 0x0000, 0x0000, 0x0000, 0x0000, 0x0000, 0x0000, 0x0000, 
0x0000, 0x0000, 0x0000, 0x0000, 0x0000, 0x0000, 0x0000, 0x0000, 
0x0000, 0x0000, 0x0000, 0x0000, 0x0000, 0x0000, 0x0000, 0x0000, 
0x0000, 0x0000, 0x0000, 0x0000, 0x0000, 0x0000, 0x0000, 0x0000, 
0x0000, 0x0000, 0x0000, 0x0000, 0x0000, 0x0000, 0x0000, 0x0000, 
0x0000, 0x0000, 0x0000, 0x0000, 0x0000, 0x0000, 0x0000, 0x0000, 
0xb0ff, 0xb0ff, 0x0cf2, 0x0cf2, 0x0cf2, 0xb0ff, 0x0000, 0x0000, 
0x0000, 0x0000, 0x0000, 0x0000, 0x0000, 0x0000, 0x0000, 0x0000, 
0x0000, 0x0000, 0xb0ff, 0x0cf2, 0x0cf2, 0x0cf2, 0x0cf2, 0x0cf2, 
0x0cf2, 0x0cf2, 0x0cf2, 0xb0ff, 0x0000, 0x0000, 0x0000, 0x0000, 
0x0000, 0x0000, 0x0000, 0x0000, 0xb0ff, 0xb0ff, 0x0cf2, 0x0cf2, 
0x0cf2, 0x0cf2, 0x0cf2, 0x0cf2, 0x0cf2, 0x0cf2, 0x0cf2, 0x0cf2, 
0xb0ff, 0xb0ff, 0x0000, 0x0000, 0x0000, 0x0000, 0x0000, 0x0000, 
0x0000, 0x0000, 0x0000, 0x0000, 0x0000, 0x0000, 0xb0ff, 0x0cf2, 
0x0cf2, 0xb0ff, 0x0000, 0x0000, 0x0000, 0x0000, 0x0000, 0x0000, 
0x0000, 0x0000, 0x0000, 0x0000, 0xb0ff, 0xb0ff, 0xb0ff, 0x0cf2, 
0x0cf2, 0x0cf2, 0x0cf2, 0x0cf2, 0x0cf2, 0x0cf2, 0x0cf2, 0x0cf2, 
0xb0ff, 0xb0ff, 0x0000, 0x0000, 0x0000, 0x0000, 0x0000, 0x0000, 
0x0000, 0xb0ff, 0x0cf2, 0x0cf2, 0xb0ff, 0x0000, 0x0000, 0x0000, 
0x0000, 0x0000, 0x0000, 0x0000, 0x0000, 0xb0ff, 0x0cf2, 0x0cf2, 
0xb0ff, 0x0000, 0x0000, 0x0000, 0x0000, 0x0000, 0x0000, 0x0000, 
0x0000, 0x0000, 0x0000, 0xb0ff, 0x0cf2, 0x0cf2, 0xb0ff, 0x0000, 
0x0000, 0x0000, 0x0000, 0x0000, 0x0000, 0x0000, 0x0000, 0x0000, 
0x0000, 0x0000, 0x0000, 0x0000, 0x0000, 0x0000, 0xb0ff, 0xb0ff, 
0x0cf2, 0x0cf2, 0x0cf2, 0xb0ff, 0x0000, 0x0000, 0x0000, 0x0000, 
0x0000, 0x0000, 0x0000, 0x0000, 0x0000, 0x0000, 0x0000, 0x0000, 
0x0000, 0x0000, 0x0000, 0x0000, 0x0000, 0x0000, 0x0000, 0x0000, 
0x0000, 0x0000, 0x0000, 0x0000, 0x0000, 0x0000, 0x0000, 0x0000, 
0x0000, 0x0000, 0x0000, 0x0000, 0x0000, 0x0000, 0x0000, 0x0000, 
0x0000, 0x0000, 0x0000, 0x0000, 0x0000, 0x0000, 0x0000, 0x0000, 
0x0000, 0x0000, 0x0000, 0x0000, 0x0000, 0x0000, 0x0000, 0x0000, 
0x0000, 0x0000, 0x0000, 0x0000, 0x0000, 0x0000, 0x0000, 0x0000, 
0x0000, 0x0000, 0x0000, 0x0000, 0x0000, 0x0000, 0x0000, 0x0000, 
0x0000, 0x0000, 0x0000, 0x0000, 0x0000, 0x0000, 0x0000, 0x0000, 
0x0000, 0xb0ff, 0x0cf2, 0x0cf2, 0xb0ff, 0xb0ff, 0x0000, 0x0000, 
0x0000, 0x0000, 0x0000, 0x0000, 0x0000, 0x0000, 0x0000, 0x0000, 
0x0000, 0x0000, 0xb0ff, 0x0cf2, 0x0cf2, 0x0cf2, 0x0cf2, 0x0cf2, 
0x0cf2, 0x0cf2, 0x0cf2, 0xb0ff, 0x0000, 0x0000, 0x0000, 0x0000, 
0x0000, 0x0000, 0x0000, 0x0000, 0x0000, 0xb0ff, 0xb0ff, 0xb0ff, 
0x0cf2, 0x0cf2, 0x0cf2, 0x0cf2, 0x0cf2, 0x0cf2, 0xb0ff, 0xb0ff, 
0xb0ff, 0x0000, 0x0000, 0x0000, 0x0000, 0x0000, 0x0000, 0x0000, 
0x0000, 0x0000, 0x0000, 0x0000, 0x0000, 0x0000, 0xb0ff, 0x0cf2, 
0x0cf2, 0xb0ff, 0x0000, 0x0000, 0x0000, 0x0000, 0x0000, 0x0000, 
0x0000, 0x0000, 0x0000, 0x0000, 0x0000, 0x0000, 0xb0ff, 0xb0ff, 
0xb0ff, 0x0cf2, 0x0cf2, 0x0cf2, 0x0cf2, 0x0cf2, 0xb0ff, 0xb0ff, 
0xb0ff, 0x0000, 0x0000, 0x0000, 0x0000, 0x0000, 0x0000, 0x0000, 
0x0000, 0xb0ff, 0x0cf2, 0x0cf2, 0xb0ff, 0x0000, 0x0000, 0x0000, 
0x0000, 0x0000, 0x0000, 0x0000, 0x0000, 0xb0ff, 0xb0ff, 0x0cf2, 
0xb0ff, 0x0000, 0x0000, 0x0000, 0x0000, 0x0000, 0x0000, 0x0000, 
0x0000, 0x0000, 0x0000, 0xb0ff, 0x0cf2, 0x0cf2, 0xb0ff, 0x0000, 
0x0000, 0x0000, 0x0000, 0x0000, 0x0000, 0x0000, 0x0000, 0x0000, 
0x0000, 0x0000, 0x0000, 0x0000, 0x0000, 0x0000, 0x0000, 0xb0ff, 
0xb0ff, 0x0cf2, 0xb0ff, 0xb0ff, 0x0000, 0x0000, 0x0000, 0x0000, 
0x0000, 0x0000, 0x0000, 0x0000, 0x0000, 0x0000, 0x0000, 0x0000, 
0x0000, 0x0000, 0x0000, 0x0000, 0x0000, 0x0000, 0x0000, 0x0000, 
0x0000, 0x0000, 0x0000, 0x0000, 0x0000, 0x0000, 0x0000, 0x0000, 
0x0000, 0x0000, 0x0000, 0x0000, 0x0000, 0x0000, 0x0000, 0x0000, 
0x0000, 0x0000, 0x0000, 0x0000, 0x0000, 0x0000, 0x0000, 0x0000, 
0x0000, 0x0000, 0x0000, 0x0000, 0x0000, 0x0000, 0x0000, 0x0000, 
0x0000, 0x0000, 0x0000, 0x0000, 0x0000, 0x0000, 0x0000, 0x0000, 
0x0000, 0x0000, 0x0000, 0x0000, 0x0000, 0x0000, 0x0000, 0x0000, 
0x0000, 0x0000, 0x0000, 0x0000, 0x0000, 0x0000, 0x0000, 0x0000, 
0x0000, 0xb0ff, 0xb0ff, 0xb0ff, 0xb0ff, 0x0000, 0x0000, 0x0000, 
0x0000, 0x0000, 0x0000, 0x0000, 0x0000, 0x0000, 0x0000, 0x0000, 
0x0000, 0x0000, 0xb0ff, 0xb0ff, 0xb0ff, 0xb0ff, 0xb0ff, 0xb0ff, 
0xb0ff, 0xb0ff, 0xb0ff, 0xb0ff, 0x0000, 0x0000, 0x0000, 0x0000, 
0x0000, 0x0000, 0x0000, 0x0000, 0x0000, 0x0000, 0x0000, 0xb0ff, 
0xb0ff, 0xb0ff, 0xb0ff, 0xb0ff, 0xb0ff, 0xb0ff, 0xb0ff, 0x0000, 
0x0000, 0x0000, 0x0000, 0x0000, 0x0000, 0x0000, 0x0000, 0x0000, 
0x0000, 0x0000, 0x0000, 0x0000, 0x0000, 0x0000, 0xb0ff, 0xb0ff, 
0xb0ff, 0xb0ff, 0x0000, 0x0000, 0x0000, 0x0000, 0x0000, 0x0000, 
0x0000, 0x0000, 0x0000, 0x0000, 0x0000, 0x0000, 0x0000, 0x0000, 
0xb0ff, 0xb0ff, 0xb0ff, 0xb0ff, 0xb0ff, 0xb0ff, 0xb0ff, 0x0000, 
0x0000, 0x0000, 0x0000, 0x0000, 0x0000, 0x0000, 0x0000, 0x0000, 
0x0000, 0xb0ff, 0xb0ff, 0xb0ff, 0xb0ff, 0x0000, 0x0000, 0x0000, 
0x0000, 0x0000, 0x0000, 0x0000, 0x0000, 0x0000, 0xb0ff, 0xb0ff, 
0xb0ff, 0xb0ff, 0x0000, 0x0000, 0x0000, 0x0000, 0x0000, 0x0000, 
0x0000, 0x0000, 0x0000, 0xb0ff, 0xb0ff, 0xb0ff, 0xb0ff, 0x0000, 
0x0000, 0x0000, 0x0000, 0x0000, 0x0000, 0x0000, 0x0000, 0x0000, 
0x0000, 0x0000, 0x0000, 0x0000, 0x0000, 0x0000, 0x0000, 0x0000, 
0xb0ff, 0xb0ff, 0xb0ff, 0x0000, 0x0000, 0x0000, 0x0000, 0x0000, 
0x0000, 0x0000, 0x0000, 0x0000, 0x0000, 0x0000, 0x0000, 0x0000, 
0x0000, 0x0000, 0x0000, 0x0000, 0x0000, 0x0000, 0x0000, 0x0000, 
0x0000, 0x0000, 0x0000, 0x0000, 0x0000, 0x0000, 0x0000, 0x0000, 
0x0000, 0x0000, 0x0000, 0x0000, 0x0000, 0x0000, 0x0000, 0x0000, 
0x0000, 0x0000, 0x0000, 0x0000, 0x0000, 0x0000, 0x0000, 0x0000, 
0x0000, 0x0000, 0x0000, 0x0000, 0x0000, 0x0000, 0x0000, 0x0000, 
0x0000, 0x0000, 0x0000, 0x0000, 0x0000, 0x0000, 0x0000, 0x0000, 
0x0000, 0x0000, 0x0000, 0x0000, 0x0000, 0x0000, 0x0000, 0x0000, 
0x0000, 0x0000, 0x0000, 0x0000, 0x0000, 0x0000, 0x0000, 0x0000, 
0x0000, 0x0000, 0x0000, 0x0000, 0x0000, 0x0000, 0x0000, 0x0000, 
0x0000, 0x0000, 0x0000, 0x0000, 0x0000, 0x0000, 0x0000, 0x0000, 
0x0000, 0x0000, 0x0000, 0x0000, 0x0000, 0x0000, 0x0000, 0x0000, 
0x0000, 0x0000, 0x0000, 0x0000, 0x0000, 0x0000, 0x0000, 0x0000, 
0x0000, 0x0000, 0x0000, 0x0000, 0x0000, 0x0000, 0x0000, 0x0000, 
0x0000, 0x0000, 0x0000, 0x0000, 0x0000, 0x0000, 0x0000, 0x0000, 
0x0000, 0x0000, 0x0000, 0x0000, 0x0000, 0x0000, 0x0000, 0x0000, 
0x0000, 0x0000, 0x0000, 0x0000, 0x0000, 0x0000, 0x0000, 0x0000, 
0x0000, 0x0000, 0x0000, 0x0000, 0x0000, 0x0000, 0x0000, 0x0000, 
0x0000, 0x0000, 0x0000, 0x0000, 0x0000, 0x0000, 0x0000, 0x0000, 
0x0000, 0x0000, 0x0000, 0x0000, 0x0000, 0x0000, 0x0000, 0x0000, 
0x0000, 0x0000, 0x0000, 0x0000, 0x0000, 0x0000, 0x0000, 0x0000, 
0x0000, 0x0000, 0x0000, 0x0000, 0x0000, 0x0000, 0x0000, 0x0000, 
0x0000, 0x0000, 0x0000, 0x0000, 0x0000, 0x0000, 0x0000, 0x0000, 
0x0000, 0x0000, 0x0000, 0x0000, 0x0000, 0x0000, 0x0000, 0x0000, 
0x0000, 0x0000, 0x0000, 0x0000, 0x0000, 0x0000, 0x0000, 0x0000, 
0x0000, 0x0000, 0x0000, 0x0000, 0x0000, 0x0000, 0x0000, 0x0000, 
0x0000, 0x0000, 0x0000, 0x0000, 0x0000, 0x0000, 0x0000, 0x0000, 
0x0000, 0x0000, 0x0000, 0x0000, 0x0000, 0x0000, 0x0000, 0x0000, 
0x0000, 0x0000, 0x0000, 0x0000, 0x0000, 0x0000, 0x0000, 0x0000, 
0x0000, 0x0000, 0x0000, 0x0000, 0x0000, 0x0000, 0x0000, 0x0000, 
0x0000, 0x0000, 0x0000, 0x0000, 0x0000, 0x0000, 0x0000, 0x0000, 
0x0000, 0x0000, 0x0000, 0x0000, 0x0000, 0x0000, 0x0000, 0x0000, 
0x0000, 0x0000, 0x0000, 0x0000, 0x0000, 0x0000, 0x0000, 0x0000, 
0x0000, 0x0000, 0x0000, 0x0000, 0x0000, 0x0000, 0x0000, 0x0000, 
0x0000, 0x0000, 0x0000, 0x0000, 0x0000, 0x0000, 0x0000, 0x0000, 
0x0000, 0x0000, 0x0000, 0x0000, 0x0000, 0x0000, 0x0000, 0x0000, 
0x0000, 0x0000, 0x0000, 0x0000, 0x0000, 0x0000, 0x0000, 0x0000, 
0x0000, 0x0000, 0x0000, 0x0000, 0x0000, 0x0000, 0x0000, 0x0000, 
0x0000, 0x0000, 0x0000, 0x0000, 0x0000, 0x0000, 0x0000, 0x0000, 
0x0000, 0x0000, 0x0000, 0x0000, 0x0000, 0x0000, 0x0000, 0x0000, 
0x0000, 0x0000, 0x0000, 0x0000, 0x0000, 0x0000, 0x0000, 0x0000, 
0x0000, 0x0000, 0x0000, 0x0000, 0x0000, 0x0000, 0x0000, 0x0000, 
0x0000, 0x0000, 0x0000, 0x0000, 0x0000, 0x0000, 0x0000, 0x0000, 
0x0000, 0x0000, 0x0000, 0x0000, 0x0000, 0x0000, 0x0000, 0x0000, 
0x0000, 0x0000, 0x0000, 0x0000, 0x0000, 0x0000, 0x0000, 0x0000, 
0x0000, 0x0000, 0x0000, 0x0000, 0x0000, 0x0000, 0x0000, 0x0000, 
0x0000, 0x0000, 0x0000, 0x0000, 0x0000, 0x0000, 0x0000, 0x0000, 
0x0000, 0x0000, 0x0000, 0x0000, 0x0000, 0x0000, 0x0000, 0x0000, 
0x0000, 0x0000, 0x0000, 0x0000, 0x0000, 0x0000, 0x0000, 0x0000, 
0x0000, 0x0000, 0x0000, 0x0000, 0x0000, 0x0000, 0x0000, 0x0000, 
0x0000, 0x0000, 0x0000, 0x0000, 0x0000, 0x0000, 0x0000, 0x0000, 
0x0000, 0x0000, 0x0000, 0x0000, 0x0000, 0x0000, 0x0000, 0x0000, 
0x0000, 0x0000, 0x0000, 0x0000, 0x0000, 0x0000, 0x0000, 0x0000, 
0x0000, 0x0000, 0x0000, 0x0000, 0x0000, 0x0000, 0x0000, 0x0000, 
0x0000, 0x0000, 0x0000, 0x0000, 0x0000, 0x0000, 0x0000, 0x0000, 
0x0000, 0x0000, 0x0000, 0x0000, 0x0000, 0x0000, 0x0000, 0x0000, 
0x0000, 0x0000, 0x0000, 0x0000, 0x0000, 0x0000, 0x0000, 0x0000, 
0x0000, 0x0000, 0x0000, 0x0000, 0x0000, 0x0000, 0x0000, 0x0000, 
0x0000, 0x0000, 0x0000, 0x0000, 0x0000, 0x0000, 0x0000, 0x0000, 
0x0000, 0x0000, 0x0000, 0x0000, 0x0000, 0x0000, 0x0000, 0x0000, 
0x0000, 0x0000, 0x0000, 0x0000, 0x0000, 0x0000, 0x0000, 0x0000, 
0x0000, 0x0000, 0x0000, 0x0000, 0x0000, 0x0000, 0x0000, 0x0000, 
0x0000, 0x0000, 0x0000, 0x0000, 0x0000, 0x0000, 0x0000, 0x0000, 
0x0000, 0x0000, 0x0000, 0x0000, 0x0000, 0x0000, 0x0000, 0x0000, 
0x0000, 0x0000, 0x0000, 0x0000, 0x0000, 0x0000, 0x0000, 0x0000, 
0x0000, 0x0000, 0x0000, 0x0000, 0x0000, 0x0000, 0x0000, 0x0000, 
0x0000, 0x0000, 0x0000, 0x0000, 0x0000, 0x0000, 0x0000, 0x0000, 
0x0000, 0x0000, 0x0000, 0x0000, 0x0000, 0x0000, 0x0000, 0x0000, 
0x0000, 0x0000, 0x0000, 0x0000, 0x0000, 0x0000, 0x0000, 0x0000, 
0x0000, 0x0000, 0x0000, 0x0000, 0x0000, 0x0000, 0x0000, 0x0000, 
0x0000, 0x0000, 0x0000, 0x0000, 0x0000, 0x0000, 0x0000, 0x0000, 
0x0000, 0x0000, 0x0000, 0x0000, 0x0000, 0x0000, 0x0000, 0x0000, 
0x0000, 0x0000, 0x0000, 0x0000, 0x0000, 0x0000, 0x0000, 0x0000, 
0x0000, 0x0000, 0x0000, 0x0000, 0x0000, 0x0000, 0x0000, 0x0000, 
0x0000, 0x0000, 0x0000, 0x0000, 0x0000, 0x0000, 0x0000, 0x0000, 
0x0000, 0x0000, 0x0000, 0x0000, 0x0000, 0x0000, 0x0000, 0x0000, 
0x0000, 0x0000, 0x0000, 0x0000, 0x0000, 0x0000, 0x0000, 0x0000, 
0x0000, 0x0000, 0x0000, 0x0000, 0x0000, 0x0000, 0x0000, 0x0000, 
0x0000, 0x0000, 0x0000, 0x0000, 0x0000, 0x0000, 0x0000, 0x0000, 
0x0000, 0x0000, 0x0000, 0x0000, 0x0000, 0x0000, 0x0000, 0x0000, 
0x0000, 0x0000, 0x0000, 0x0000, 0x0000, 0x0000, 0x0000, 0x0000, 
0x0000, 0x0000, 0x0000, 0x0000, 0x0000, 0x0000, 0x0000, 0x0000, 
0x0000, 0x0000, 0x0000, 0x0000, 0x0000, 0x0000, 0x0000, 0x0000, 
0x0000, 0x0000, 0x0000, 0x0000, 0x0000, 0x0000, 0x0000, 0x0000, 
0x0000, 0x0000, 0x0000, 0x0000, 0x0000, 0x0000, 0x0000, 0x0000, 
0x0000, 0x0000, 0x0000, 0x0000, 0x0000, 0x0000, 0x0000, 0x0000, 
0x0000, 0x0000, 0x0000, 0x0000, 0x0000, 0x0000, 0x0000, 0x0000, 
0x0000, 0x0000, 0x0000, 0x0000, 0x0000, 0x0000, 0x0000, 0x0000, 
0x0000, 0x0000, 0x0000, 0x0000, 0x0000, 0x0000, 0x0000, 0x0000, 
0x0000, 0x0000, 0x0000, 0x0000, 0x0000, 0x0000, 0x0000, 0x0000, 
0x0000, 0x0000, 0x0000, 0x0000, 0x0000, 0x0000, 0x0000, 0x0000, 
0x0000, 0x0000, 0x0000, 0x0000, 0x0000, 0x0000, 0x0000, 0x0000, 
0x0000, 0x0000, 0x0000, 0x0000, 0x0000, 0x0000, 0x0000, 0x0000, 
0x0000, 0x0000, 0x0000, 0x0000, 0x0000, 0x0000, 0x0000, 0x0000, 
0x0000, 0x0000, 0x0000, 0x0000, 0x0000, 0x0000, 0x0000, 0x0000, 
0x0000, 0x0000, 0x0000, 0x0000, 0x0000, 0x0000, 0x0000, 0x0000, 
0x0000, 0x0000, 0x0000, 0x0000, 0x0000, 0x0000, 0x0000, 0x0000, 
0x0000, 0x0000, 0x0000, 0x0000, 0x0000, 0x0000, 0x0000, 0x0000, 
0x0000, 0x0000, 0x0000, 0x0000, 0x0000, 0x0000, 0x0000, 0x0000, 
0x0000, 0x0000, 0x0000, 0x0000, 0x0000, 0x0000, 0x0000, 0x0000, 
0x0000, 0x0000, 0x0000, 0x0000, 0x0000, 0x0000, 0x0000, 0x0000, 
0x0000, 0x0000, 0x0000, 0x0000, 0x0000, 0x0000, 0x0000, 0x0000, 
0x0000, 0x0000, 0x0000, 0x0000, 0x0000, 0x0000, 0x0000, 0x0000, 
0x0000, 0x0000, 0x0000, 0x0000, 0x0000, 0x0000, 0x0000, 0x0000, 
0x0000, 0x0000, 0x0000, 0x0000, 0x0000, 0x0000, 0x0000, 0x0000, 
0x0000, 0x0000, 0x0000, 0x0000, 0x0000, 0x0000, 0x0000, 0x0000, 
0x0000, 0x0000, 0x0000, 0x0000, 0x0000, 0x0000, 0x0000, 0x0000, 
0x0000, 0x0000, 0x0000, 0x0000, 0x0000, 0x0000, 0x0000, 0x0000, 
0x0000, 0x0000, 0x0000, 0x0000, 0x0000, 0x0000, 0x0000, 0x0000, 
0x0000, 0x0000, 0x0000, 0x0000, 0x0000, 0x0000, 0x0000, 0x0000, 
0x0000, 0x0000, 0x0000, 0x0000, 0x0000, 0x0000, 0x0000, 0x0000, 
0x0000, 0x0000, 0x0000, 0x0000, 0x0000, 0x0000, 0x0000, 0x0000, 
0x0000, 0x0000, 0x0000, 0x0000, 0x0000, 0x0000, 0x0000, 0x0000, 
0x0000, 0x0000, 0x0000, 0x0000, 0x0000, 0x0000, 0x0000, 0x0000, 
0x0000, 0x0000, 0x0000, 0x0000, 0x0000, 0x0000, 0x0000, 0x0000, 
0x0000, 0x0000, 0x0000, 0x0000, 0x0000, 0x0000, 0x0000, 0x0000, 
0x0000, 0x0000, 0x0000, 0x0000, 0x0000, 0x0000, 0x0000, 0x0000, 
0x0000, 0x0000, 0x0000, 0x0000, 0x0000, 0x0000, 0x0000, 0x0000, 
0x0000, 0x0000, 0x0000, 0x0000, 0x0000, 0x0000, 0x0000, 0x0000, 
0x0000, 0x0000, 0x0000, 0x0000, 0x0000, 0x0000, 0x0000, 0x0000, 

};
picosystem::buffer_t spritesheet_buffer{.w = 224, .h = 336, .data = (picosystem::color_t *)spritesheet_data};
